name	clade	group
jaNemVect1_chr_8_001056.1	Invertebrates	CENPA
ibEctPall_ENA|OZ060426|OZ060426.1_002102.1	Invertebrates	CENPA
ieCloDipt_ENA|OX451259|OX451259.1_003690.1	Invertebrates	CENPA
ieProBifi_ENA|OZ259029|OZ259029.1_000982.1	Invertebrates	CENPA
ieEcdTorr_ENA|OX439129|OX439129.1_002001.1	Invertebrates	H3
ieSipAlte_ENA|OX463780|OX463780.1_001724.1	Invertebrates	CENPA
ieSipAlte_ENA|OX463781|OX463781.1_002064.1	Invertebrates	CENPA
kaAplTurb1_chr_15_000177.1	Invertebrates	CENPA
icOcyOlen1_chr_6_000584.1	Invertebrates	CENPA
icNicInve_ENA|OY735145|OY735145.1_000124.1	Invertebrates	CENPA
icNicInve_ENA|OY735145|OY735145.1_001118.1	Invertebrates	CENPA
icSilAtra2_chr_5_001094.1	Invertebrates	CENPA
icSilAtra2_chr_5_001090.1	Invertebrates	CENPA
icSilAtra2_chr_5_001095.1	Invertebrates	CENPA
icSilAtra2_chr_5_001091.1	Invertebrates	CENPA
icMalBipu1_chr_7_001980.1	Invertebrates	CENPA
icQueLate_ENA|OZ202138|OZ202138.1_000095.1	Invertebrates	CENPA
icQueLate_ENA|OZ202138|OZ202138.1_000096.1	Invertebrates	CENPA
icPhiCogn1_chr_2_000231.1	Invertebrates	CENPA
icApoCory1_chr_13_000947.1	Invertebrates	CENPA
icApoCory1_chr_3_000392.1	Invertebrates	CENPA
icApoCory1_scf_70_000004.1	Invertebrates	CENPA
icApoCory1_chr_16_000686.1	Invertebrates	CENPA
icNebBrev1_chr_X_000480.1	Invertebrates	CENPA
icNebSali1_chr_X_001400.1	Invertebrates	CENPA
idBomDisc1_chr_5_001452.1	Invertebrates	CENPA
idBomDisc1_chr_3_001611.1	Invertebrates	CENPA
idNepFlae1_chr_2_002454.1	Invertebrates	CENPA
idNepFlae1_chr_2_002456.1	Invertebrates	CENPA
idBibMarc1_chr_1_003965.1	Invertebrates	CENPA
idAcrOrbc_ENA|OX375757|OX375757.1_003946.1	Invertebrates	CENPA
idAthIbis_ENA|OY282608|OY282608.2_000202.1	Invertebrates	CENPA
idAntAnth_ENA|OZ020117|OZ020117.1_000057.1	Invertebrates	CENPA
idAntAnth_ENA|OZ020118|OZ020118.1_000838.1	Invertebrates	CENPA
idEpiSucc1_chr_1_000420.1	Invertebrates	CENPA
idPolAmen1_chr_3_001301.1	Invertebrates	CENPA
idPolAmen1_chr_5_003564.1	Invertebrates	CENPA
idBelPand1_chr_4_000362.1	Invertebrates	CENPA
idProAzur1_chr_5_001012.1	Invertebrates	CENPA
idProAzur1_chr_5_002429.1	Invertebrates	CENPA
idMelRora_ENA|OY757189|OY757189.1_001146.1	Invertebrates	CENPA
idStoLuna1_chr_3_001452.1	Invertebrates	CENPA
idPhyMeln1_chr_3_003265.1	Invertebrates	CENPA
idHydCyrt_ENA|OY282513|OY282513.1_000785.1	Invertebrates	CENPA
idMacAtri3_chr_3_000129.1	Invertebrates	CENPA
idPamGerm_ENA|OZ271770|OZ271770.1_002373.1	Invertebrates	CENPA
idSyrPipi1_chr_1_005668.1	Invertebrates	CENPA
idSphTaen1_chr_1_003521.1	Invertebrates	CENPA
idSphTaen1_chr_1_004640.1	Invertebrates	CENPA
idSphTaen1_chr_3_003127.1	Invertebrates	CENPA
idPheCory1_chr_3_002281.1	Invertebrates	CENPA
idCluTigr1_chr_3_002555.1	Invertebrates	CENPA
idPheCory1_chr_4_004047.1	Invertebrates	CENPA
idSicFerr1_chr_X_001254.1	Invertebrates	CENPA
idCluTigr1_chr_1_005434.1	Invertebrates	CENPA
idHydCyrt_ENA|OY282516|OY282516.1_003117.1	Invertebrates	CENPA
idGymRotn1_chr_4_000249.1	Invertebrates	CENPA
idStoLuna1_chr_5_001561.1	Invertebrates	CENPA
idTacFera2_chr_5_003539.1	Invertebrates	CENPA
idSarRose1_chr_5_000019.1	Invertebrates	CENPA
idPhyMeln1_chr_5_000338.1	Invertebrates	CENPA
idMelRora_ENA|OY757191|OY757191.1_002937.1	Invertebrates	CENPA
idBelPand1_chr_5_001847.1	Invertebrates	CENPA
idProAzur1_chr_3_003119.1	Invertebrates	CENPA
ipLeuNigr2_chr_4_001830.1	Invertebrates	CENPA
icAgrMuri1_chr_1_001435.1	Invertebrates	CENPA
icAgrMuri1_chr_X_001432.1	Invertebrates	CENPA
icRhaFulv1_chr_4_001423.1	Invertebrates	CENPA
icCanRust1_chr_5_001214.1	Invertebrates	CENPA
icPodAlpi1_chr_4_001967.1	Invertebrates	CENPA
icAgrCyan_ENA|OX376705|OX376705.1_000328.1	Invertebrates	CENPA
icCetAura_ENA|OX421884|OX421884.1_001655.1	Invertebrates	CENPA
icMelMelo1_chunk1_chr_2_007509.1	Invertebrates	CENPA
icMelMelo1_chunk1_chr_2_002670.1	Invertebrates	CENPA
icMelMelo1_chunk1_chr_2_000315.1	Invertebrates	CENPA
icCocSept1_chr_5_001216.1	Invertebrates	CENPA
icHarAxyr1_chr_5_000796.1	Invertebrates	CENPA
icAgoFuli_ENA|OX384032|OX384032.1_000698.1	Invertebrates	CENPA
icOphArdo1_chr_15_000012.1	Invertebrates	CENPA
icOphArdo1_chr_9_001253.1	Invertebrates	CENPA
icOphArdo1_chr_12_001024.1	Invertebrates	CENPA
icPteMadi1_chr_5_000656.1	Invertebrates	CENPA
icCarProb_ENA|OY728582|OY728582.1_000098.1	Invertebrates	CENPA
icNebBrev1_chr_10_000503.1	Invertebrates	CENPA
icNebSali1_chr_9_000388.1	Invertebrates	CENPA
icLeiSpin1_chr_3_000647.1	Invertebrates	CENPA
icNebBrev1_chr_12_000214.1	Invertebrates	CENPA
icNebSali1_chr_18_000201.1	Invertebrates	CENPA
icNebBrev1_chr_6_000281.1	Invertebrates	CENPA
icNebBrev1_chr_6_000513.1	Invertebrates	CENPA
iyAthRosa1_chr_2_002289.1	Invertebrates	CENPA
iyLasVill_ENA|OZ020497|OZ020497.1_000536.1	Invertebrates	CENPA
iyAncNigr1_rescue8	Invertebrates	CENPA
iyAbiCand_ENA|OZ125712|OZ125712.1_000871.1	Invertebrates	CENPA
iyMacAlbo_ENA|OX451212|OX451212.1_000425.1	Invertebrates	CENPA
iyRhoChlo1_chr_4_000722.1	Invertebrates	CENPA
iyTipFemo1_chr_5_000920.1	Invertebrates	CENPA
iyAnoNige1_chr_7_000861.1	Invertebrates	CENPA
iyPriPert_ENA|OZ012653|OZ012653.1_000800.1	Invertebrates	CENPA
iyOphLute1_chr_2_000535.1	Invertebrates	CENPA
iyBuaLabo1_chr_5_000387.1	Invertebrates	CENPA
iyAmbArma2_chr_12_000278.1	Invertebrates	CENPA
iyVulBima_ENA|OZ249107|OZ249107.1_000472.1	Invertebrates	CENPA
iyEctCont1_chr_7_000268.1	Invertebrates	CENPA
iyMimDahl1_chr_13_000168.1	Invertebrates	CENPA
iyNysSpin1_chr_14_000228.1	Invertebrates	CENPA
iyCerRyby1_chr_6_000352.1	Invertebrates	CENPA
iyPemLugu_ENA|OW121818|OW121818.1_000487.1	Invertebrates	CENPA
iyMacEuro1_chr_9_000238.1	Invertebrates	CENPA
iyAndDors1_rescue9	Invertebrates	CENPA
iyNomFabr1_chr_2_000082.1	Invertebrates	CENPA
iyBomHypn1_chr_11_000788.1	Invertebrates	CENPA
iyCoeConi_ENA|OX392454|OX392454.1_000765.1	Invertebrates	CENPA
iyStePhae1_chr_4_000572.1	Invertebrates	CENPA
xgBioGlab47_SUPER_9_000930.1	Invertebrates	CENPA
tzCryPall5_rescue11	Invertebrates	CENPA
tzCryPall5_rescue12	Invertebrates	CENPA
gyLeoLubr_ENA|OZ251269|OZ251269.1_001509.1	Fungi	CENPA
grLepFlav_ENA|OY756934|OY756934.1_000276.1	Fungi	CENPA
grSimLame_ENA|OZ124170|OZ124170.1_001450.1	Fungi	CENPA
grTriPseu1_chr_1_001731.1	Fungi	CENPA
gdRhiKalk_ENA|OZ066571|OZ066571.1_000618.1	Fungi	CENPA
glUmbDeus_ENA|OZ203553|OZ203553.1_000040.1	Fungi	CENPA
gpAraPeru_ENA|OX453235|OX453235.1_001116.1	Fungi	CENPA
glFlaMari_ENA|OZ245344|OZ245344.1_000366.1	Fungi	CENPA
glRamSili_ENA|OZ244601|OZ244601.1_000145.1	Fungi	CENPA
glClaSqua_ENA|OX392377|OX392377.1_000406.1	Fungi	CENPA
glPlaGlau_ENA|OY745767|OY745767.1_000113.1	Fungi	CENPA
gfTauPull_ENA|OX637621|OX637621.1_000414.1	Fungi	CENPA
gfFlaVelt_ENA|OX246725|OX246725.2_000559.1	Fungi	CENPA
gzEntParv_ENA|OY752141|OY752141.1_001087.1	Fungi	CENPA
gfClaFumo_ENA|OX637797|OX637797.1_001227.1	Fungi	CENPA
gfAurGent_ENA|OZ219433|OZ219433.1_000391.1	Fungi	CENPA
gfButSuba_ENA|OZ171983|OZ171983.1_000285.1	Fungi	CENPA
gfPhaAlbo_ENA|OZ244511|OZ244511.1_001311.1	Fungi	CENPA
gfRamCorn_ENA|OZ204861|OZ204861.1_000494.1	Fungi	CENPA
gfCorTriu_ENA|OZ254914|OZ254914.1_001427.1	Fungi	CENPA
gfCopMica_ENA|OX596337|OX596337.1_000468.1	Fungi	CENPA
gfHygPuni_ENA|OY744464|OY744464.1_000972.1	Fungi	CENPA
gfGliIrri_ENA|OZ209112|OZ209112.1_000922.1	Fungi	CENPA
gfPorCaly_ENA|OX621163|OX621163.1_001385.1	Fungi	CENPA
gfPleOstr1_SUPER_4_000490.1	Fungi	CENPA
gfSpaMino_ENA|OZ241197|OZ241197.1_000468.1	Fungi	CENPA
gfLaeSulp1_chr_3_001113.1	Fungi	CENPA
gfBolQuer_ENA|OZ037959|OZ037959.1_000523.1	Fungi	CENPA
gfGanResi_ENA|OZ026793|OZ026793.1_000441.1	Fungi	CENPA
gfHerErin_ENA|OZ255410|OZ255410.1_001154.1	Fungi	CENPA
gfLacBlen_ENA|OZ173892|OZ173892.1_001889.1	Fungi	CENPA
gfRusVesc_ENA|OZ222408|OZ222408.1_000501.1	Fungi	CENPA
gfVolSurr_ENA|OX637785|OX637785.1_000318.1	Fungi	CENPA
gfLepSord_ENA|OZ173907|OZ173907.1_000405.1	Fungi	CENPA
gfTriHemi_ENA|OZ035929|OZ035929.1_004158.1	Fungi	CENPA
gfEntClyp_ENA|OY751494|OY751494.2_001237.1	Fungi	CENPA
gfPanStip_ENA|OZ234881|OZ234881.1_000994.1	Fungi	CENPA
xbLimFort5_chr_4_003510.1	Invertebrates	CENPA
gfAmaRube_ENA|OZ253841|OZ253841.1_000338.1	Fungi	CENPA
gfAgrPrae_ENA|OZ024843|OZ024843.1_000498.1	Fungi	CENPA
gfInoObsi1_rescue1	Fungi	CENPA
gfChlBrun_ENA|OY756142|OY756142.1_001179.1	Fungi	CENPA
gfAgaBisp1_chr_3_000443.1	Fungi	CENPA
tzMemMemb1_chr_1_002492.1	Invertebrates	H3
tzBugStol2_rescue20	Invertebrates	CENPA
wcLumRube1_rescue16	Invertebrates	CENPA
eaMarGlac1_chr_14_000878.1	Invertebrates	CENPA
gsMetZobe1_chr_4_000357.1	Fungi	CENPA
xgPatPell1_rescue15	Invertebrates	CENPA
wpAliVire1_chr_14_000549.1	Invertebrates	CENPA
wpLepClav1_chr_16_000255.1	Invertebrates	CENPA
wpSthLimi1_chr_4_002033.1	Invertebrates	CENPA
tnLinLong1_chr_17_000931.1	Invertebrates	CENPA
xgPhoLine1_chr_17_001777.1	Invertebrates	CENPA
fAloSap1_chr_21_000805.1	Vertebrates	CENPA
fDanRer4_rescue15	Vertebrates	CENPA
fBarBab1_chr_19_000038.1	Vertebrates	CENPA
fBarBab1_chr_27_000024.1	Vertebrates	CENPA
fPanHyp1_SUPER_9_001017.1	Vertebrates	CENPA
fTauBub2_chr_19_000903.1	Vertebrates	CENPA
fToxJac2_chr_16_000986.1	Vertebrates	CENPA
fThuAlb1_chr_19_000629.1	Vertebrates	CENPA
fThuMac1_chr_15_000097.1	Vertebrates	CENPA
fTelBon1_chr_17_000483.1	Vertebrates	CENPA
fTraTra1_chr_12_000542.1	Vertebrates	CENPA
fPhoGun1_chr_18_000926.1	Vertebrates	CENPA
xbGarTell2_chr_18_000052.1	Invertebrates	CENPA
fAciRut3_chr_38_000217.1	Vertebrates	CENPA
fAciRut3_chr_41_000200.1	Vertebrates	CENPA
mCanLor1_chr_17_000422.1	Vertebrates	CENPA
mEleMax1_chunk3_chr_12_000096.1	Vertebrates	CENPA
mLemCat1_chr_4_000064.1	Vertebrates	CENPA
mCerEla1_chunk1_chr_11_000215.1	Vertebrates	CENPA
mOrcOrc1_chunk2_chr_13_000413.1	Vertebrates	CENPA
mMelMel3_chunk3_chr_15_000067.1	Vertebrates	CENPA
mDicBic1_chunk2_chr_12_000342.1	Vertebrates	CENPA
mDicBic1_chunk_2_chr_12_000342.1	Vertebrates	CENPA
rVipLat1_chr_2_003261.1	Vertebrates	CENPA
bGalGal1_rescue20	Vertebrates	CENPA
bGalGal1_GRCg7b_chr_16_000087.1	Vertebrates	CENPA
bGalGal1_rescue6	Vertebrates	CENPA
bTaeGut1_chr_30_000077.1	Vertebrates	CENPA
bTaeGut1_chr_30_000089.1	Vertebrates	CENPA
bAccGen1_chr_36_000029.1	Vertebrates	CENPA
bTaeGut1_chr_W_000142.1	Vertebrates	CENPA
bCorHaw1_chr_37_000002.1	Vertebrates	CENPA
bPorHoc1_chr_31_000033.1	Vertebrates	CENPA
drHedHeli1_SUPER_9_001915.1	Viridiplantae	CENPA
ucDunPrim2_chr_9_000632.1	Viridiplantae	CENPA
cjHerHutc3_rescue15	Viridiplantae	CENPA
cmLunCruc20_rescue8	Viridiplantae	CENPA
ucMarCocc_ENA|OY978102|OY978102.1_000133.1	Viridiplantae	CENPA
ucPycProv1_rescue20	Viridiplantae	CENPA
ucPycProv1_rescue7	Viridiplantae	CENPA
ucPycProv1_rescue10	Viridiplantae	CENPA
ucPycProv1_rescue18	Viridiplantae	CENPA
ucPycProv1_rescue17	Viridiplantae	CENPA
ucPycProv1_rescue14	Viridiplantae	CENPA
ucPycProv1_rescue12	Viridiplantae	CENPA
ucPycProv1_rescue19	Viridiplantae	CENPA
csSphGirg_ENA|OZ244420|OZ244420.1_000789.1	Viridiplantae	CENPA
caAndHook_ENA|OZ246429|OZ246429.1_000197.1	Viridiplantae	CENPA
cbPolSexa_ENA|OZ222685|OZ222685.1_001054.1	Viridiplantae	CENPA
cbPolSexa_ENA|OZ222686|OZ222686.1_001111.1	Viridiplantae	CENPA
cbRhyLore1_SUPER_3_003020.1	Viridiplantae	CENPA
cbRhyConf_ENA|OZ259494|OZ259494.1_000729.1	Viridiplantae	CENPA
cbCalCord2_ENA|OZ209173|OZ209173.1_000634.1	Viridiplantae	CENPA
cbIsoPulc3_ENA|OZ210568|OZ210568.1_000797.1	Viridiplantae	CENPA
cbHylTriq_ENA|OZ249204|OZ249204.1_001870.1	Viridiplantae	CENPA
cbCalCord2_ENA|OZ209170|OZ209170.1_000696.1	Viridiplantae	CENPA
cbIsoPulc3_ENA|OZ210567|OZ210567.1_000808.1	Viridiplantae	CENPA
cbThuTama2_SUPER_8_000860.1	Viridiplantae	CENPA
cbThuTama2_SUPER_3_000079.1	Viridiplantae	CENPA
cbIsoPulc3_ENA|OZ210566|OZ210566.1_001820.1	Viridiplantae	CENPA
cbIsoPulc3_ENA|OZ210564|OZ210564.1_001813.1	Viridiplantae	CENPA
cbRhyConf_ENA|OZ259491|OZ259491.1_000841.1	Viridiplantae	CENPA
cbCalCord2_ENA|OZ209165|OZ209165.1_000787.1	Viridiplantae	CENPA
cbCalCord2_ENA|OZ209167|OZ209167.1_000760.1	Viridiplantae	CENPA
cbHylTriq_ENA|OZ249201|OZ249201.1_003282.1	Viridiplantae	CENPA
cbRhyLore1_SUPER_3_001400.1	Viridiplantae	CENPA
laLemMinu1_ENA|OZ204783|OZ204783.1_000776.1	Viridiplantae	CENPA
dcPolAvic1_chr_7_002442.1	Viridiplantae	CENPA
dcPolAvic1_chr_6_001888.1	Viridiplantae	CENPA
dcPolAvic1_chr_9_001133.1	Viridiplantae	CENPA
laAliPlan1_ENA_OY856409__000374.1	Viridiplantae	CENPA
laApoDist1_Chr3_000391.1	Viridiplantae	CENPA
laPotNata_ENA|OZ242055|OZ242055.1_001789.1	Viridiplantae	CENPA
laPotNata_ENA|OZ242056|OZ242056.1_002267.1	Viridiplantae	CENPA
daTanVulg1_GCA_964264315_chr_Chr9_009480.1	Viridiplantae	CENPA
daTanVulg1_GCA_964264315_chr_Chr8_000942.1	Viridiplantae	CENPA
daArcMinu1_SUPER_4_003289.1	Viridiplantae	CENPA
daPulDyse1_SUPER_8_000539.1	Viridiplantae	CENPA
ddHotPalu_ENA|OZ247575|OZ247575.1_000886.1	Viridiplantae	CENPA
daSamNigr1_nigra_SamNigr_chr17_000158.1	Viridiplantae	CENPA
drHedHeli1_SUPER_9_000037.1	Viridiplantae	CENPA
drHedHeli1_SUPER_24_000828.1	Viridiplantae	CENPA
daSolDulc1_SUPER_4_000765.1	Viridiplantae	CENPA
drChaAngu1_SUPER_4_001038.1	Viridiplantae	CENPA
drChaAngu1_SUPER_12_000200.1	Viridiplantae	CENPA
daLinVulg1_SUPER_6_002057.1	Viridiplantae	CENPA
daMisOron1_SUPER_4_002006.1	Viridiplantae	CENPA
daSheArve1_SUPER_4_002238.1	Viridiplantae	CENPA
daBalNigr1_SUPER_2_003653.1	Viridiplantae	CENPA
daBalNigr1_SUPER_6_001114.1	Viridiplantae	CENPA
daScuGale1_SUPER_12_000038.1	Viridiplantae	CENPA
drUrtUren1_SUPER_7_000167.1	Viridiplantae	CENPA
drUrtUren1_SUPER_7_000978.1	Viridiplantae	CENPA
dcSpeMari_ENA|OY804549|OY804549.1_000611.1	Viridiplantae	CENPA
dcSpeMari_ENA|OY804556|OY804556.1_000562.1	Viridiplantae	CENPA
dcMoeTrin_ENA|OZ066944|OZ066944.1_002309.1	Viridiplantae	CENPA
dcAreSerp_ENA|OZ174158|OZ174158.1_003483.1	Viridiplantae	CENPA
dcAreSerp_ENA|OZ174166|OZ174166.1_000051.1	Viridiplantae	CENPA
dcPolTetr_ENA|OZ251117|OZ251117.1_002414.1	Viridiplantae	CENPA
dcPolTetr_ENA|OZ251134|OZ251134.1_000830.1	Viridiplantae	CENPA
dcPolTetr_ENA|OZ251127|OZ251127.1_002546.1	Viridiplantae	CENPA
dcPolTetr_ENA|OZ251114|OZ251114.1_000944.1	Viridiplantae	CENPA
drAilAlti1_SUPER_2_000977.1	Viridiplantae	CENPA
drAilAlti1_SUPER_1_001962.1	Viridiplantae	CENPA
ddAraThal4_chr_1_000021.1	Viridiplantae	CENPA
ddBarVulg_ENA|OY763889|OY763889.1_002303.1	Viridiplantae	CENPA
ddCarHirs_ENA|OZ156418|OZ156418.1_004759.1	Viridiplantae	CENPA
ddEupPepu3_SUPER_7_001940.1	Viridiplantae	CENPA
drParJuda1_SUPER_5_002377.1	Viridiplantae	CENPA
drParJuda1_SUPER_6_000751.1	Viridiplantae	CENPA
ddMerAnnu1_chr_LG5_002250.1	Viridiplantae	CENPA
ddPopNigr_ENA|OX637673|OX637673.1_000534.1	Viridiplantae	CENPA
dhQueRobu3_chr_4_003322.1	Viridiplantae	CENPA
dhAlnGlut1_SUPER_3_002173.1	Viridiplantae	CENPA
dhCorColu_ENA|OZ247468|OZ247468.1_002291.1	Viridiplantae	CENPA
drAstGlyc_ENA|OY754307|OY754307.1_003561.1	Viridiplantae	CENPA
drAstGlyc_ENA|OY754311|OY754311.1_002329.1	Viridiplantae	CENPA
drMedArab1_SUPER_5_000452.1	Viridiplantae	CENPA
drTriFrag1_SUPER_4_000534.1	Viridiplantae	CENPA
drTriFrag1_SUPER_4_003909.1	Viridiplantae	CENPA
drMalDome5_chr_3_000733.1	Viridiplantae	CENPA
drMalSylv7_chr_3_000736.1	Viridiplantae	CENPA
drMalDome5_chr_7_002109.1	Viridiplantae	CENPA
drMalSylv7_chr_7_002063.1	Viridiplantae	CENPA
drMalDome5_chr_1_001959.1	Viridiplantae	CENPA
drMalSylv7_chr_1_001941.1	Viridiplantae	CENPA
drGeuUrba1_SUPER_3_003430.1	Viridiplantae	CENPA
drGeuRiva_ENA|OZ123680|OZ123680.1_001094.1	Viridiplantae	CENPA
drGeuUrba1_SUPER_4_001309.1	Viridiplantae	CENPA
drGeuUrba1_SUPER_1_001199.1	Viridiplantae	CENPA
drGeuRiva_ENA|OZ123678|OZ123678.1_001365.1	Viridiplantae	CENPA
drFilUlma1_SUPER_3_002751.1	Viridiplantae	CENPA
drFilUlma1_SUPER_7_003538.1	Viridiplantae	CENPA
drFilUlma1_SUPER_5_003094.1	Viridiplantae	CENPA
drPotAnse1_chr_7_002172.1	Viridiplantae	CENPA
rosCan_S27_v1_rescue5	Viridiplantae	CENPA
rosCan_subseq1_Rca1_R3_004165.1	Viridiplantae	CENPA
rosCan_subseq1_Rca1_R4_003919.1	Viridiplantae	CENPA
rosCan_S27_v1_rescue6	Viridiplantae	CENPA
rosCan_subseq1_Rca1_S2_004089.1	Viridiplantae	CENPA
rosCan_subseq1_Rca1_S1_h1_004331.1	Viridiplantae	CENPA
rosCan_subseq1_Rca1_S1_h2_004335.1	Viridiplantae	CENPA
dmBerVulg_ENA|OY747126|OY747126.1_000149.1	Viridiplantae	CENPA
dmBerVulg_ENA|OY747131|OY747131.1_000095.1	Viridiplantae	CENPA
dmThaMinu_ENA|OZ239702|OZ239702.1_004154.1	Viridiplantae	CENPA
dmThaMinu_ENA|OZ239688|OZ239688.1_004868.1	Viridiplantae	CENPA
dmAquVulg_ENA|OZ198186|OZ198186.1_002113.1	Viridiplantae	CENPA
dmThaMinu_ENA|OZ239695|OZ239695.1_002226.1	Viridiplantae	CENPA
dmAquVulg_ENA|OZ198186|OZ198186.1_002249.1	Viridiplantae	CENPA
dmThaMinu_ENA|OZ239695|OZ239695.1_002366.1	Viridiplantae	CENPA
dmThaMinu_ENA|OZ239688|OZ239688.1_000081.1	Viridiplantae	CENPA
dmThaMinu_ENA|OZ239702|OZ239702.1_000088.1	Viridiplantae	CENPA
laTriMari_ENA|OY821770|OY821770.1_001192.1	Viridiplantae	CENPA
laTriMari_ENA|OY821779|OY821779.1_001097.1	Viridiplantae	CENPA
lpJunEffu1_SUPER_6_000665.1	Viridiplantae	CENPA
lpJunSqua1_rescue18	Viridiplantae	CENPA
lpJunBufo_ENA|OZ263730|OZ263730.1_000539.1	Viridiplantae	CENPA
lpJunBufo_ENA|OZ263723|OZ263723.1_000578.1	Viridiplantae	CENPA
lpJunBufo_ENA|OZ263725|OZ263725.1_000072.1	Viridiplantae	CENPA
lpLuzSylv1_SUPER_1_004784.1	Viridiplantae	CENPA
lpLuzSylv1_SUPER_4_002983.1	Viridiplantae	CENPA
lpLuzPall_ENA|OZ187632|OZ187632.1_002533.1	Viridiplantae	CENPA
lpLuzSylv1_SUPER_5_000676.1	Viridiplantae	CENPA
lpLuzPall_ENA|OZ187630|OZ187630.1_000126.1	Viridiplantae	CENPA
lpLuzPall_ENA|OZ187630|OZ187630.1_000127.1	Viridiplantae	CENPA
lpLuzPall_ENA|OZ187630|OZ187630.1_004630.1	Viridiplantae	CENPA
lpLuzPall_ENA|OZ187630|OZ187630.1_004629.1	Viridiplantae	CENPA
lpEleQuin_ENA|OZ060287|OZ060287.1_000589.1	Viridiplantae	CENPA
lpEleQuin_ENA|OZ060309|OZ060309.1_000202.1	Viridiplantae	CENPA
lpCypFusc_ENA|OZ210609|OZ210609.1_000486.1	Viridiplantae	CENPA
lpCarDepa1_SUPER_1_001836.1	Viridiplantae	CENPA
lpTriCesp_ENA|OZ238316|OZ238316.1_000144.1	Viridiplantae	CENPA
lpEriAngu_ENA|OZ259050|OZ259050.1_000184.1	Viridiplantae	CENPA
lpSciSylv_ENA|OZ223724|OZ223724.1_000621.1	Viridiplantae	CENPA
lpSchTriq_ENA|OZ060270|OZ060270.1_001509.1	Viridiplantae	CENPA
lpSchLacu1_SUPER_14_001552.1	Viridiplantae	CENPA
lpSchTabe_ENA|OZ255982|OZ255982.1_001530.1	Viridiplantae	CENPA
lpSchTabe_ENA|OZ255977|OZ255977.1_001315.1	Viridiplantae	CENPA
lpSchLacu1_SUPER_10_000449.1	Viridiplantae	CENPA
lpSchTriq_ENA|OZ060265|OZ060265.1_000418.1	Viridiplantae	CENPA
ldNarOssi_ENA|OY986965|OY986965.1_000826.1	Viridiplantae	CENPA
lsIriFoet1_GCA_964204905_chr_Chr5_001067.1	Viridiplantae	CENPA
lpSpaEmer_ENA|OZ243049|OZ243049.1_000484.1	Viridiplantae	CENPA
lpSpaEmer_ENA|OZ243057|OZ243057.1_000171.1	Viridiplantae	CENPA
lpPhrAust1_SUPER_9_001237.1	Viridiplantae	CENPA
lpPhrAust1_SUPER_11_001317.1	Viridiplantae	CENPA
lpDigSang_ENA|OZ156432|OZ156432.1_001273.1	Viridiplantae	CENPA
lpDigSang_ENA|OZ156436|OZ156436.1_001160.1	Viridiplantae	CENPA
lpDigSang_ENA|OZ156432|OZ156432.1_001272.1	Viridiplantae	CENPA
lpDigSang_ENA|OZ156436|OZ156436.1_001159.1	Viridiplantae	CENPA
lpPolViri_ENA|OZ174310|OZ174310.1_003604.1	Viridiplantae	CENPA
lpLeeOryz_ENA|OZ228960|OZ228960.1_003231.1	Viridiplantae	CENPA
lpPoaChai_ENA|OZ173747|OZ173747.1_000064.1	Viridiplantae	CENPA
lpHorVulg1_vulgare_Chr7_002188.1	Viridiplantae	CENPA
lpBroSter1_ENA|OX465599|OX465599.1_003768.1	Viridiplantae	CENPA
lpBroSter1_ENA|OX465601|OX465601.1_004647.1	Viridiplantae	CENPA
lpBroSter1_ENA|OX465601|OX465601.1_000886.1	Viridiplantae	CENPA
lpHorVulg1_vulgare_Chr7_004138.1	Viridiplantae	CENPA
lpHorVulg1_vulgare_Chr5_004764.1	Viridiplantae	CENPA
lpPolViri_ENA|OZ174317|OZ174317.1_005502.1	Viridiplantae	CENPA
lpPolViri_ENA|OZ174320|OZ174320.1_004614.1	Viridiplantae	CENPA
lpHieOdor1_odorata_Chr8_004004.1	Viridiplantae	CENPA
lpHieOdor1_odorata_Chr12_004373.1	Viridiplantae	CENPA
lpPolViri_ENA|OZ174317|OZ174317.1_005503.1	Viridiplantae	CENPA
lpPoaChai_ENA|OZ173744|OZ173744.1_001275.1	Viridiplantae	CENPA
lpPhlPrat_ENA|OZ273858|OZ273858.1_001346.1	Viridiplantae	CENPA
lpPolViri_ENA|OZ174310|OZ174310.1_001356.1	Viridiplantae	CENPA
lpPolViri_ENA|OZ174315|OZ174315.1_001201.1	Viridiplantae	CENPA
lpPhlPrat_ENA|OZ273859|OZ273859.1_006049.1	Viridiplantae	CENPA
lpPoaChai_ENA|OZ173747|OZ173747.1_000063.1	Viridiplantae	CENPA
lpLeeOryz_ENA|OZ228964|OZ228964.1_000377.1	Viridiplantae	CENPA
lpLeeOryz_ENA|OZ228968|OZ228968.1_000360.1	Viridiplantae	CENPA
lpPoaChai_ENA|OZ173744|OZ173744.1_001276.1	Viridiplantae	CENPA
lpPhlPrat_ENA|OZ273854|OZ273854.1_005820.1	Viridiplantae	CENPA
lpPhlPrat_ENA|OZ273858|OZ273858.1_001347.1	Viridiplantae	CENPA
lpHieOdor1_odorata_Chr12_005754.1	Viridiplantae	CENPA
lpHieOdor1_odorata_Chr12_005750.1	Viridiplantae	CENPA
lpPolViri_ENA|OZ174317|OZ174317.1_005504.1	Viridiplantae	CENPA
lpPolViri_ENA|OZ174320|OZ174320.1_004616.1	Viridiplantae	CENPA
lpHieOdor1_odorata_Chr8_004005.1	Viridiplantae	CENPA
lpHieOdor1_odorata_Chr8_004006.1	Viridiplantae	CENPA
lpHieOdor1_odorata_Chr12_004375.1	Viridiplantae	CENPA
lpPolViri_ENA|OZ174307|OZ174307.1_001979.1	Viridiplantae	CENPA
lpPolViri_ENA|OZ174309|OZ174309.1_001946.1	Viridiplantae	CENPA
lpPolViri_ENA|OZ174317|OZ174317.1_005505.1	Viridiplantae	CENPA
lpPolViri_ENA|OZ174320|OZ174320.1_004617.1	Viridiplantae	CENPA
qeLepCurv_ENA|OZ194353|OZ194353.1_000468.1	Invertebrates	CENPA
qeOrcFlav_ENA|OZ035953|OZ035953.1_002172.1	Invertebrates	CENPA
qeOrcFlav_ENA|OZ035957|OZ035957.1_000903.1	Invertebrates	CENPA
qeDicMinu_ENA|OX461808|OX461808.1_020535.1	Invertebrates	H3
qeAllFusc_ENA|OX359245|OX359245.1_008527.1	Invertebrates	CENPA
qeAllFusc_ENA|OX359247|OX359247.1_001298.1	Invertebrates	CENPA
pEimTen1_rescue3	Protist	CENPA
pxEimPrae1_rescue8	Protist	CENPA
pxEimPrae1_rescue12	Protist	CENPA
idSicFerr1_chr_X_002608.1	Invertebrates	CENPA
idSicFerr1_chr_X_002574.1	Invertebrates	CENPA
qeLepCurv_ENA|OZ194356|OZ194356.1_000945.1	Invertebrates	CENPA
jrHalOcto1_rescue18	Invertebrates	CENPA
xgPatVulg1_chr_5_000155.1	Invertebrates	H3
xgPatPell1_rescue14	Invertebrates	CENPA
icHalSede1_chr_9_000164.1	Invertebrates	H3
icAdaBipu1_chr_9_001201.1	Invertebrates	CENPA
icCocSept1_chr_9_000347.1	Invertebrates	CENPA
ipNemPict2_chr_10_000110.1	Invertebrates	CENPA
fAciRut3_chr_8_000087.1	Vertebrates	CENPA
qeOrcFlav_ENA|OZ035953|OZ035953.1_004360.1	Invertebrates	H3
nxTriColu_ENA|OZ022258|OZ022258.1_000488.1	Invertebrates	CENPA
glEphLana_ENA|OZ220094|OZ220094.1_000253.1	Fungi	H3
glEphLana_ENA|OZ220093|OZ220093.1_000567.1	Fungi	CENPA
icPyrSerr1_chr_X_000403.1	Invertebrates	H3
qeOrcFlav_ENA|OZ035954|OZ035954.1_006488.1	Invertebrates	CENPA
qeOrcFlav_ENA|OZ035954|OZ035954.1_003646.1	Invertebrates	CENPA
qeOrcFlav_ENA|OZ035954|OZ035954.1_006493.1	Invertebrates	CENPA
paTetJugo1_chr_11_000044.1	Protist	CENPA
bAccGen1_chr_10_000293.1	Vertebrates	H3
bAccGen1_chr_30_000081.1	Vertebrates	H3
bAccGen1_chr_34_000159.1	Vertebrates	H3
bCorHaw1_chr_1_000695.1	Vertebrates	H3
bCorHaw1_chr_3_000902.1	Vertebrates	H3
bCorHaw1_chr_4_000255.1	Vertebrates	H3
bFalBia1_chr_1_001978.1	Vertebrates	H3
bFalBia1_chr_5_001047.1	Vertebrates	H3
bFalBia1_chr_5_000327.1	Vertebrates	H3
bFalChe1_chr_1_000966.1	Vertebrates	H3
bFalChe1_chr_5_000325.1	Vertebrates	H3
bFalChe1_chr_5_001052.1	Vertebrates	H3
bFalPer1_chr_2_000961.1	Vertebrates	H3
bFalPer1_chr_6_000322.1	Vertebrates	H3
bFalPer1_chr_6_000326.1	Vertebrates	H3
bGalGal1_GRCg7b_chr_1_002288.1	Vertebrates	H3
bGalGal1_GRCg7b_chr_1_000318.1	Vertebrates	H3
bGalGal1_GRCg7b_chr_1_000320.1	Vertebrates	H3
bLagMut1_chr_1_002640.1	Vertebrates	H3
bLagMut1_chr_1_000364.1	Vertebrates	H3
bLagMut1_chr_1_000365.1	Vertebrates	H3
bPorHoc1_chr_1_000116.1	Vertebrates	H3
bPorHoc1_chr_1_000120.1	Vertebrates	H3
bPorHoc1_chr_1_002500.1	Vertebrates	H3
bTaeGut1_chr_1A_000801.1	Vertebrates	H3
bTaeGut1_chr_1A_000799.1	Vertebrates	H3
bTaeGut1_chr_1A_000298.1	Vertebrates	H3
caAndHook_ENA|OZ246425|OZ246425.1_000116.1	Viridiplantae	H3
caAndHook_ENA|OZ246425|OZ246425.1_000681.1	Viridiplantae	H3
caAndHook_ENA|OZ246428|OZ246428.1_000198.1	Viridiplantae	H3
cbCalCord2_ENA|OZ209158|OZ209158.1_002257.1	Viridiplantae	H3
cbCalCord2_ENA|OZ209158|OZ209158.1_002078.1	Viridiplantae	H3
cbCalCord2_ENA|OZ209158|OZ209158.1_002077.1	Viridiplantae	H3
cbHylTriq_ENA|OZ249201|OZ249201.1_001341.1	Viridiplantae	H3
cbHylTriq_ENA|OZ249202|OZ249202.1_003881.1	Viridiplantae	H3
cbHylTriq_ENA|OZ249202|OZ249202.1_003767.1	Viridiplantae	H3
cbIsoPulc3_ENA|OZ210556|OZ210556.1_002324.1	Viridiplantae	H3
cbIsoPulc3_ENA|OZ210556|OZ210556.1_002323.1	Viridiplantae	H3
cbIsoPulc3_ENA|OZ210556|OZ210556.1_001840.1	Viridiplantae	H3
cbPolSexa_ENA|OZ222675|OZ222675.1_002464.1	Viridiplantae	H3
cbPolSexa_ENA|OZ222675|OZ222675.1_002463.1	Viridiplantae	H3
cbPolSexa_ENA|OZ222675|OZ222675.1_002081.1	Viridiplantae	H3
cbRhyConf_ENA|OZ259487|OZ259487.1_003164.1	Viridiplantae	H3
cbRhyConf_ENA|OZ259487|OZ259487.1_002917.1	Viridiplantae	H3
cbRhyConf_ENA|OZ259487|OZ259487.1_000490.1	Viridiplantae	H3
cbRhyLore1_SUPER_1_005504.1	Viridiplantae	H3
cbRhyLore1_SUPER_2_000465.1	Viridiplantae	H3
cbRhyLore1_SUPER_2_000668.1	Viridiplantae	H3
cbThuTama2_SUPER_1_001025.1	Viridiplantae	H3
cbThuTama2_SUPER_3_001795.1	Viridiplantae	H3
cbThuTama2_SUPER_5_001030.1	Viridiplantae	H3
cjHerHutc_ENA|OZ218195|OZ218195.1_003144.1	Viridiplantae	H3
cjHerHutc_ENA|OZ218196|OZ218196.1_002002.1	Viridiplantae	H3
cjHerHutc_ENA|OZ218196|OZ218196.1_002001.1	Viridiplantae	H3
cmLunCruc20_all_Chr2_001344.1	Viridiplantae	H3
cmLunCruc20_all_Chr2_000987.1	Viridiplantae	H3
cmLunCruc20_all_Chr7_000744.1	Viridiplantae	H3
csSphGirg_ENA|OZ244403|OZ244403.1_000840.1	Viridiplantae	H3
csSphGirg_ENA|OZ244404|OZ244404.1_001209.1	Viridiplantae	H3
csSphGirg_ENA|OZ244408|OZ244408.1_000133.1	Viridiplantae	H3
daArcMinu1_SUPER_1_000352.1	Viridiplantae	H3
daArcMinu1_SUPER_1_001489.1	Viridiplantae	H3
daArcMinu1_SUPER_1_002162.1	Viridiplantae	H3
daBalNigr1_SUPER_2_000665.1	Viridiplantae	H3
daBalNigr1_SUPER_2_003838.1	Viridiplantae	H3
daBalNigr1_SUPER_2_003471.1	Viridiplantae	H3
daLinVulg1_SUPER_2_002183.1	Viridiplantae	H3
daLinVulg1_SUPER_3_001891.1	Viridiplantae	H3
daLinVulg1_SUPER_3_001892.1	Viridiplantae	H3
daMisOron1_SUPER_1_003004.1	Viridiplantae	H3
daMisOron1_SUPER_2_004993.1	Viridiplantae	H3
daMisOron1_SUPER_2_004728.1	Viridiplantae	H3
daPulDyse1_SUPER_1_001731.1	Viridiplantae	H3
daPulDyse1_SUPER_2_001259.1	Viridiplantae	H3
daPulDyse1_SUPER_2_001664.1	Viridiplantae	H3
daSamNigr1_nigra_SamNigr_chr1_002501.1	Viridiplantae	H3
daSamNigr1_nigra_SamNigr_chr10_000931.1	Viridiplantae	H3
daSamNigr1_nigra_SamNigr_chr10_001202.1	Viridiplantae	H3
daScuGale1_SUPER_1_003344.1	Viridiplantae	H3
daScuGale1_SUPER_1_002259.1	Viridiplantae	H3
daScuGale1_SUPER_1_002258.1	Viridiplantae	H3
daSheArve1_SUPER_2_001770.1	Viridiplantae	H3
daSheArve1_SUPER_2_001773.1	Viridiplantae	H3
daSheArve1_SUPER_3_000489.1	Viridiplantae	H3
daSolDulc1_SUPER_1_000131.1	Viridiplantae	H3
daSolDulc1_SUPER_1_001517.1	Viridiplantae	H3
daSolDulc1_SUPER_1_001516.1	Viridiplantae	H3
daTanVulg1_GCA_964264315_chr_Chr1_016556.1	Viridiplantae	H3
daTanVulg1_GCA_964264315_chr_Chr1_001152.1	Viridiplantae	H3
daTanVulg1_GCA_964264315_chr_Chr1_001642.1	Viridiplantae	H3
dcAreSerp_ENA|OZ174157|OZ174157.1_000766.1	Viridiplantae	H3
dcAreSerp_ENA|OZ174157|OZ174157.1_002745.1	Viridiplantae	H3
dcAreSerp_ENA|OZ174157|OZ174157.1_002744.1	Viridiplantae	H3
dcMoeTrin_ENA|OZ066938|OZ066938.1_005438.1	Viridiplantae	H3
dcMoeTrin_ENA|OZ066938|OZ066938.1_005109.1	Viridiplantae	H3
dcMoeTrin_ENA|OZ066938|OZ066938.1_004468.1	Viridiplantae	H3
dcPolAvic1_chr_1_003929.1	Viridiplantae	H3
dcPolAvic1_chr_1_000317.1	Viridiplantae	H3
dcPolAvic1_chr_1_000318.1	Viridiplantae	H3
dcPolTetr_ENA|OZ251109|OZ251109.1_002218.1	Viridiplantae	H3
dcPolTetr_ENA|OZ251109|OZ251109.1_002217.1	Viridiplantae	H3
dcPolTetr_ENA|OZ251110|OZ251110.1_002600.1	Viridiplantae	H3
dcSpeMari_ENA|OY804545|OY804545.1_001684.1	Viridiplantae	H3
dcSpeMari_ENA|OY804545|OY804545.1_001547.1	Viridiplantae	H3
dcSpeMari_ENA|OY804546|OY804546.1_000439.1	Viridiplantae	H3
ddAraThal4_chr_1_006709.1	Viridiplantae	H3
ddAraThal4_chr_1_006483.1	Viridiplantae	H3
ddAraThal4_chr_1_000992.1	Viridiplantae	H3
ddBarVulg_ENA|OY763887|OY763887.1_002856.1	Viridiplantae	H3
ddBarVulg_ENA|OY763887|OY763887.1_002219.1	Viridiplantae	H3
ddBarVulg_ENA|OY763887|OY763887.1_001863.1	Viridiplantae	H3
ddCarHirs_ENA|OZ156418|OZ156418.1_004313.1	Viridiplantae	H3
ddCarHirs_ENA|OZ156418|OZ156418.1_000990.1	Viridiplantae	H3
ddCarHirs_ENA|OZ156419|OZ156419.1_003973.1	Viridiplantae	H3
ddEupPepu3_SUPER_1_003273.1	Viridiplantae	H3
ddEupPepu3_SUPER_1_003272.1	Viridiplantae	H3
ddEupPepu3_SUPER_1_001773.1	Viridiplantae	H3
ddHotPalu_ENA|OZ247565|OZ247565.1_008670.1	Viridiplantae	H3
ddHotPalu_ENA|OZ247565|OZ247565.1_008392.1	Viridiplantae	H3
ddHotPalu_ENA|OZ247565|OZ247565.1_006465.1	Viridiplantae	H3
ddMerAnnu1_chr_LG1-X_004203.1	Viridiplantae	H3
ddMerAnnu1_chr_LG1-X_001427.1	Viridiplantae	H3
ddMerAnnu1_chr_LG1-X_002314.1	Viridiplantae	H3
ddPopNigr_ENA|OX637672|OX637672.1_001982.1	Viridiplantae	H3
ddPopNigr_ENA|OX637672|OX637672.1_002136.1	Viridiplantae	H3
ddPopNigr_ENA|OX637673|OX637673.1_001287.1	Viridiplantae	H3
dhAlnGlut1_SUPER_4_000528.1	Viridiplantae	H3
dhAlnGlut1_SUPER_5_001649.1	Viridiplantae	H3
dhAlnGlut1_SUPER_5_000732.1	Viridiplantae	H3
dhCorColu_ENA|OZ247463|OZ247463.1_003127.1	Viridiplantae	H3
dhCorColu_ENA|OZ247464|OZ247464.1_003400.1	Viridiplantae	H3
dhCorColu_ENA|OZ247464|OZ247464.1_003399.1	Viridiplantae	H3
dhQueRobu3_chr_1_000247.1	Viridiplantae	H3
dhQueRobu3_chr_1_000248.1	Viridiplantae	H3
dhQueRobu3_chr_1_000254.1	Viridiplantae	H3
dmAquVulg_ENA|OZ198187|OZ198187.1_000106.1	Viridiplantae	H3
dmAquVulg_ENA|OZ198187|OZ198187.1_004971.1	Viridiplantae	H3
dmAquVulg_ENA|OZ198187|OZ198187.1_004760.1	Viridiplantae	H3
dmBerVulg_ENA|OY747124|OY747124.1_009517.1	Viridiplantae	H3
dmBerVulg_ENA|OY747124|OY747124.1_005764.1	Viridiplantae	H3
dmBerVulg_ENA|OY747124|OY747124.1_005763.1	Viridiplantae	H3
dmThaMinu_ENA|OZ239685|OZ239685.1_004245.1	Viridiplantae	H3
dmThaMinu_ENA|OZ239685|OZ239685.1_001000.1	Viridiplantae	H3
dmThaMinu_ENA|OZ239686|OZ239686.1_000114.1	Viridiplantae	H3
drAilAlti1_SUPER_9_001387.1	Viridiplantae	H3
drAilAlti1_SUPER_17_001357.1	Viridiplantae	H3
drAilAlti1_SUPER_13_001070.1	Viridiplantae	H3
drAstGlyc_ENA|OY754307|OY754307.1_005592.1	Viridiplantae	H3
drAstGlyc_ENA|OY754307|OY754307.1_000782.1	Viridiplantae	H3
drAstGlyc_ENA|OY754308|OY754308.1_000754.1	Viridiplantae	H3
drChaAngu1_SUPER_3_000794.1	Viridiplantae	H3
drChaAngu1_SUPER_3_001623.1	Viridiplantae	H3
drChaAngu1_SUPER_4_000249.1	Viridiplantae	H3
drFilUlma1_SUPER_4_000011.1	Viridiplantae	H3
drFilUlma1_SUPER_4_000033.1	Viridiplantae	H3
drFilUlma1_SUPER_4_005140.1	Viridiplantae	H3
drGeuRiva_ENA|OZ123678|OZ123678.1_001564.1	Viridiplantae	H3
drGeuRiva_ENA|OZ123679|OZ123679.1_004885.1	Viridiplantae	H3
drGeuRiva_ENA|OZ123680|OZ123680.1_004198.1	Viridiplantae	H3
drGeuUrba1_SUPER_1_000984.1	Viridiplantae	H3
drGeuUrba1_SUPER_2_002623.1	Viridiplantae	H3
drGeuUrba1_SUPER_3_000975.1	Viridiplantae	H3
drHedHeli1_SUPER_2_002965.1	Viridiplantae	H3
drHedHeli1_SUPER_3_003114.1	Viridiplantae	H3
drHedHeli1_SUPER_4_000540.1	Viridiplantae	H3
drMalDome5_chr_1_002127.1	Viridiplantae	H3
drMalDome5_chr_3_002697.1	Viridiplantae	H3
drMalDome5_chr_3_002676.1	Viridiplantae	H3
drMalSylv7_chr_1_002127.1	Viridiplantae	H3
drMalSylv7_chr_3_002669.1	Viridiplantae	H3
drMalSylv7_chr_3_002651.1	Viridiplantae	H3
drMedArab1_SUPER_6_004697.1	Viridiplantae	H3
drMedArab1_SUPER_6_004494.1	Viridiplantae	H3
drMedArab1_SUPER_6_004492.1	Viridiplantae	H3
drParJuda1_SUPER_1_005366.1	Viridiplantae	H3
drParJuda1_SUPER_1_005365.1	Viridiplantae	H3
drParJuda1_SUPER_1_000979.1	Viridiplantae	H3
drPotAnse1_chr_1_000825.1	Viridiplantae	H3
drPotAnse1_chr_1_001468.1	Viridiplantae	H3
drPotAnse1_chr_1_001406.1	Viridiplantae	H3
drTriFrag1_SUPER_2_000412.1	Viridiplantae	H3
drTriFrag1_SUPER_2_005284.1	Viridiplantae	H3
drTriFrag1_SUPER_2_004554.1	Viridiplantae	H3
drUrtUren1_SUPER_2_002554.1	Viridiplantae	H3
drUrtUren1_SUPER_3_000565.1	Viridiplantae	H3
drUrtUren1_SUPER_4_001496.1	Viridiplantae	H3
rosCan_subseq1_Rca1_S1_h1_000511.1	Viridiplantae	H3
rosCan_subseq1_Rca1_S1_h2_000531.1	Viridiplantae	H3
rosCan_subseq1_Rca2_S1_h1_000734.1	Viridiplantae	H3
eaMarGlac1_chr_1_001428.1	Invertebrates	H3
eaMarGlac1_chr_4_001219.1	Invertebrates	H3
eaMarGlac1_chr_8_000591.1	Invertebrates	H3
fAciRut3_chr_3_000531.1	Vertebrates	H3
fAciRut3_chr_5_001269.1	Vertebrates	H3
fAciRut3_chr_6_000357.1	Vertebrates	H3
fAloSap1_chr_3_000861.1	Vertebrates	H3
fAloSap1_chr_9_000276.1	Vertebrates	H3
fAloSap1_chr_9_000309.1	Vertebrates	H3
fBarBab1_chr_1_001712.1	Vertebrates	H3
fBarBab1_chr_1_000902.1	Vertebrates	H3
fBarBab1_chr_1_000940.1	Vertebrates	H3
fDanRer4_chr_3_001082.1	Vertebrates	H3
fDanRer4_chr_5_001432.1	Vertebrates	H3
fDanRer4_chr_7_000119.1	Vertebrates	H3
fPanHyp1_SUPER_1_001048.1	Vertebrates	H3
fPanHyp1_SUPER_5_000006.1	Vertebrates	H3
fPanHyp1_SUPER_5_000012.1	Vertebrates	H3
fPhoGun1_chr_7_000816.1	Vertebrates	H3
fPhoGun1_chr_7_000544.1	Vertebrates	H3
fPhoGun1_chr_7_000806.1	Vertebrates	H3
fTauBub2_chr_2_000010.1	Vertebrates	H3
fTauBub2_chr_2_002117.1	Vertebrates	H3
fTauBub2_chr_2_000021.1	Vertebrates	H3
fTelBon1_chr_3_000085.1	Vertebrates	H3
fTelBon1_chr_3_001413.1	Vertebrates	H3
fTelBon1_chr_3_000386.1	Vertebrates	H3
fThuAlb1_chr_3_001277.1	Vertebrates	H3
fThuAlb1_chr_3_000906.1	Vertebrates	H3
fThuAlb1_chr_3_000903.1	Vertebrates	H3
fThuMac1_chr_2_001496.1	Vertebrates	H3
fThuMac1_chr_2_001492.1	Vertebrates	H3
fThuMac1_chr_2_000129.1	Vertebrates	H3
fToxJac2_chr_9_000678.1	Vertebrates	H3
fToxJac2_chr_9_000677.1	Vertebrates	H3
fToxJac2_chr_12_000101.1	Vertebrates	H3
fTraTra1_chr_12_000498.1	Vertebrates	H3
fTraTra1_chr_12_000793.1	Vertebrates	H3
fTraTra1_chr_12_000537.1	Vertebrates	H3
gdRhiKalk_ENA|OZ066569|OZ066569.1_000447.1	Fungi	H3
gfAgaBisp1_chr_1_000833.1	Fungi	H3
gfAgaBisp1_chr_6_000570.1	Fungi	H3
gfAgaBisp1_chr_6_000525.1	Fungi	H3
gfAgrPrae_ENA|OZ024840|OZ024840.1_000310.1	Fungi	H3
gfAgrPrae_ENA|OZ024840|OZ024840.1_000903.1	Fungi	H3
gfAgrPrae_ENA|OZ024843|OZ024843.1_000704.1	Fungi	H3
gfAmaRube_ENA|OZ253836|OZ253836.1_000283.1	Fungi	H3
gfAmaRube_ENA|OZ253836|OZ253836.1_000776.1	Fungi	H3
gfAmaRube_ENA|OZ253843|OZ253843.1_000193.1	Fungi	H3
gfArmOsto_ENA|OZ035948|OZ035948.1_000648.1	Fungi	H3
gfArmOsto_ENA|OZ035948|OZ035948.1_000087.1	Fungi	H3
gfAurGent_ENA|OZ219430|OZ219430.1_001077.1	Fungi	H3
gfAurGent_ENA|OZ219432|OZ219432.1_000945.1	Fungi	H3
gfAurGent_ENA|OZ219432|OZ219432.1_000749.1	Fungi	H3
gfBolQuer_ENA|OZ037957|OZ037957.1_000832.1	Fungi	H3
gfBolQuer_ENA|OZ037960|OZ037960.1_000666.1	Fungi	H3
gfBolQuer_ENA|OZ037961|OZ037961.1_000472.1	Fungi	H3
gfButSuba_ENA|OZ171980|OZ171980.1_000073.1	Fungi	H3
gfButSuba_ENA|OZ171982|OZ171982.1_000485.1	Fungi	H3
gfButSuba_ENA|OZ171990|OZ171990.1_000455.1	Fungi	H3
gfChlBrun_ENA|OY756140|OY756140.1_001617.1	Fungi	H3
gfChlBrun_ENA|OY756145|OY756145.1_000837.1	Fungi	H3
gfChlBrun_ENA|OY756145|OY756145.1_000102.1	Fungi	H3
gfClaFumo_ENA|OX637796|OX637796.1_000439.1	Fungi	H3
gfClaFumo_ENA|OX637796|OX637796.1_000955.1	Fungi	H3
gfClaFumo_ENA|OX637801|OX637801.1_001131.1	Fungi	H3
gfCopMica_ENA|OX596334|OX596334.1_001647.1	Fungi	H3
gfCopMica_ENA|OX596334|OX596334.1_000541.1	Fungi	H3
gfCopMica_ENA|OX596334|OX596334.1_001641.1	Fungi	H3
gfCorTriu_ENA|OZ254914|OZ254914.1_005082.1	Fungi	H3
gfCorTriu_ENA|OZ254915|OZ254915.1_005639.1	Fungi	H3
gfCorTriu_ENA|OZ254915|OZ254915.1_003773.1	Fungi	H3
gfEntClyp_ENA|OY751488|OY751488.1_001515.1	Fungi	H3
gfEntClyp_ENA|OY751488|OY751488.1_000904.1	Fungi	H3
gfEntClyp_ENA|OY751493|OY751493.2_000569.1	Fungi	H3
gfFlaVelt_ENA|OX246725|OX246725.2_000990.1	Fungi	H3
gfFlaVelt_ENA|OX246726|OX246726.2_001563.1	Fungi	H3
gfFlaVelt_ENA|OX246729|OX246729.2_001326.1	Fungi	H3
gfGanResi_ENA|OZ026792|OZ026792.1_001017.1	Fungi	H3
gfGanResi_ENA|OZ026797|OZ026797.1_000073.1	Fungi	H3
gfGanResi_ENA|OZ026797|OZ026797.1_001081.1	Fungi	H3
gfGliIrri_ENA|OZ209111|OZ209111.1_001232.1	Fungi	H3
gfGliIrri_ENA|OZ209114|OZ209114.1_000634.1	Fungi	H3
gfGliIrri_ENA|OZ209114|OZ209114.1_000299.1	Fungi	H3
gfHerErin_ENA|OZ255406|OZ255406.1_000825.1	Fungi	H3
gfHerErin_ENA|OZ255406|OZ255406.1_003609.1	Fungi	H3
gfHerErin_ENA|OZ255407|OZ255407.1_000864.1	Fungi	H3
gfHygPuni_ENA|OY744463|OY744463.1_000200.1	Fungi	H3
gfHygPuni_ENA|OY744463|OY744463.1_002807.1	Fungi	H3
gfHygPuni_ENA|OY744469|OY744469.1_000843.1	Fungi	H3
gfInoObsi_ENA|OZ247502|OZ247502.1_000671.1	Fungi	H3
gfInoObsi_ENA|OZ247505|OZ247505.1_001044.1	Fungi	H3
gfInoObsi_ENA|OZ247510|OZ247510.1_000264.1	Fungi	H3
gfLacBlen_ENA|OZ173894|OZ173894.1_000231.1	Fungi	H3
gfLacBlen_ENA|OZ173898|OZ173898.1_001359.1	Fungi	H3
gfLacBlen_ENA|OZ173898|OZ173898.1_001274.1	Fungi	H3
gfLaeSulp1_chr_1_001734.1	Fungi	H3
gfLaeSulp1_chr_6_000061.1	Fungi	H3
gfLaeSulp1_chr_7_000176.1	Fungi	H3
gfLepSord_ENA|OZ173904|OZ173904.1_000389.1	Fungi	H3
gfLepSord_ENA|OZ173904|OZ173904.1_001927.1	Fungi	H3
gfLepSord_ENA|OZ173904|OZ173904.1_001920.1	Fungi	H3
gfMycGale_ENA|OZ252601|OZ252601.1_000193.1	Fungi	H3
gfPanStip_ENA|OZ234879|OZ234879.1_001678.1	Fungi	H3
gfPanStip_ENA|OZ234879|OZ234879.1_000069.1	Fungi	H3
gfPanStip_ENA|OZ234881|OZ234881.1_000257.1	Fungi	H3
gfPhaAlbo_ENA|OZ244509|OZ244509.1_000231.1	Fungi	H3
gfPhaAlbo_ENA|OZ244509|OZ244509.1_001493.1	Fungi	H3
gfPhaAlbo_ENA|OZ244512|OZ244512.1_000385.1	Fungi	H3
gfPleOstr1_SUPER_1_000496.1	Fungi	H3
gfPleOstr1_SUPER_1_001117.1	Fungi	H3
gfPleOstr1_SUPER_7_000827.1	Fungi	H3
gfPorCaly_ENA|OX621164|OX621164.1_000704.1	Fungi	H3
gfPorCaly_ENA|OX621167|OX621167.1_000857.1	Fungi	H3
gfPorCaly_ENA|OX621167|OX621167.1_000141.1	Fungi	H3
gfRamCorn_ENA|OZ204859|OZ204859.1_001812.1	Fungi	H3
gfRamCorn_ENA|OZ204859|OZ204859.1_000626.1	Fungi	H3
gfRamCorn_ENA|OZ204860|OZ204860.1_000744.1	Fungi	H3
gfRusVesc_ENA|OZ222405|OZ222405.1_001363.1	Fungi	H3
gfRusVesc_ENA|OZ222414|OZ222414.1_000864.1	Fungi	H3
gfRusVesc_ENA|OZ222414|OZ222414.1_000524.1	Fungi	H3
gfSpaMino_ENA|OZ241195|OZ241195.1_001601.1	Fungi	H3
gfSpaMino_ENA|OZ241199|OZ241199.1_000726.1	Fungi	H3
gfSpaMino_ENA|OZ241202|OZ241202.1_000587.1	Fungi	H3
gfTauPull_ENA|OX637620|OX637620.1_000376.1	Fungi	H3
gfTauPull_ENA|OX637620|OX637620.1_000428.1	Fungi	H3
gfTauPull_ENA|OX637621|OX637621.1_000443.1	Fungi	H3
gfTriHemi_ENA|OZ035935|OZ035935.1_000614.1	Fungi	H3
gfTriHemi_ENA|OZ035935|OZ035935.1_002991.1	Fungi	H3
gfTriHemi_ENA|OZ035935|OZ035935.1_002984.1	Fungi	H3
gfVolSurr_ENA|OX637781|OX637781.1_001203.1	Fungi	H3
gfVolSurr_ENA|OX637781|OX637781.1_000754.1	Fungi	H3
gfVolSurr_ENA|OX637786|OX637786.1_000087.1	Fungi	H3
glClaSqua_ENA|OX392374|OX392374.1_000610.1	Fungi	H3
glEphLana_ENA|OZ220091|OZ220091.1_002467.1	Fungi	H3
glEphLana_ENA|OZ220093|OZ220093.1_000981.1	Fungi	H3
glFlaMari_ENA|OZ245339|OZ245339.1_000199.1	Fungi	H3
glLicPygm_ENA|OY730172|OY730172.1_000353.1	Fungi	H3
glPlaGlau_ENA|OY745768|OY745768.1_000642.1	Fungi	H3
glRamSili_ENA|OZ244605|OZ244605.1_000389.1	Fungi	H3
glUmbDeus_ENA|OZ203546|OZ203546.1_000081.1	Fungi	H3
gpAraPeru_ENA|OX453232|OX453232.1_001499.1	Fungi	H3
grCorFumo_ENA|OY756924|OY756924.1_000662.1	Fungi	H3
grLepFlav_ENA|OY756932|OY756932.1_000082.1	Fungi	H3
grSimLame_ENA|OZ124168|OZ124168.1_001624.1	Fungi	H3
grTriPseu1_chr_6_000843.1	Fungi	H3
gsMetZobe1_chr_3_000356.1	Fungi	H3
gsMetZobe1_chr_3_000730.1	Fungi	H3
gsMetZobe1_chr_5_000673.1	Fungi	H3
gyLeoLubr_ENA|OZ251265|OZ251265.1_002904.1	Fungi	H3
gyLeoLubr_ENA|OZ251265|OZ251265.1_002894.1	Fungi	H3
gyLeoLubr_ENA|OZ251265|OZ251265.1_000402.1	Fungi	H3
gzEntParv_ENA|OY752141|OY752141.1_000478.1	Fungi	H3
gzEntParv_ENA|OY752142|OY752142.1_000753.1	Fungi	H3
gzEntParv_ENA|OY752145|OY752145.1_000006.1	Fungi	H3
gzMucPiri1_chr_1_001246.1	Fungi	H3
gzMucPiri1_chr_1_004622.1	Fungi	H3
gzMucPiri1_chr_5_001113.1	Fungi	H3
ibEctPall_ENA|OZ060424|OZ060424.1_001973.1	Invertebrates	H3
ibEctPall_ENA|OZ060425|OZ060425.1_002258.1	Invertebrates	H3
ibEctPall_ENA|OZ060429|OZ060429.1_001336.1	Invertebrates	H3
icAdaBipu1_chr_6_001938.1	Invertebrates	H3
icAdaBipu1_chr_6_001931.1	Invertebrates	H3
icAdaBipu1_chr_6_001928.1	Invertebrates	H3
icAgoFuli_ENA|OX384035|OX384035.1_001267.1	Invertebrates	H3
icAgoFuli_ENA|OX384035|OX384035.1_001139.1	Invertebrates	H3
icAgoFuli_ENA|OX384035|OX384035.1_001137.1	Invertebrates	H3
icAgrCyan_ENA|OX376713|OX376713.1_001118.1	Invertebrates	H3
icAgrCyan_ENA|OX376713|OX376713.1_001116.1	Invertebrates	H3
icAgrCyan_ENA|OX376713|OX376713.1_001114.1	Invertebrates	H3
icAgrMuri1_chr_2_000009.1	Invertebrates	H3
icAgrMuri1_chr_8_003444.1	Invertebrates	H3
icAgrMuri1_chr_8_003442.1	Invertebrates	H3
icApoCory1_chr_5_000508.1	Invertebrates	H3
icApoCory1_chr_12_000651.1	Invertebrates	H3
icCanRust1_chr_4_002335.1	Invertebrates	H3
icCanRust1_chr_4_002333.1	Invertebrates	H3
icCanRust1_chr_4_002331.1	Invertebrates	H3
icCarProb_ENA|OY728580|OY728580.1_001157.1	Invertebrates	H3
icCarProb_ENA|OY728580|OY728580.1_001155.1	Invertebrates	H3
icCarProb_ENA|OY728580|OY728580.1_001153.1	Invertebrates	H3
icCetAura_ENA|OX421888|OX421888.1_001304.1	Invertebrates	H3
icCetAura_ENA|OX421890|OX421890.1_000800.1	Invertebrates	H3
icChrOric1_chr_3_001627.1	Invertebrates	H3
icChrOric1_chr_12_000001.1	Invertebrates	H3
icChrOric1_chr_12_000005.1	Invertebrates	H3
icCocSept1_chr_7_000337.1	Invertebrates	H3
icHalSede1_chr_6_001671.1	Invertebrates	H3
icHalSede1_SUPER_X_u1_000068.1	Invertebrates	H3
icHarAxyr1_chr_2_002898.1	Invertebrates	H3
icHarAxyr1_chr_6_001740.1	Invertebrates	H3
icHarAxyr1_chr_6_001739.1	Invertebrates	H3
icLeiSpin1_chr_6_000117.1	Invertebrates	H3
icLeiSpin1_chr_8_000639.1	Invertebrates	H3
icLeiSpin1_scf_29_000015.1	Invertebrates	H3
icLepMacu1_chr_2_003282.1	Invertebrates	H3
icLepMacu1_chr_6_000620.1	Invertebrates	H3
icLepMacu1_chr_6_000621.1	Invertebrates	H3
icMalBipu1_chr_6_000329.1	Invertebrates	H3
icMelMelo1_chunk2_chr_8_001449.1	Invertebrates	H3
icNebBrev1_chr_1_000963.1	Invertebrates	H3
icNebBrev1_chr_1_000961.1	Invertebrates	H3
icNebBrev1_chr_1_000960.1	Invertebrates	H3
icNebSali1_chr_6_000713.1	Invertebrates	H3
icNicInve_ENA|OY735143|OY735143.1_002392.1	Invertebrates	H3
icNicInve_ENA|CAUOPU010000055|CAUOPU010000055.1_000026.1	Invertebrates	H3
icNicInve_ENA|CAUOPU010000109|CAUOPU010000109.1_000001.1	Invertebrates	H3
icOcyOlen1_chr_16_001042.1	Invertebrates	H3
icOcyOlen1_SUPER_18_u2_000019.1	Invertebrates	H3
icOcyOlen1_SUPER_18_u2_000016.1	Invertebrates	H3
icOphArdo1_chr_13_000267.1	Invertebrates	H3
icOphArdo1_chr_13_000269.1	Invertebrates	H3
icOphArdo1_chr_13_000271.1	Invertebrates	H3
icPhiCogn1_chr_3_003110.1	Invertebrates	H3
icPhiCogn1_chr_3_003108.1	Invertebrates	H3
icPhiCogn1_chr_3_003106.1	Invertebrates	H3
icPodAlpi1_chr_2_004264.1	Invertebrates	H3
icPodAlpi1_chr_2_004105.1	Invertebrates	H3
icPodAlpi1_chr_2_004103.1	Invertebrates	H3
icPolCerv1_chr_6_000594.1	Invertebrates	H3
icPolCerv1_chr_7_000401.1	Invertebrates	H3
icPteMadi1_chr_6_000368.1	Invertebrates	H3
icPteMadi1_chr_12_000377.1	Invertebrates	H3
icPteMadi1_chr_12_000379.1	Invertebrates	H3
icPyrSerr1_chr_4_000701.1	Invertebrates	H3
icPyrSerr1_scf_12_000010.1	Invertebrates	H3
icQueLate_ENA|OZ202129|OZ202129.1_000292.1	Invertebrates	H3
icQueLate_ENA|CAYEUU010000062|CAYEUU010000062.1_000001.1	Invertebrates	H3
icQueLate_ENA|CAYEUU010000086|CAYEUU010000086.1_000058.1	Invertebrates	H3
icRhaFulv1_chr_1_000689.1	Invertebrates	H3
icRhaFulv1_chr_1_000691.1	Invertebrates	H3
icRhaFulv1_chr_1_000693.1	Invertebrates	H3
icScaQuad_ENA|OZ259505|OZ259505.1_000181.1	Invertebrates	H3
icScaQuad_ENA|OZ259514|OZ259514.1_000004.1	Invertebrates	H3
icSilAtra2_chr_2_000121.1	Invertebrates	H3
icSilAtra2_chr_14_000089.1	Invertebrates	H3
icSilAtra2_chr_14_000091.1	Invertebrates	H3
igLabMino_ENA|OY720344|OY720344.1_001259.1	Invertebrates	H3
igLabMino_ENA|OY720344|OY720344.1_002439.1	Invertebrates	H3
igLabMino_ENA|OY720344|OY720344.1_002434.1	Invertebrates	H3
idAcrOrbc_ENA|OX375757|OX375757.1_000464.1	Invertebrates	H3
idAcrOrbc_ENA|OX375757|OX375757.1_000465.1	Invertebrates	H3
idAcrOrbc_ENA|OX375757|OX375757.1_000467.1	Invertebrates	H3
idAntAnth_ENA|OZ020117|OZ020117.1_002469.1	Invertebrates	H3
idAntAnth_ENA|OZ020117|OZ020117.1_002472.1	Invertebrates	H3
idAntAnth_ENA|OZ020117|OZ020117.1_002475.1	Invertebrates	H3
idAthIbis_ENA|OY282605|OY282605.2_000825.1	Invertebrates	H3
idAthIbis_ENA|OY282605|OY282605.2_000827.1	Invertebrates	H3
idAthIbis_ENA|OY282605|OY282605.2_000832.1	Invertebrates	H3
idBelPand1_chr_2_002226.1	Invertebrates	H3
idBelPand1_chr_4_000651.1	Invertebrates	H3
idBelPand1_chr_4_002502.1	Invertebrates	H3
idBibMarc1_chr_1_004419.1	Invertebrates	H3
idBibMarc1_chr_1_004417.1	Invertebrates	H3
idBibMarc1_chr_1_004415.1	Invertebrates	H3
idBomDisc1_chr_2_000829.1	Invertebrates	H3
idBomDisc1_chr_2_000831.1	Invertebrates	H3
idBomDisc1_chr_2_000833.1	Invertebrates	H3
idCluTigr1_chr_1_005557.1	Invertebrates	H3
idCluTigr1_chr_1_005554.1	Invertebrates	H3
idCluTigr1_chr_1_005551.1	Invertebrates	H3
idEpiSucc1_chr_2_000877.1	Invertebrates	H3
idEpiSucc1_chr_2_000880.1	Invertebrates	H3
idEpiSucc1_chr_2_000883.1	Invertebrates	H3
idGymRotn1_chr_5_003164.1	Invertebrates	H3
idGymRotn1_chr_5_003162.1	Invertebrates	H3
idGymRotn1_chr_5_003159.1	Invertebrates	H3
idHydCyrt_ENA|OY282513|OY282513.1_001086.1	Invertebrates	H3
idHydCyrt_ENA|OY282514|OY282514.1_002396.1	Invertebrates	H3
idHydCyrt_ENA|OY282514|OY282514.1_002393.1	Invertebrates	H3
idMacAtri3_chr_2_000504.1	Invertebrates	H3
idMacAtri3_chr_2_000509.1	Invertebrates	H3
idMacAtri3_chr_2_000514.1	Invertebrates	H3
idMelRora_ENA|OY757188|OY757188.1_000264.1	Invertebrates	H3
idMelRora_ENA|OY757188|OY757188.1_000267.1	Invertebrates	H3
idMelRora_ENA|OY757188|OY757188.1_000270.1	Invertebrates	H3
idNepFlae1_chr_1_001393.1	Invertebrates	H3
idNepFlae1_chr_1_001395.1	Invertebrates	H3
idNepFlae1_chr_1_001398.1	Invertebrates	H3
idPamGerm_ENA|OZ271770|OZ271770.1_002486.1	Invertebrates	H3
idPamGerm_ENA|OZ271771|OZ271771.1_002625.1	Invertebrates	H3
idPamGerm_ENA|OZ271771|OZ271771.1_002624.1	Invertebrates	H3
idPheCory1_chr_4_003431.1	Invertebrates	H3
idPheCory1_chr_5_003833.1	Invertebrates	H3
idPheCory1_chr_5_003830.1	Invertebrates	H3
idPhyMeln1_chr_2_001555.1	Invertebrates	H3
idPhyMeln1_chr_3_002750.1	Invertebrates	H3
idPhyMeln1_chr_3_000744.1	Invertebrates	H3
idPolAmen1_chr_2_000350.1	Invertebrates	H3
idPolAmen1_chr_2_000353.1	Invertebrates	H3
idPolAmen1_chr_2_000356.1	Invertebrates	H3
idProAzur1_chr_2_000377.1	Invertebrates	H3
idProAzur1_chr_2_000380.1	Invertebrates	H3
idProAzur1_chr_2_000383.1	Invertebrates	H3
idSarRose1_chr_2_002126.1	Invertebrates	H3
idSarRose1_chr_3_002130.1	Invertebrates	H3
idSarRose1_chr_3_002127.1	Invertebrates	H3
idSicFerr1_chr_1_001704.1	Invertebrates	H3
idSicFerr1_chr_1_001689.1	Invertebrates	H3
idSicFerr1_chr_1_001670.1	Invertebrates	H3
idSphTaen1_chr_1_012545.1	Invertebrates	H3
idSphTaen1_chr_1_005699.1	Invertebrates	H3
idSphTaen1_chr_1_005702.1	Invertebrates	H3
idStoLuna1_chr_2_003349.1	Invertebrates	H3
idStoLuna1_chr_2_003346.1	Invertebrates	H3
idStoLuna1_chr_2_003343.1	Invertebrates	H3
idSyrPipi1_chr_1_000558.1	Invertebrates	H3
idSyrPipi1_chr_1_000561.1	Invertebrates	H3
idSyrPipi1_chr_1_000564.1	Invertebrates	H3
idTacFera2_chr_3_001033.1	Invertebrates	H3
idTacFera2_chr_3_001036.1	Invertebrates	H3
idTacFera2_chr_3_001039.1	Invertebrates	H3
ieCloDipt_ENA|OX451259|OX451259.1_004226.1	Invertebrates	H3
ieCloDipt_ENA|OX451261|OX451261.1_002857.1	Invertebrates	H3
ieCloDipt_ENA|OX451261|OX451261.1_001826.1	Invertebrates	H3
ieEcdTorr_ENA|OX439130|OX439130.1_000671.1	Invertebrates	H3
ieProBifi_ENA|OZ259029|OZ259029.1_002430.1	Invertebrates	H3
ieProBifi_ENA|OZ259030|OZ259030.1_000828.1	Invertebrates	H3
ieProBifi_ENA|OZ259031|OZ259031.1_000001.1	Invertebrates	H3
ieSipAlte_ENA|OX463778|OX463778.1_002708.1	Invertebrates	H3
ieSipAlte_ENA|OX463778|OX463778.1_002707.1	Invertebrates	H3
ieSipAlte_ENA|OX463778|OX463778.1_002706.1	Invertebrates	H3
ihAcaHaem1_chr_2_003482.1	Invertebrates	H3
ihAcaHaem1_chr_2_002079.1	Invertebrates	H3
ihAelAcum1_chr_1_001499.1	Invertebrates	H3
ihAelAcum1_chr_2_002206.1	Invertebrates	H3
ihAelAcum1_chr_2_001291.1	Invertebrates	H3
ihIcePurc2_SUPER_2_005474.1	Invertebrates	H3
ihIcePurc2_SUPER_2_004887.1	Invertebrates	H3
iyAbiCand_ENA|OZ125708|OZ125708.1_000563.1	Invertebrates	H3
iyAbiCand_ENA|OZ125708|OZ125708.1_000469.1	Invertebrates	H3
iyAbiCand_ENA|OZ125709|OZ125709.1_000530.1	Invertebrates	H3
iyAmbArma2_chr_6_000938.1	Invertebrates	H3
iyAmbArma2_chr_6_000112.1	Invertebrates	H3
iyAmbArma2_chr_7_000014.1	Invertebrates	H3
iyAncNigr1_chr_4_001065.1	Invertebrates	H3
iyAncNigr1_chr_4_001064.1	Invertebrates	H3
iyAncNigr1_chr_5_000166.1	Invertebrates	H3
iyAndDors1_chr_1_002979.1	Invertebrates	H3
iyAndDors1_chr_1_002978.1	Invertebrates	H3
iyAndDors1_chr_3_002897.1	Invertebrates	H3
iyAnoNige1_chr_2_000269.1	Invertebrates	H3
iyAnoNige1_chr_14_000177.1	Invertebrates	H3
iyAnoNige1_chr_14_000178.1	Invertebrates	H3
iyApaInim_ENA|OZ239992|OZ239992.1_001788.1	Invertebrates	H3
iyApaInim_ENA|OZ239998|OZ239998.1_001244.1	Invertebrates	H3
iyApaInim_ENA|OZ239998|OZ239998.1_000935.1	Invertebrates	H3
iyAthRosa1_chr_1_000833.1	Invertebrates	H3
iyAthRosa1_chr_2_002407.1	Invertebrates	H3
iyAthRosa1_chr_4_000933.1	Invertebrates	H3
iyBomHypn1_chr_6_000499.1	Invertebrates	H3
iyBomHypn1_chr_6_000500.1	Invertebrates	H3
iyBomHypn1_chr_10_000058.1	Invertebrates	H3
iyBuaLabo1_chr_3_000237.1	Invertebrates	H3
iyBuaLabo1_chr_5_000852.1	Invertebrates	H3
iyBuaLabo1_chr_5_000849.1	Invertebrates	H3
iyCerRyby1_chr_13_000764.1	Invertebrates	H3
iyCerRyby1_chr_13_000763.1	Invertebrates	H3
iyCoeConi_ENA|OX392450|OX392450.1_000274.1	Invertebrates	H3
iyCoeConi_ENA|OX392450|OX392450.1_000275.1	Invertebrates	H3
iyCoeConi_ENA|OX392457|OX392457.1_000420.1	Invertebrates	H3
iyEctCont1_chr_10_000252.1	Invertebrates	H3
iyEctCont1_chr_10_000253.1	Invertebrates	H3
iyLasVill_ENA|OZ020498|OZ020498.1_001092.1	Invertebrates	H3
iyLasVill_ENA|OZ020498|OZ020498.1_001088.1	Invertebrates	H3
iyLasVill_ENA|OZ020503|OZ020503.1_000800.1	Invertebrates	H3
iyMacAlbo_ENA|OX451206|OX451206.1_000103.1	Invertebrates	H3
iyMacAlbo_ENA|OX451206|OX451206.1_000105.1	Invertebrates	H3
iyMacAlbo_ENA|OX451206|OX451206.1_003136.1	Invertebrates	H3
iyMacEuro1_chr_2_000390.1	Invertebrates	H3
iyMacEuro1_chr_2_000391.1	Invertebrates	H3
iyMacEuro1_chr_3_001293.1	Invertebrates	H3
iyMimDahl1_chr_5_000224.1	Invertebrates	H3
iyMimDahl1_chr_5_000225.1	Invertebrates	H3
iyMimDahl1_chr_10_000083.1	Invertebrates	H3
iyNomFabr1_chr_3_000825.1	Invertebrates	H3
iyNomFabr1_chr_3_000758.1	Invertebrates	H3
iyNomFabr1_chr_3_000239.1	Invertebrates	H3
iyNysSpin1_chr_4_000120.1	Invertebrates	H3
iyNysSpin1_chr_9_000078.1	Invertebrates	H3
iyNysSpin1_chr_9_000079.1	Invertebrates	H3
iyOphLute1_chr_2_000962.1	Invertebrates	H3
iyOphLute1_chr_2_000963.1	Invertebrates	H3
iyPemLugu_ENA|OW121817|OW121817.1_000657.1	Invertebrates	H3
iyPemLugu_ENA|OW121817|OW121817.1_000659.1	Invertebrates	H3
iyPemLugu_ENA|OW121819|OW121819.1_001019.1	Invertebrates	H3
iyPriPert_ENA|OZ012646|OZ012646.1_000782.1	Invertebrates	H3
iyPriPert_ENA|OZ012646|OZ012646.1_000779.1	Invertebrates	H3
iyPriPert_ENA|OZ012647|OZ012647.1_000190.1	Invertebrates	H3
iyRhoChlo1_chr_1_003151.1	Invertebrates	H3
iyRhoChlo1_chr_1_000470.1	Invertebrates	H3
iyRhoChlo1_chr_3_001218.1	Invertebrates	H3
iySelTumu1_chr_2_000330.1	Invertebrates	H3
iySelTumu1_chr_2_000331.1	Invertebrates	H3
iySelTumu1_chr_14_000036.1	Invertebrates	H3
iyStePhae1_chr_2_000495.1	Invertebrates	H3
iyStePhae1_chr_2_000494.1	Invertebrates	H3
iyStePhae1_chr_2_000309.1	Invertebrates	H3
iyTipFemo1_chr_5_000493.1	Invertebrates	H3
iyTipFemo1_chr_5_000494.1	Invertebrates	H3
iyVesVulg1_chr_1_000902.1	Invertebrates	H3
iyVesVulg1_chr_1_000901.1	Invertebrates	H3
iyVesVulg1_chr_1_000637.1	Invertebrates	H3
iyVulBima_ENA|OZ249104|OZ249104.1_000338.1	Invertebrates	H3
iyVulBima_ENA|OZ249105|OZ249105.1_000430.1	Invertebrates	H3
iyVulBima_ENA|OZ249105|OZ249105.1_000431.1	Invertebrates	H3
ilAgoAren1_chr_18_000445.1	Invertebrates	H3
ilAgoAren1_chr_26_000356.1	Invertebrates	H3
ilAgoAren1_chr_26_000351.1	Invertebrates	H3
ilBisBetu1_chr_13_000422.1	Invertebrates	H3
ilBisBetu1_chr_28_000104.1	Invertebrates	H3
ilBisBetu1_chr_28_000109.1	Invertebrates	H3
ilDeiPorc1_chr_1_000511.1	Invertebrates	H3
ilDeiPorc1_chr_1_000515.1	Invertebrates	H3
ilDeiPorc1_chr_1_000520.1	Invertebrates	H3
ilEmmMono1_chr_5_000730.1	Invertebrates	H3
ilEmmMono1_chr_5_000061.1	Invertebrates	H3
ilEmmMono1_chr_12_000051.1	Invertebrates	H3
ilHydMica1_chr_5_000487.1	Invertebrates	H3
ilHydMica1_chr_27_000039.1	Invertebrates	H3
ilHydMica1_chr_27_000370.1	Invertebrates	H3
ilMicArun2_chr_15_000331.1	Invertebrates	H3
ilMicArun2_chr_25_000118.1	Invertebrates	H3
ilMicArun2_chr_25_000119.1	Invertebrates	H3
ilNotUddm1_chr_8_000791.1	Invertebrates	H3
ilNotUddm1_chr_9_000559.1	Invertebrates	H3
ilNotUddm1_chr_25_000321.1	Invertebrates	H3
ilParAegt1_chr_7_000644.1	Invertebrates	H3
ilParAegt1_chr_14_000403.1	Invertebrates	H3
ilParAegt1_chr_26_000387.1	Invertebrates	H3
ilParStra1_chr_10_000520.1	Invertebrates	H3
ilParStra1_chr_28_000095.1	Invertebrates	H3
ilParStra1_chr_28_000098.1	Invertebrates	H3
ilPieNapi4_chr_17_000320.1	Invertebrates	H3
ilPieNapi4_chr_24_000206.1	Invertebrates	H3
ilPieNapi4_chr_24_000201.1	Invertebrates	H3
ilPyrMalv3_chr_2_000057.1	Invertebrates	H3
ilPyrMalv3_chr_27_000046.1	Invertebrates	H3
ilPyrMalv3_chr_27_000051.1	Invertebrates	H3
ilSesBemb1_chr_9_000057.1	Invertebrates	H3
ilSesBemb1_chr_27_000412.1	Invertebrates	H3
ilSesBemb1_chr_27_000407.1	Invertebrates	H3
ilThoDeci1_chr_7_000720.1	Invertebrates	H3
ilThoDeci1_chr_11_000595.1	Invertebrates	H3
ilThoDeci1_chr_16_000975.1	Invertebrates	H3
ilTinTrin1_chr_11_000038.1	Invertebrates	H3
ilTinTrin1_chr_27_000006.1	Invertebrates	H3
ilTinTrin1_chr_27_000011.1	Invertebrates	H3
ilWatBina1_chr_11_000368.1	Invertebrates	H3
ilWatBina1_chr_29_000256.1	Invertebrates	H3
ilWatBina1_chr_29_000251.1	Invertebrates	H3
ilYpsScab1_chr_7_000462.1	Invertebrates	H3
ilYpsScab1_chr_25_000745.1	Invertebrates	H3
ilYpsScab1_chr_25_000093.1	Invertebrates	H3
ilZeuPyri1_chr_9_000526.1	Invertebrates	H3
ilZeuPyri1_chr_27_000159.1	Invertebrates	H3
ilZeuPyri1_chr_27_000164.1	Invertebrates	H3
inChrCarn1_chr_3_001195.1	Invertebrates	H3
inChrCarn1_chr_X_001315.1	Invertebrates	H3
inChrCarn1_chr_X_001314.1	Invertebrates	H3
ioIscEleg1_chr_1_002121.1	Invertebrates	H3
ioIscEleg1_RAPID_14e1_000006.1	Invertebrates	H3
ioIscEleg1_RAPID_14e4_000001.1	Invertebrates	H3
ioPlaPenn1_chr_1_001839.1	Invertebrates	H3
ioPlaPenn1_SUPER_12_u15_000006.1	Invertebrates	H3
ioPlaPenn1_SUPER_12_u15_000009.1	Invertebrates	H3
ipIsoGram3_SUPER_6_000606.1	Invertebrates	H3
ipLeuNigr2_chr_4_001848.1	Invertebrates	H3
ipLeuNigr2_chr_10_000704.1	Invertebrates	H3
ipLeuNigr2_chr_10_000726.1	Invertebrates	H3
ipNemDubi1_chr_4_001109.1	Invertebrates	H3
ipNemPict2_chr_7_000214.1	Invertebrates	H3
ipNemPict2_chr_8_000919.1	Invertebrates	H3
ipNemPict2_chr_8_000071.1	Invertebrates	H3
iuLoeVari_ENA|OZ180000|OZ180000.1_000327.1	Invertebrates	H3
iuMesFusc_ENA|OX465381|OX465381.1_000852.1	Invertebrates	H3
iuPsoGibb_ENA|OZ020490|OZ020490.1_000935.1	Invertebrates	H3
iiGlyPell1_chr_12_000632.1	Invertebrates	H3
iiGlyPell1_chr_23_000025.1	Invertebrates	H3
iiGlyPell1_chr_23_000030.1	Invertebrates	H3
iiLimAuri_ENA|OX638399|OX638399.1_000087.1	Invertebrates	H3
iiLimAuri_ENA|OX638405|OX638405.1_000031.1	Invertebrates	H3
iiLimAuri_ENA|OX638411|OX638411.1_000025.1	Invertebrates	H3
iiLimLuna2_chr_5_002201.1	Invertebrates	H3
iiLimLuna2_chr_5_002199.1	Invertebrates	H3
iiLimLuna2_chr_5_002196.1	Invertebrates	H3
iiLimMarm1_chr_26_000375.1	Invertebrates	H3
iiLimMarm1_chr_27_000648.1	Invertebrates	H3
iiLimRhom1_chr_10_000623.1	Invertebrates	H3
iiLimRhom1_chr_20_001613.1	Invertebrates	H3
iiLimRhom1_chr_20_001607.1	Invertebrates	H3
jaDiaLine6_chr_1_002163.1	Invertebrates	H3
jaDiaLine6_chr_2_002745.1	Invertebrates	H3
jaDiaLine6_chr_2_002249.1	Invertebrates	H3
jaNemVect1_chr_12_000792.1	Invertebrates	H3
jaNemVect1_chr_12_000790.1	Invertebrates	H3
jaNemVect1_chr_12_000709.1	Invertebrates	H3
jaRicFlor1_SUPER_1_002258.1	Invertebrates	H3
jaRicFlor1_SUPER_2_001191.1	Invertebrates	H3
jaRicFlor1_SUPER_2_001219.1	Invertebrates	H3
jrHalOcto1_chr_2_001687.1	Invertebrates	H3
jrHalOcto1_chr_2_001685.1	Invertebrates	H3
jrHalOcto1_chr_4_001397.1	Invertebrates	H3
kaAplTurb1_chr_1_000706.1	Invertebrates	H3
kaAplTurb1_chr_15_000738.1	Invertebrates	H3
laAliPlan1_ENA_OY856409__004769.1	Viridiplantae	H3
laAliPlan1_ENA_OY856409__002131.1	Viridiplantae	H3
laAliPlan1_ENA_OY856409__004763.1	Viridiplantae	H3
laApoDist1_Chr2_005267.1	Viridiplantae	H3
laApoDist1_Chr2_001410.1	Viridiplantae	H3
laApoDist1_Chr3_000305.1	Viridiplantae	H3
laLemMinu1_ENA|OZ204785|OZ204785.1_000686.1	Viridiplantae	H3
laLemMinu1_ENA|OZ204787|OZ204787.1_000317.1	Viridiplantae	H3
laLemMinu1_ENA|OZ204789|OZ204789.1_000440.1	Viridiplantae	H3
laPotNata_ENA|OZ242052|OZ242052.1_000649.1	Viridiplantae	H3
laPotNata_ENA|OZ242053|OZ242053.1_002090.1	Viridiplantae	H3
laPotNata_ENA|OZ242053|OZ242053.1_002089.1	Viridiplantae	H3
laTriMari_ENA|OY821770|OY821770.1_001914.1	Viridiplantae	H3
laTriMari_ENA|OY821770|OY821770.1_000217.1	Viridiplantae	H3
laTriMari_ENA|OY821770|OY821770.1_001426.1	Viridiplantae	H3
ldNarOssi_ENA|OY986964|OY986964.1_002065.1	Viridiplantae	H3
ldNarOssi_ENA|OY986967|OY986967.1_001030.1	Viridiplantae	H3
ldNarOssi_ENA|OY986969|OY986969.1_001128.1	Viridiplantae	H3
lpBroSter1_ENA|OX465595|OX465595.1_006468.1	Viridiplantae	H3
lpBroSter1_ENA|OX465595|OX465595.1_004062.1	Viridiplantae	H3
lpBroSter1_ENA|OX465595|OX465595.1_004060.1	Viridiplantae	H3
lpCarDepa1_SUPER_3_000660.1	Viridiplantae	H3
lpCarDepa1_SUPER_4_000409.1	Viridiplantae	H3
lpCarDepa1_SUPER_9_000137.1	Viridiplantae	H3
lpCypFusc_ENA|OZ210602|OZ210602.1_000190.1	Viridiplantae	H3
lpCypFusc_ENA|OZ210602|OZ210602.1_000424.1	Viridiplantae	H3
lpCypFusc_ENA|OZ210602|OZ210602.1_000425.1	Viridiplantae	H3
lpDigSang_ENA|OZ156428|OZ156428.1_001130.1	Viridiplantae	H3
lpDigSang_ENA|OZ156428|OZ156428.1_001950.1	Viridiplantae	H3
lpDigSang_ENA|OZ156428|OZ156428.1_001953.1	Viridiplantae	H3
lpEleQuin_ENA|OZ060288|OZ060288.1_000745.1	Viridiplantae	H3
lpEleQuin_ENA|OZ060288|OZ060288.1_000496.1	Viridiplantae	H3
lpEleQuin_ENA|OZ060289|OZ060289.1_000745.1	Viridiplantae	H3
lpEriAngu_ENA|OZ259038|OZ259038.1_001299.1	Viridiplantae	H3
lpEriAngu_ENA|OZ259041|OZ259041.1_001099.1	Viridiplantae	H3
lpEriAngu_ENA|OZ259042|OZ259042.1_000506.1	Viridiplantae	H3
lpHieOdor1_odorata_Chr1_005690.1	Viridiplantae	H3
lpHieOdor1_odorata_Chr2_001564.1	Viridiplantae	H3
lpHieOdor1_odorata_Chr2_006160.1	Viridiplantae	H3
lpHorVulg1_vulgare_Chr1_001329.1	Viridiplantae	H3
lpHorVulg1_vulgare_Chr1_006340.1	Viridiplantae	H3
lpHorVulg1_vulgare_Chr1_006339.1	Viridiplantae	H3
lpJunBufo_ENA|OZ263683|OZ263683.1_000785.1	Viridiplantae	H3
lpJunBufo_ENA|OZ263688|OZ263688.1_000341.1	Viridiplantae	H3
lpJunBufo_ENA|OZ263690|OZ263690.1_000112.1	Viridiplantae	H3
lpJunEffu1_SUPER_4_000653.1	Viridiplantae	H3
lpJunEffu1_SUPER_4_001213.1	Viridiplantae	H3
lpJunEffu1_SUPER_7_001687.1	Viridiplantae	H3
lpJunSqua_ENA|OZ243988|OZ243988.1_000535.1	Viridiplantae	H3
lpJunSqua_ENA|OZ243989|OZ243989.1_000582.1	Viridiplantae	H3
lpJunSqua_ENA|OZ243990|OZ243990.1_000072.1	Viridiplantae	H3
lpLeeOryz_ENA|OZ228956|OZ228956.1_004043.1	Viridiplantae	H3
lpLeeOryz_ENA|OZ228957|OZ228957.1_001022.1	Viridiplantae	H3
lpLeeOryz_ENA|OZ228958|OZ228958.1_000685.1	Viridiplantae	H3
lpLuzPall_ENA|OZ187629|OZ187629.1_001699.1	Viridiplantae	H3
lpLuzPall_ENA|OZ187630|OZ187630.1_004371.1	Viridiplantae	H3
lpLuzPall_ENA|OZ187631|OZ187631.1_003277.1	Viridiplantae	H3
lpLuzSylv1_SUPER_1_001246.1	Viridiplantae	H3
lpLuzSylv1_SUPER_2_001938.1	Viridiplantae	H3
lpLuzSylv1_SUPER_2_002189.1	Viridiplantae	H3
lpPhlPrat_ENA|OZ273853|OZ273853.1_007016.1	Viridiplantae	H3
lpPhlPrat_ENA|OZ273853|OZ273853.1_007015.1	Viridiplantae	H3
lpPhlPrat_ENA|OZ273854|OZ273854.1_008768.1	Viridiplantae	H3
lpPhrAust1_SUPER_1_001425.1	Viridiplantae	H3
lpPhrAust1_SUPER_2_001429.1	Viridiplantae	H3
lpPhrAust1_SUPER_3_000879.1	Viridiplantae	H3
lpPoaChai_ENA|OZ173740|OZ173740.1_007083.1	Viridiplantae	H3
lpPoaChai_ENA|OZ173740|OZ173740.1_007079.1	Viridiplantae	H3
lpPoaChai_ENA|OZ173741|OZ173741.1_008089.1	Viridiplantae	H3
lpPolViri_ENA|OZ174307|OZ174307.1_008219.1	Viridiplantae	H3
lpPolViri_ENA|OZ174308|OZ174308.1_007429.1	Viridiplantae	H3
lpPolViri_ENA|OZ174308|OZ174308.1_001124.1	Viridiplantae	H3
lpSchLacu1_SUPER_2_001751.1	Viridiplantae	H3
lpSchLacu1_SUPER_2_000260.1	Viridiplantae	H3
lpSchLacu1_SUPER_3_001361.1	Viridiplantae	H3
lpSchTabe_ENA|OZ255970|OZ255970.1_001362.1	Viridiplantae	H3
lpSchTabe_ENA|OZ255970|OZ255970.1_000089.1	Viridiplantae	H3
lpSchTabe_ENA|OZ255970|OZ255970.1_000565.1	Viridiplantae	H3
lpSchTriq_ENA|OZ060260|OZ060260.1_001652.1	Viridiplantae	H3
lpSchTriq_ENA|OZ060260|OZ060260.1_000262.1	Viridiplantae	H3
lpSchTriq_ENA|OZ060261|OZ060261.1_001019.1	Viridiplantae	H3
lpSciSylv_ENA|OZ223708|OZ223708.1_001228.1	Viridiplantae	H3
lpSciSylv_ENA|OZ223714|OZ223714.1_000568.1	Viridiplantae	H3
lpSciSylv_ENA|OZ223715|OZ223715.1_000243.1	Viridiplantae	H3
lpSpaEmer_ENA|OZ243046|OZ243046.1_003230.1	Viridiplantae	H3
lpSpaEmer_ENA|OZ243046|OZ243046.1_002930.1	Viridiplantae	H3
lpSpaEmer_ENA|OZ243046|OZ243046.1_002195.1	Viridiplantae	H3
lpTriCesp_ENA|OZ238269|OZ238269.1_000261.1	Viridiplantae	H3
lpTriCesp_ENA|OZ238272|OZ238272.1_000548.1	Viridiplantae	H3
lpTriCesp_ENA|OZ238275|OZ238275.1_000481.1	Viridiplantae	H3
lsIriFoet1_GCA_964204905_chr_Chr1_000029.1	Viridiplantae	H3
lsIriFoet1_GCA_964204905_chr_Chr2_002668.1	Viridiplantae	H3
lsIriFoet1_GCA_964204905_chr_Chr2_001309.1	Viridiplantae	H3
mCanLor1_chr_1_000935.1	Vertebrates	H3
mCanLor1_chr_7_000168.1	Vertebrates	H3
mCanLor1_chr_9_000697.1	Vertebrates	H3
mCerEla1_chunk1_chr_5_000858.1	Vertebrates	H3
mCerEla1_chunk1_chr_7_000278.1	Vertebrates	H3
mCerEla1_chunk1_chr_7_000279.1	Vertebrates	H3
mDicBic1_chunk1_chr_1_000798.1	Vertebrates	H3
mDicBic1_chunk1_chr_4_000979.1	Vertebrates	H3
mDicBic1_chunk1_chr_4_000978.1	Vertebrates	H3
mEleMax1_chunk1_chr_1_000238.1	Vertebrates	H3
mEleMax1_chunk1_chr_1_001520.1	Vertebrates	H3
mEleMax1_chunk1_chr_1_000246.1	Vertebrates	H3
mLemCat1_chr_3_001576.1	Vertebrates	H3
mLemCat1_chr_3_001575.1	Vertebrates	H3
mLemCat1_chr_3_000117.1	Vertebrates	H3
mMelMel3_chunk1_chr_1_002268.1	Vertebrates	H3
mMelMel3_chunk1_chr_1_001051.1	Vertebrates	H3
mMelMel3_chunk1_chr_1_001052.1	Vertebrates	H3
mOrcOrc1_chunk1_chr_1_002129.1	Vertebrates	H3
mOrcOrc1_chunk1_chr_1_001739.1	Vertebrates	H3
mOrcOrc1_chunk1_chr_1_000473.1	Vertebrates	H3
nxTriColu_ENA|OZ022259|OZ022259.1_000301.1	Invertebrates	H3
nxTriColu_ENA|OZ022259|OZ022259.1_001715.1	Invertebrates	H3
nxTriColu_ENA|OZ022259|OZ022259.1_000802.1	Invertebrates	H3
ocSycCili_ENA|OZ025893|OZ025893.1_002487.1	Invertebrates	H3
ocSycCili_ENA|OZ025900|OZ025900.1_000785.1	Invertebrates	H3
ocSycCili_ENA|OZ025900|OZ025900.1_000784.1	Invertebrates	H3
pEimTen1_chr_15_002076.1	Protist	H3
paTetJugo1_chr_3_000064.1	Protist	H3
paTetJugo1_chr_19_000096.1	Protist	H3
paTetJugo1_chr_19_000160.1	Protist	H3
qqMetBour1_chr_2_000629.1	Invertebrates	H3
qqMetBour1_chr_6_001800.1	Invertebrates	H3
qqMetBour1_chr_10_000373.1	Invertebrates	H3
qeAllFusc_ENA|OX359245|OX359245.1_004977.1	Invertebrates	H3
qeAllFusc_ENA|OX359246|OX359246.1_007747.1	Invertebrates	H3
qeAllFusc_ENA|OX359246|OX359246.1_001528.1	Invertebrates	H3
qeDicMinu_ENA|OX461808|OX461808.1_001892.1	Invertebrates	H3
qeDicMinu_ENA|OX461808|OX461808.1_019652.1	Invertebrates	H3
qeLepCurv_ENA|OZ194353|OZ194353.1_000219.1	Invertebrates	H3
qeLepCurv_ENA|OZ194353|OZ194353.1_000776.1	Invertebrates	H3
qeLepCurv_ENA|OZ194354|OZ194354.1_004640.1	Invertebrates	H3
qeOrcFlav_ENA|OZ035953|OZ035953.1_003229.1	Invertebrates	H3
qeOrcFlav_ENA|OZ035954|OZ035954.1_008357.1	Invertebrates	H3
qxSacCarc1_chr_12_000134.1	Invertebrates	H3
qxSacCarc1_chr_12_000137.1	Invertebrates	H3
qxSacCarc1_chr_12_000141.1	Invertebrates	H3
rVipLat1_chr_1_003064.1	Vertebrates	H3
rVipLat1_chr_2_001011.1	Vertebrates	H3
rVipLat1_chr_2_004090.1	Vertebrates	H3
tzBugStol2_chr_1_001151.1	Invertebrates	H3
tzBugStol2_chr_3_001554.1	Invertebrates	H3
tzBugStol2_chr_8_000273.1	Invertebrates	H3
tzCryPall5_SUPER_5_001860.1	Invertebrates	H3
tzCryPall5_SUPER_6_002243.1	Invertebrates	H3
tzMemMemb1_chr_1_002497.1	Invertebrates	H3
tzMemMemb1_chr_2_003431.1	Invertebrates	H3
tnLinLong1_chr_1_001256.1	Invertebrates	H3
tnLinLong1_chr_6_001305.1	Invertebrates	H3
tnLinLong1_chr_6_000907.1	Invertebrates	H3
ucDunPrim2_chr_2_000983.1	Viridiplantae	H3
ucDunPrim2_chr_2_000180.1	Viridiplantae	H3
ucDunPrim2_chr_2_000357.1	Viridiplantae	H3
ucMarCocc_ENA|OY978100|OY978100.1_000556.1	Viridiplantae	H3
ucMarCocc_ENA|OY978107|OY978107.1_000351.1	Viridiplantae	H3
ucMarCocc_ENA|OY978107|OY978107.1_000329.1	Viridiplantae	H3
ucPseBory_ENA|OY744493|OY744493.1_000140.1	Viridiplantae	H3
ucPseBory_ENA|OY744493|OY744493.1_000142.1	Viridiplantae	H3
ucPseBory_ENA|OY744493|OY744493.1_000448.1	Viridiplantae	H3
ucPycProv1_chr_22_000138.1	Viridiplantae	H3
ucPycProv1_chr_22_000023.1	Viridiplantae	H3
wcLumRube1_SUPER_2_002499.1	Invertebrates	H3
wcLumRube1_SUPER_5_001965.1	Invertebrates	H3
wcLumRube1_SUPER_11_001258.1	Invertebrates	H3
wpAliVire1_chr_3_002077.1	Invertebrates	H3
wpAliVire1_chr_12_001191.1	Invertebrates	H3
wpAliVire1_chr_12_001188.1	Invertebrates	H3
wpLepClav1_chr_3_000602.1	Invertebrates	H3
wpSthLimi1_chr_2_004447.1	Invertebrates	H3
wpSthLimi1_chr_5_001861.1	Invertebrates	H3
wrPisGeom1_chr_1_001266.1	Invertebrates	H3
wrPisGeom1_chr_1_001264.1	Invertebrates	H3
wrPisGeom1_chr_1_001262.1	Invertebrates	H3
xbGarTell2_chr_1_000737.1	Invertebrates	H3
xbGarTell2_chr_14_000108.1	Invertebrates	H3
xbGarTell2_chr_14_000113.1	Invertebrates	H3
xbLimFort5_chr_2_002467.1	Invertebrates	H3
xbLimFort5_chr_2_002464.1	Invertebrates	H3
xbLimFort5_chr_5_002820.1	Invertebrates	H3
xbTriCroc3_chr_1_001328.1	Invertebrates	H3
xbTriCroc3_chr_13_000123.1	Invertebrates	H3
xbTriCroc3_chr_13_001236.1	Invertebrates	H3
xgBioGlab47_SUPER_2_000906.1	Invertebrates	H3
xgBioGlab47_SUPER_3_001318.1	Invertebrates	H3
xgBioGlab47_SUPER_3_001317.1	Invertebrates	H3
xgGibMagu1_chr_2_003215.1	Invertebrates	H3
xgGibMagu1_chr_2_001721.1	Invertebrates	H3
xgGibMagu1_chr_2_001723.1	Invertebrates	H3
xgPatPell1_chr_1_002883.1	Invertebrates	H3
xgPatVulg1_chr_2_002631.1	Invertebrates	H3
xgPhoLine1_chr_2_001423.1	Invertebrates	H3
xgPhoLine1_chr_3_001406.1	Invertebrates	H3
xgPhoLine1_chr_3_001408.1	Invertebrates	H3
xgSteCine2_chr_2_000907.1	Invertebrates	H3
xgSteCine2_chr_2_001693.1	Invertebrates	H3
xgSteCine2_chr_11_000285.1	Invertebrates	H3
