prevalence	min_sites	markers	false_positive_rate	recall
0.05	2	303865	0.2524752475247525	0.9166666666666666
0.05	3	303865	0.14246424642464248	0.8916666666666667
0.05	5	303865	0.06765676567656766	0.8041666666666667
0.05	8	303865	0.03850385038503851	0.6916666666666667
0.1	2	154459	0.20572057205720573	0.9166666666666666
0.1	3	154459	0.11826182618261827	0.8916666666666667
0.1	5	154459	0.0638063806380638	0.8416666666666667
0.1	8	154459	0.0462046204620462	0.7791666666666667
0.25	2	38271	0.07920792079207921	0.8208333333333333
0.25	3	38271	0.040154015401540157	0.7625
0.25	5	38271	0.022002200220022004	0.6833333333333333
0.25	8	38271	0.01155115511551155	0.5833333333333334
