pair	chrom	start_min_Mb	start_max_Mb	breakpoint	n_elements	n_accessions	direction	accessions
2-4c	Chr3	16.12	19.76	within RT	76	76	2>4c	100621.Chr_scaffolds,9806.ragtag_Chr1to5,9994.ragtag_Chr1to5,AH-7.ragtag_Chr1to5,ANGE-B-10.ragtag_Chr1to5,Abd-0.ragtag_Chr1to5,Belmonte-4-94.ragtag_Chr1to5,Bor-1.ragtag_Chr1to5,Cdm-0.ragtag_Chr1to5,Co-4.ragtag_Chr1to5,Dra-2.ragtag_Chr1to5,Elh-2.ragtag_Chr1to5,Elk-1.ragtag_Chr1to5,Est-0.ragtag_Chr1to5,Hiroshima.ragtag_Chr1to5,Hs-0.ragtag_Chr1to5,Ishikawa.ragtag_Chr1to5,Kar-1.ragtag_Chr1to5,Kas-1.ragtag_Chr1to5,Ket-10.ragtag_Chr1to5,Kondara.ragtag_Chr1to5,Kyr-1.ragtag_Chr1to5,LI-OF-095.ragtag_Chr1to5,LL-0.ragtag_Chr1to5,Ms-0.ragtag_Chr1to5,Nov-2.ragtag_Chr1to5,Nz-1.ragtag_Chr1to5,Per-1.ragtag_Chr1to5,Pu2-23_ragtagChr1to5,Qar-8a.ragtag_Chr1to5,RRS10.ragtag_Chr1to5,Sah-0.ragtag_Chr1to5,Sf-2.ragtag_Chr1to5,Sha.ragtag_Chr1to5,Sij-1.ragtag_Chr1to5,Sij-2.ragtag_Chr1to5,Sorbo.ragtag_Chr1to5,Sus-1.ragtag_Chr1to5,Tanz_merc.ragtag_Chr1to5,Tanz_wlod.ragtag_Chr1to5,Tul-0.ragtag_Chr1to5,Yilong-0.ragtag_Chr1to5,Zal-1_Chr1to5_2026,_6024_Chr1to5,_Altai-5_ColChr1to5ragtag_Chr1to5,_Geg-14_ColChr1to5ragtag_Chr1to5,_Ice-1_ColChr1to5ragtag_Chr1to5,ragtag7143_ColChr1to5_Chr1to5,ragtag9336_ColChr1to5_Chr1to5,ragtag9879_ColChr1to5_Chr1to5,ragtag9900_ColChr1to5_Chr1to5,ragtagANGE-B-2_ColChr1to5_Chr1to5,ragtagBANI-C-12_ColChr1to5_Chr1to5,ragtagBARC-A-12_ColChr1to5_Chr1to5,ragtagBARC-A-17_ColChr1to5_Chr1to5,ragtagCAMA-C-2_ColChr1to5_Chr1to5,ragtagCAMA-C-9_ColChr1to5_Chr1to5,ragtagCas-0_ColChr1to5_Chr1to5,ragtagCas-6_ColChr1to5_Chr1to5,ragtagCat-0_ColChr1to5_Chr1to5,ragtagERR8705874_ColChr1to5_Chr1to5,ragtagFERR-A-12_ColChr1to5_Chr1to5,ragtagFERR-A-8_ColChr1to5_Chr1to5,ragtagHom-0_ColChr1to5_Chr1to5,ragtagHom-4_ColChr1to5_Chr1to5,ragtagHum-2_ColChr1to5_Chr1to5,ragtagHum-4_ColChr1to5_Chr1to5,ragtagMERE-A-13_ColChr1to5_Chr1to5,ragtagMdc-14_ColChr1to5_Chr1to5,ragtagMed-0_ColChr1to5_Chr1to5,ragtagMet-6_ColChr1to5_Chr1to5,ragtagMr-0_ColChr1to5ragtag_Chr1to5,ragtagSALE-A-10_ColChr1to5_Chr1to5,ragtagSALE-A-17_ColChr1to5_Chr1to5,ragtagSan-9_ColChr1to5_Chr1to5,ws-4.ragtag_Chr1to5
5-6a	Chr4	6.73	10.02	outside annotated domains	27	26	5>6a	9847.ragtag_Chr1to5,AS150_2026AT,Meh-0.ragtag_Chr1to5,Nz-1.ragtag_Chr1to5,Pra-6.ragtag_Chr1to5,Pyl-1.ragtag_Chr1to5,St-0.ragtag_Chr1to5,St-0_kang_ragtag_Chr1to5,Stw-0_Chr1to5_2026,TueSB30-3.ragtag_Chr1to5,Valsi-1.ragtag_Chr1to5,_Anz-0_ColChr1to5ragtag_Chr1to5,_Geg-14_ColChr1to5ragtag_Chr1to5,ragtag6137_ColChr1to5_Chr1to5,ragtagAUZE-A-5_ColChr1to5_Chr1to5,ragtagAlo-0_ColChr1to5_Chr1to5,ragtagBANI-C-12_ColChr1to5_Chr1to5,ragtagBARA-C-3_ColChr1to5_Chr1to5,ragtagBROU-A-10_ColChr1to5_Chr1to5,ragtagCas-0_ColChr1to5_Chr1to5,ragtagEvs-0_ColChr1to5_Chr1to5,ragtagEvs-12_ColChr1to5_Chr1to5,ragtagLACR-C-14_ColChr1to5_Chr1to5,ragtagMONTM-B-16_ColChr1to5_Chr1to5,ragtagMONTM-B-7_ColChr1to5_Chr1to5,ragtagPREI-A-14_ColChr1to5_Chr1to5
2-4c	Chr1	14.11	14.40	between PROT and RT	21	21	2>4c	8285.ragtag_Chr1to5,9806.ragtag_Chr1to5,Belmonte-4-94.ragtag_Chr1to5,Col-0-kang.ragtag_Chr1to5,Db-1_Mercier_Chr1to5,Dra-2.ragtag_Chr1to5,Est-1.ragtag_Chr1to5,Kyr-1.ragtag_Chr1to5,Pra-6.ragtag_Chr1to5,Pu2-23_ragtagChr1to5,Rld-2.ragtag_Chr1to5,Sha.ragtag_Chr1to5,St-0.ragtag_Chr1to5,St-0_kang_ragtag_Chr1to5,Sus-1.ragtag_Chr1to5,TueSB30-3.ragtag_Chr1to5,Zal-1_Chr1to5_2026,_Altai-5_ColChr1to5ragtag_Chr1to5,_No-0_ColChr1to5ragtag_Chr1to5,ragtagCol-0_ColChr1to5_Chr1to5,ws-4.ragtag_Chr1to5
2-9	Chr5	14.33	16.38	outside annotated domains	14	14	2>9	AS530_AT,ASS3_AT,Got-22.ragtag_Chr1to5,Kz-9.ragtag_Chr1to5,LI-OF-095.ragtag_Chr1to5,Ler_2026,Sij-1.ragtag_Chr1to5,Sij-2.ragtag_Chr1to5,_1158_Chr1to5,_6024_Chr1to5,_Geg-14_ColChr1to5ragtag_Chr1to5,_Ice-1_ColChr1to5ragtag_Chr1to5,ragtag9744_ColChr1to5_Chr1to5,ragtagMONTM-B-7_ColChr1to5_Chr1to5
1-4	Chr2	4.84	8.14	outside annotated domains	12	12	4>1	Bor-1.ragtag_Chr1to5,Col-0-kang.ragtag_Chr1to5,Nz-1.ragtag_Chr1to5,St-0.ragtag_Chr1to5,St-0_kang_ragtag_Chr1to5,_Ice-1_ColChr1to5ragtag_Chr1to5,ragtagANGE-B-2_ColChr1to5_Chr1to5,ragtagCol-0_ColChr1to5_Chr1to5,ragtagHom-4_ColChr1to5_Chr1to5,ragtagMed-3_ColChr1to5_Chr1to5,ragtagSALE-A-10_ColChr1to5_Chr1to5,ragtagSALE-A-17_ColChr1to5_Chr1to5
1-2	Chr3	13.11	13.51	between GAG and PROT	10	10	2>1	Abd-0.ragtag_Chr1to5,BELC-C-12.ragtag_Chr1to5,Db-1_Mercier_Chr1to5,Edi-0.ragtag_Chr1to5,ragtag9883_ColChr1to5_Chr1to5,ragtagAlo-0_ColChr1to5_Chr1to5,ragtagBELC-C-10_ColChr1to5_Chr1to5,ragtagERR8705874_ColChr1to5_Chr1to5,ragtagGAIL-B-11_ColChr1to5_Chr1to5,ragtagLACR-C-14_ColChr1to5_Chr1to5
7-7a	Chr5	18.24	21.02	outside annotated domains	10	10	7>7a	Arb-0.ragtag_Chr1to5,Elh-2.ragtag_Chr1to5,Kar-1.ragtag_Chr1to5,Kyr-1.ragtag_Chr1to5,Sha.ragtag_Chr1to5,Sorbo.ragtag_Chr1to5,Sus-1.ragtag_Chr1to5,Toufl-1.ragtag_Chr1to5,Zal-1_Chr1to5_2026,_Altai-5_ColChr1to5ragtag_Chr1to5
1-6	Chr5	15.29	17.38	within INT	7	7	6>1	100621.Chr_scaffolds,Belmonte-4-94.ragtag_Chr1to5,Nemrut-1.ragtag_Chr1to5,_Anz-0_ColChr1to5ragtag_Chr1to5,ragtag9900_ColChr1to5_Chr1to5,ragtagAUZE-A-5_ColChr1to5_Chr1to5,ragtagHum-4_ColChr1to5_Chr1to5
4c-6a	Chr2	6.22	6.87	between GAG and PROT	6	6	4c>6a	8285.ragtag_Chr1to5,Sorbo.ragtag_Chr1to5,Stw-0_Chr1to5_2026,ragtagSALE-A-10_ColChr1to5_Chr1to5,ragtagSALE-A-17_ColChr1to5_Chr1to5,ws-4.ragtag_Chr1to5
1-9	Chr4	9.14	10.13	outside annotated domains	5	5	9>1	AS530_AT,ASS3_AT,Etna-2.ragtag_Chr1to5,Etna-2_kang_ragtag_Chr1to5,ragtag9762_ColChr1to5_Chr1to5
2-6a	Chr2	5.73	6.05	between GAG and PROT	3	3	2>6a	6923.ragtag_Chr1to5,Abd-0.ragtag_Chr1to5,ragtagERR8705874_ColChr1to5_Chr1to5
1-9	Chr4	7.03	8.11	outside annotated domains	3	3	9>1	_No-0_ColChr1to5ragtag_Chr1to5,ragtagBARC-A-17_ColChr1to5_Chr1to5,ragtagMdc-14_ColChr1to5_Chr1to5
2-9	Chr3	12.67	12.96	outside annotated domains	3	3	2>9	Co-4.ragtag_Chr1to5,Meh-0.ragtag_Chr1to5,ragtagSan-9_ColChr1to5_Chr1to5
1-8a	Chr2	2.57	2.98	outside annotated domains	3	3	1>8a	Nz-1.ragtag_Chr1to5,ragtag9503_ColChr1to5_fixed,ragtagBARA-C-3_ColChr1to5_Chr1to5
1-6	Chr5	13.34	13.34	within INT	1	1	6>1	ragtag9883_ColChr1to5_Chr1to5
2-9	Chr5	13.01	13.01	outside annotated domains	1	1	2>9	AS150_2026AT
2-9	Chr5	18.61	18.61	outside annotated domains	1	1	2>9	Pyl-1.ragtag_Chr1to5
1-9	Chr4	1.23	1.23	outside annotated domains	1	1	9>1	ragtagBARC-A-12_ColChr1to5_Chr1to5
1-2	Chr3	15.99	15.99	between GAG and PROT	1	1	1>2	St-0_kang_ragtag_Chr1to5
1-2	Chr3	18.78	18.78	between GAG and PROT	1	1	1>2	St-0.ragtag_Chr1to5
2-5	Chr4	9.14	9.14	outside annotated domains	1	1	2>5	Db-1_Mercier_Chr1to5
2-6	Chr3	17.78	17.78	outside annotated domains	1	1	6>2	Meh-0.ragtag_Chr1to5
1-2	Chr3	13.25	13.25	outside annotated domains	1	1	2>1	Pra-6.ragtag_Chr1to5
3-9	Chr1	14.29	14.29	outside annotated domains	1	1	3>9	ragtagBANI-C-12_ColChr1to5_Chr1to5
2-5	Chr5	16.45	16.45	outside annotated domains	1	1	2>5	ragtagBANI-C-12_ColChr1to5_Chr1to5
4-6	Chr3	16.82	16.82	outside annotated domains	1	1	6>4	ragtagSln-22_ColChr1to5_Chr1to5
