pair	detected	homology	diag_sites	opp_GAG	opp_RT	per_opp_GAG	per_opp_RT	per_diag	per_opp_diag
2-4c	80	53.132	3562	4343684	844932	18.418	94.682	0.022	5.171
2-6b	32	78.614	1673	0	1307361	nan	24.477	0.019	nan
1-6b	14	76.220	1822	0	350370	nan	39.958	0.008	nan
7a-7	2	83.298	784	0	0	nan	nan	0.003	nan
5-1	0	62.424	3605	541842	129540	0.000	0.000	0.000	0.000
5-2	0	64.565	3456	11687774	483362	0.000	0.000	0.000	0.000
5-6b	0	69.464	2314	0	174498	nan	0.000	0.000	nan
5-6a	0	56.776	2963	0	0	nan	nan	0.000	nan
5-6	0	66.597	1589	0	0	nan	nan	0.000	nan
5-3	0	59.031	2917	0	0	nan	nan	0.000	nan
5-0	0	66.115	3235	0	55880	nan	0.000	0.000	nan
5-4	0	45.554	1886	3258500	0	0.000	nan	0.000	0.000
5-4a	0	44.782	1217	0	0	nan	nan	0.000	nan
5-4c	0	52.829	3601	1288504	112776	0.000	0.000	0.000	0.000
5-7a	0	53.458	1999	158270	0	0.000	nan	0.000	0.000
5-7	0	57.263	3819	0	2794	nan	0.000	0.000	nan
5-8a	0	45.131	2316	0	0	nan	nan	0.000	nan
5-8b	0	48.358	2217	0	0	nan	nan	0.000	nan
5-9	0	53.889	3836	368676	22606	0.000	0.000	0.000	0.000
1-2	0	68.295	3155	1826607	970530	0.000	0.000	0.000	0.000
1-6a	0	60.135	2767	0	0	nan	nan	0.000	nan
1-6	0	74.280	1250	0	0	nan	nan	0.000	nan
1-3	0	58.030	2919	0	0	nan	nan	0.000	nan
1-0	0	66.772	3158	0	112200	nan	0.000	0.000	nan
1-4	0	45.347	1944	509250	0	0.000	nan	0.000	0.000
1-4a	0	44.929	1200	0	0	nan	nan	0.000	nan
1-4c	0	53.094	3548	201372	226440	0.000	0.000	0.000	0.000
1-7a	0	53.326	2000	24735	0	0.000	nan	0.000	0.000
1-7	0	58.468	3654	0	5610	nan	0.000	0.000	nan
1-8a	0	44.200	2386	0	0	nan	nan	0.000	nan
1-8b	0	47.771	2249	0	0	nan	nan	0.000	nan
1-9	0	54.119	3809	57618	45390	0.000	0.000	0.000	0.000
2-6a	0	64.599	2511	0	0	nan	nan	0.000	nan
2-6	0	75.334	1238	0	0	nan	nan	0.000	nan
2-3	0	58.722	2913	0	0	nan	nan	0.000	nan
2-0	0	66.636	3235	0	418660	nan	0.000	0.000	nan
2-4	0	46.845	1887	10984750	0	0.000	nan	0.000	0.000
2-4a	0	46.101	1182	0	0	nan	nan	0.000	nan
2-7a	0	54.816	1975	533545	0	0.000	nan	0.000	0.000
2-7	0	59.162	3673	0	20933	nan	0.000	0.000	nan
2-8a	0	45.125	2364	0	0	nan	nan	0.000	nan
2-8b	0	48.127	2243	0	0	nan	nan	0.000	nan
2-9	0	55.456	3764	1242846	169367	0.000	0.000	0.000	0.000
6b-6a	0	74.877	1787	0	0	nan	nan	0.000	nan
6b-6	0	83.722	830	0	0	nan	nan	0.000	nan
6b-3	0	62.910	1909	0	0	nan	nan	0.000	nan
6b-0	0	69.534	2334	0	151140	nan	0.000	0.000	nan
6b-4	0	47.088	1826	0	0	nan	nan	0.000	nan
6b-4a	0	46.338	1121	0	0	nan	nan	0.000	nan
6b-4c	0	56.981	2690	0	305028	nan	0.000	0.000	nan
6b-7a	0	55.212	1895	0	0	nan	nan	0.000	nan
6b-7	0	62.340	2800	0	7557	nan	0.000	0.000	nan
6b-8a	0	44.837	2340	0	0	nan	nan	0.000	nan
6b-8b	0	48.862	2180	0	0	nan	nan	0.000	nan
6b-9	0	58.734	2868	0	61143	nan	0.000	0.000	nan
6a-6	0	80.601	968	0	0	nan	nan	0.000	nan
6a-3	0	61.613	1909	0	0	nan	nan	0.000	nan
6a-0	0	57.277	2962	0	0	nan	nan	0.000	nan
6a-4	0	44.264	1856	0	0	nan	nan	0.000	nan
6a-4a	0	41.340	1121	0	0	nan	nan	0.000	nan
6a-4c	0	42.810	3146	0	0	nan	nan	0.000	nan
6a-7a	0	53.927	1877	0	0	nan	nan	0.000	nan
6a-7	0	49.304	3385	0	0	nan	nan	0.000	nan
6a-8a	0	42.950	2371	0	0	nan	nan	0.000	nan
6a-8b	0	46.279	2245	0	0	nan	nan	0.000	nan
6a-9	0	46.079	3335	0	0	nan	nan	0.000	nan
6-3	0	65.704	1460	0	0	nan	nan	0.000	nan
6-0	0	65.383	1681	0	0	nan	nan	0.000	nan
6-4	0	47.068	1661	0	0	nan	nan	0.000	nan
6-4a	0	44.269	880	0	0	nan	nan	0.000	nan
6-4c	0	46.504	1867	0	0	nan	nan	0.000	nan
6-7a	0	55.421	1698	0	0	nan	nan	0.000	nan
6-7	0	55.653	2063	0	0	nan	nan	0.000	nan
6-8a	0	45.129	1915	0	0	nan	nan	0.000	nan
6-8b	0	49.078	1713	0	0	nan	nan	0.000	nan
6-9	0	50.511	2084	0	0	nan	nan	0.000	nan
3-0	0	74.739	1837	0	0	nan	nan	0.000	nan
3-4	0	46.164	1670	0	0	nan	nan	0.000	nan
3-4a	0	43.957	983	0	0	nan	nan	0.000	nan
3-4c	0	43.216	2963	0	0	nan	nan	0.000	nan
3-7a	0	55.364	1731	0	0	nan	nan	0.000	nan
3-7	0	51.707	3097	0	0	nan	nan	0.000	nan
3-8a	0	44.556	1981	0	0	nan	nan	0.000	nan
3-8b	0	47.260	1867	0	0	nan	nan	0.000	nan
3-9	0	46.681	3141	0	0	nan	nan	0.000	nan
0-4	0	45.990	1926	0	0	nan	nan	0.000	nan
0-4a	0	46.347	1175	0	0	nan	nan	0.000	nan
0-4c	0	53.153	3566	0	97680	nan	0.000	0.000	nan
0-7a	0	54.225	1999	0	0	nan	nan	0.000	nan
0-7	0	58.065	3749	0	2420	nan	0.000	0.000	nan
0-8a	0	45.160	2368	0	0	nan	nan	0.000	nan
0-8b	0	47.994	2255	0	0	nan	nan	0.000	nan
0-9	0	55.042	3763	0	19580	nan	0.000	0.000	nan
4-4a	0	76.426	496	0	0	nan	nan	0.000	nan
4-4c	0	67.006	1167	1211000	0	0.000	nan	0.000	0.000
4-7a	0	46.497	1535	148750	0	0.000	nan	0.000	0.000
4-7	0	46.331	1916	0	0	nan	nan	0.000	nan
4-8a	0	41.566	1798	0	0	nan	nan	0.000	nan
4-8b	0	46.472	1525	0	0	nan	nan	0.000	nan
4-9	0	51.647	1879	346500	0	0.000	nan	0.000	0.000
4a-4c	0	71.254	704	0	0	nan	nan	0.000	nan
4a-7a	0	45.538	769	0	0	nan	nan	0.000	nan
4a-7	0	45.672	1205	0	0	nan	nan	0.000	nan
4a-8a	0	43.461	869	0	0	nan	nan	0.000	nan
4a-8b	0	43.717	851	0	0	nan	nan	0.000	nan
4a-9	0	50.933	1131	0	0	nan	nan	0.000	nan
4c-7a	0	44.255	1829	58820	0	0.000	nan	0.000	0.000
4c-7	0	53.493	3422	0	4884	nan	0.000	0.000	nan
4c-8a	0	42.057	2068	0	0	nan	nan	0.000	nan
4c-8b	0	45.145	1966	0	0	nan	nan	0.000	nan
4c-9	0	58.956	3217	137016	39516	0.000	0.000	0.000	0.000
7a-8a	0	42.701	1986	0	0	nan	nan	0.000	nan
7a-8b	0	48.218	1700	0	0	nan	nan	0.000	nan
7a-9	0	47.617	2033	16830	0	0.000	nan	0.000	0.000
7-8a	0	43.313	2450	0	0	nan	nan	0.000	nan
7-8b	0	47.232	2288	0	0	nan	nan	0.000	nan
7-9	0	54.553	3718	0	979	nan	0.000	0.000	nan
8a-8b	0	70.265	1394	0	0	nan	nan	0.000	nan
8a-9	0	43.299	2382	0	0	nan	nan	0.000	nan
8b-9	0	47.740	2185	0	0	nan	nan	0.000	nan
