pair	homology	raw	loci	n_a	n_b	markers_min	per_opp	obs_exp	per_min	per_opp_det
6a-6b	74.88	246	59	1508	728	4981	224.1	50.74	0.3379	44.99
1-6	74.28	136	23	3599	490	4949	77.12	17.46	0.2776	15.58
2-4c	53.13	101	9	6415	406	1518	38.78	8.782	0.2488	25.55
2-6b	78.61	55	12	6415	728	3578	11.78	2.667	0.07555	3.292
2-6a	64.6	34	12	6415	1508	3578	3.515	0.7959	0.02255	0.9823
1-2	68.3	15	7	3599	6415	3578	0.6497	0.1471	0.004168	0.1816
7-7a	83.3	12	8	11	114	7386	9569	2167	1.091	1296
6-6a	80.6	6	1	490	1508	4949	8.12	1.839	0.01224	1.641
6-6b	83.72	4	4	490	728	4949	11.21	2.539	0.008163	2.266
2-3	58.72	3	1	6415	1294	3578	0.3614	0.08184	0.002318	0.101
1-4c	53.09	2	2	3599	406	1518	1.369	0.31	0.004926	0.9017
0-3	74.74	2	2	125	1294	5465	12.36	2.8	0.016	2.263
2-4	46.84	1	1	6415	1764	1786	0.08837	0.02001	0.0005669	0.04948
0-4	45.99	1	1	125	1764	1786	4.535	1.027	0.008	2.539
4c-9	58.96	1	1	406	203	1518	12.13	2.748	0.004926	7.993
1-6b	76.22	0	0	3599	728	4981	0	0	0	0
1-5	62.42	0	0	3599	1951	7038	0	0	0	0
2-5	64.56	0	0	6415	1951	3578	0	0	0	0
5-6b	69.46	0	0	1951	728	4981	0	0	0	0
5-6a	56.78	0	0	1951	1508	5041	0	0	0	0
5-6	66.6	0	0	1951	490	4949	0	0	0	0
3-5	59.03	0	0	1294	1951	7257	0	0	0	0
0-5	66.11	0	0	125	1951	5465	0	0	0	0
4-5	45.55	0	0	1764	1951	1786	0	0	0	0
4a-5	44.78	0	0	2	1951	4221	0	0	0	0
4c-5	52.83	0	0	406	1951	1518	0	0	0	0
5-7a	53.46	0	0	1951	114	7257	0	0	0	0
5-7	57.26	0	0	1951	11	7257	0	0	0	0
5-9	53.89	0	0	1951	203	5689	0	0	0	0
1-6a	60.13	0	0	3599	1508	5041	0	0	0	0
1-3	58.03	0	0	3599	1294	7038	0	0	0	0
0-1	66.77	0	0	125	3599	5465	0	0	0	0
1-4	45.35	0	0	3599	1764	1786	0	0	0	0
1-4a	44.93	0	0	3599	2	4221	0	0	0	0
1-7a	53.33	0	0	3599	114	7038	0	0	0	0
1-7	58.47	0	0	3599	11	7038	0	0	0	0
1-9	54.12	0	0	3599	203	5689	0	0	0	0
2-6	75.33	0	0	6415	490	3578	0	0	0	0
0-2	66.64	0	0	125	6415	3578	0	0	0	0
2-4a	46.1	0	0	6415	2	3578	0	0	0	0
2-7a	54.82	0	0	6415	114	3578	0	0	0	0
2-7	59.16	0	0	6415	11	3578	0	0	0	0
2-9	55.46	0	0	6415	203	3578	0	0	0	0
3-6b	62.91	0	0	1294	728	4981	0	0	0	0
0-6b	69.53	0	0	125	728	4981	0	0	0	0
4-6b	47.09	0	0	1764	728	1786	0	0	0	0
4a-6b	46.34	0	0	2	728	4221	0	0	0	0
4c-6b	56.98	0	0	406	728	1518	0	0	0	0
6b-7a	55.21	0	0	728	114	4981	0	0	0	0
6b-7	62.34	0	0	728	11	4981	0	0	0	0
6b-9	58.73	0	0	728	203	4981	0	0	0	0
3-6a	61.61	0	0	1294	1508	5041	0	0	0	0
0-6a	57.28	0	0	125	1508	5041	0	0	0	0
4-6a	44.26	0	0	1764	1508	1786	0	0	0	0
4a-6a	41.34	0	0	2	1508	4221	0	0	0	0
4c-6a	42.81	0	0	406	1508	1518	0	0	0	0
6a-7a	53.93	0	0	1508	114	5041	0	0	0	0
6a-7	49.3	0	0	1508	11	5041	0	0	0	0
6a-9	46.08	0	0	1508	203	5041	0	0	0	0
3-6	65.7	0	0	1294	490	4949	0	0	0	0
0-6	65.38	0	0	125	490	4949	0	0	0	0
4-6	47.07	0	0	1764	490	1786	0	0	0	0
4a-6	44.27	0	0	2	490	4221	0	0	0	0
4c-6	46.5	0	0	406	490	1518	0	0	0	0
6-7a	55.42	0	0	490	114	4949	0	0	0	0
6-7	55.65	0	0	490	11	4949	0	0	0	0
6-9	50.51	0	0	490	203	4949	0	0	0	0
3-4	46.16	0	0	1294	1764	1786	0	0	0	0
3-4a	43.96	0	0	1294	2	4221	0	0	0	0
3-4c	43.22	0	0	1294	406	1518	0	0	0	0
3-7a	55.36	0	0	1294	114	7386	0	0	0	0
3-7	51.71	0	0	1294	11	8530	0	0	0	0
3-9	46.68	0	0	1294	203	5689	0	0	0	0
0-4a	46.35	0	0	125	2	4221	0	0	0	0
0-4c	53.15	0	0	125	406	1518	0	0	0	0
0-7a	54.23	0	0	125	114	5465	0	0	0	0
0-7	58.06	0	0	125	11	5465	0	0	0	0
0-9	55.04	0	0	125	203	5465	0	0	0	0
4-4a	76.43	0	0	1764	2	1786	0	0	0	0
4-4c	67.01	0	0	1764	406	1518	0	0	0	0
4-7a	46.5	0	0	1764	114	1786	0	0	0	0
4-7	46.33	0	0	1764	11	1786	0	0	0	0
4-9	51.65	0	0	1764	203	1786	0	0	0	0
4a-4c	71.25	0	0	2	406	1518	0	0	0	0
4a-7a	45.54	0	0	2	114	4221	0	0	0	0
4a-7	45.67	0	0	2	11	4221	0	0	0	0
4a-9	50.93	0	0	2	203	4221	0	0	0	0
4c-7a	44.26	0	0	406	114	1518	0	0	0	0
4c-7	53.49	0	0	406	11	1518	0	0	0	0
7a-9	47.62	0	0	114	203	5689	0	0	0	0
7-9	54.55	0	0	11	203	5689	0	0	0	0
