min_sites	ns_id	class	path_sites	tract_family	tract_sites	tract_bp
2	100620.Chr_scaffolds::Atha_Chr3.17870809-17877553_D_Athila	crossover	2(8)>4c(4)			
2	100621.Chr_scaffolds::Atha_Chr3.18892645-18900997_D_Athila	crossover	2(20)>4c(4)			
2	100622.Chr_scaffolds::Atha_Chr3.17957438-17964182_D_Athila	crossover	2(8)>4c(4)			
2	100623.Chr_scaffolds::Atha_Chr4.8951130-8959121_D_Athila	crossover	2(5)>6b(3)			
2	22005.ragtag_Chr1to5::Atha_Chr4.10917919-10925845_D_Athila	crossover	2(12)>6b(3)			
2	6923.ragtag_Chr1to5::Atha_Chr2.5725848-5737835_P_Athila	crossover	2(10)>6a(9)			
2	9806.ragtag_Chr1to5::Atha_Chr3.18941716-18950068_P_Athila	crossover	2(20)>4c(4)			
2	9847.ragtag_Chr1to5::Atha_Chr1.17663234-17672008_D_Athila	crossover	1(4)>6(2)			
2	9847.ragtag_Chr1to5::Atha_Chr4.7793270-7801264_P_Athila	crossover	2(9)>6b(4)			
2	9994.ragtag_Chr1to5::Atha_Chr1.19262949-19274374_D_Athila	crossover	6b(2)>6a(13)			
2	9994.ragtag_Chr1to5::Atha_Chr3.17724292-17732673_D_Athila	crossover	2(19)>4c(4)			
2	9994.ragtag_Chr1to5::Atha_Chr1.17976384-17987722_P_Athila	crossover	6b(2)>6a(12)			
2	9994.ragtag_Chr1to5::Atha_Chr5.15377161-15385740_P_Athila	crossover	6b(2)>6a(14)			
2	AH-7.ragtag_Chr1to5::Atha_Chr3.16538225-16546606_D_Athila	crossover	2(19)>4c(4)			
2	AH-7.ragtag_Chr1to5::Atha_Chr5.11153092-11164668_D_Athila	crossover	6a(2)>6b(17)			
2	ANGE-B-10.ragtag_Chr1to5::Atha_Chr3.18061875-18070227_D_Athila	crossover	2(20)>4c(4)			
2	AS150_2026AT::Atha_Chr1.17667716-17676491_D_Athila	crossover	1(4)>6(2)			
2	AS150_2026AT::Atha_Chr4.9238213-9246813_P_Athila	crossover	1(2)>6(19)			
2	AS150_2026AT::Atha_Chr4.9569097-9577090_P_Athila	crossover	2(8)>6b(4)			
2	AS530_AT::Atha_Chr1.17179397-17188172_D_Athila	crossover	1(4)>6(2)			
2	ASS3_AT::Atha_Chr1.17875039-17883814_D_Athila	crossover	1(4)>6(2)			
2	Abd-0.ragtag_Chr1to5::Atha_Chr3.13244501-13258277_D_Athila	crossover	2(31)>1(13)			
2	Abd-0.ragtag_Chr1to5::Atha_Chr3.18366754-18375587_D_Athila	crossover	2(21)>4c(4)			
2	Abd-0.ragtag_Chr1to5::Atha_Chr2.5879670-5891657_P_Athila	crossover	2(10)>6a(9)			
2	Arb-0.ragtag_Chr1to5::Atha_Chr1.17938577-17947420_P_Athila	crossover	1(4)>6(5)			
2	Arb-0.ragtag_Chr1to5::Atha_Chr5.18694933-18707218_P_Athila	crossover	7a(11)>7(32)			
2	BELC-C-12.ragtag_Chr1to5::Atha_Chr1.13954117-13965538_D_Athila	crossover	6b(2)>6a(12)			
2	BELC-C-12.ragtag_Chr1to5::Atha_Chr3.13238223-13251990_D_Athila	crossover	2(31)>1(13)			
2	BELC-C-12.ragtag_Chr1to5::Atha_Chr4.10015446-10023394_D_Athila	crossover	2(8)>6b(4)			
2	Belmonte-4-94.ragtag_Chr1to5::Atha_Chr1.14307312-14319924_D_Athila	crossover	2(24)>4c(2)			
2	Belmonte-4-94.ragtag_Chr1to5::Atha_Chr3.17623601-17631981_D_Athila	crossover	2(19)>4c(4)			
2	Belmonte-4-94.ragtag_Chr1to5::Atha_Chr4.7436487-7444481_P_Athila	crossover	2(10)>6b(4)			
2	Bor-1.ragtag_Chr1to5::Atha_Chr3.18061664-18070065_D_Athila	crossover	2(25)>4c(4)			
2	Bor-1.ragtag_Chr1to5::Atha_Chr1.17621525-17632641_P_Athila	crossover	6b(2)>6a(12)			
2	Bor-1.ragtag_Chr1to5::Atha_Chr1.18411034-18422457_P_Athila	crossover	6b(2)>6a(11)			
2	Cdm-0.ragtag_Chr1to5::Atha_Chr3.16888913-16897275_D_Athila	crossover	2(22)>4c(4)			
2	Co-4.ragtag_Chr1to5::Atha_Chr3.18576738-18585141_P_Athila	crossover	2(25)>4c(4)			
2	Col-0-kang.ragtag_Chr1to5::Atha_Chr1.14326538-14339118_D_Athila	crossover	2(20)>4c(2)			
2	Col-0-kang.ragtag_Chr1to5::Atha_Chr2.6044736-6056052_D_Athila	crossover	6b(2)>6a(11)			
2	Col-0-kang.ragtag_Chr1to5::Atha_Chr2.6535395-6546728_P_Athila	crossover	6b(2)>6a(13)			
2	Db-1_Mercier_Chr1to5::Atha_Chr2.8145577-8157155_D_Athila	crossover	6a(2)>6b(44)			
2	Db-1_Mercier_Chr1to5::Atha_Chr3.13109076-13122845_D_Athila	crossover	2(30)>1(13)			
2	Dra-2.ragtag_Chr1to5::Atha_Chr3.18017909-18026310_D_Athila	crossover	2(25)>4c(4)			
2	Edi-0.ragtag_Chr1to5::Atha_Chr3.13184300-13198080_D_Athila	crossover	2(31)>1(13)			
2	Edi-0.ragtag_Chr1to5::Atha_Chr4.7514636-7522630_P_Athila	crossover	2(10)>6b(4)			
2	Elh-2.ragtag_Chr1to5::Atha_Chr3.17059426-17067826_D_Athila	crossover	2(24)>4c(4)			
2	Elh-2.ragtag_Chr1to5::Atha_Chr5.21021400-21033685_P_Athila	crossover	7a(11)>7(32)			
2	Elk-1.ragtag_Chr1to5::Atha_Chr3.17156836-17169735_D_Athila	crossover	2(43)>4(14)			
2	Elk-1.ragtag_Chr1to5::Atha_Chr3.18098377-18106716_D_Athila	crossover	2(22)>4c(3)			
2	Elk-1.ragtag_Chr1to5::Atha_Chr2.3490003-3499189_P_Athila	crossover	1(3)>6(7)			
2	Elk-1.ragtag_Chr1to5::Atha_Chr4.8451271-8465772_P_Athila	crossover	6b(22)>6(4)			
2	Est-0.ragtag_Chr1to5::Atha_Chr3.17736003-17744841_D_Athila	crossover	2(21)>4c(4)			
2	Est-0.ragtag_Chr1to5::Atha_Chr2.6518726-6530115_P_Athila	crossover	6b(2)>6a(15)			
2	Est-1.ragtag_Chr1to5::Atha_Chr1.14277170-14289441_D_Athila	crossover	2(19)>4c(2)			
2	Est-1.ragtag_Chr1to5::Atha_Chr3.11860844-11869554_D_Athila	conversion	6a(3)>2(2)>6a(2)	2	2	40
2	Est-1.ragtag_Chr1to5::Atha_Chr3.13328695-13339112_P_Athila	crossover	6a(27)>6(8)			
2	Etna-2.ragtag_Chr1to5::Atha_Chr1.21071413-21080154_D_Athila	crossover	1(4)>6(2)			
2	Etna-2_kang_ragtag_Chr1to5::Atha_Chr1.21192848-21201589_D_Athila	crossover	1(4)>6(2)			
2	Got-22.ragtag_Chr1to5::Atha_Chr4.8736316-8744202_D_Athila	crossover	2(5)>6b(3)			
2	Hiroshima.ragtag_Chr1to5::Atha_Chr1.14409909-14418751_D_Athila	crossover	1(3)>6(3)			
2	Hiroshima.ragtag_Chr1to5::Atha_Chr3.18213796-18221945_D_Athila	crossover	2(26)>4c(2)			
2	Hiroshima.ragtag_Chr1to5::Atha_Chr5.11119880-11131456_D_Athila	crossover	6a(2)>6b(17)			
2	Hs-0.ragtag_Chr1to5::Atha_Chr1.18570231-18580815_D_Athila	crossover	6b(2)>6a(12)			
2	Hs-0.ragtag_Chr1to5::Atha_Chr3.17811760-17820136_D_Athila	crossover	2(16)>4c(4)			
2	Ishikawa.ragtag_Chr1to5::Atha_Chr1.14410635-14419477_D_Athila	crossover	1(3)>6(3)			
2	Ishikawa.ragtag_Chr1to5::Atha_Chr3.18204499-18212648_D_Athila	crossover	2(26)>4c(2)			
2	Ishikawa.ragtag_Chr1to5::Atha_Chr5.11117916-11129492_D_Athila	crossover	6a(2)>6b(17)			
2	Kar-1.ragtag_Chr1to5::Atha_Chr3.16752297-16760668_D_Athila	crossover	2(24)>4c(3)			
2	Kar-1.ragtag_Chr1to5::Atha_Chr4.8218560-8226552_D_Athila	crossover	2(9)>6b(4)			
2	Kar-1.ragtag_Chr1to5::Atha_Chr5.19991221-20003546_D_Athila	crossover	7a(13)>7(36)			
2	Kas-1.ragtag_Chr1to5::Atha_Chr1.18571889-18580661_D_Athila	crossover	1(4)>6(2)			
2	Kas-1.ragtag_Chr1to5::Atha_Chr3.17867902-17876763_D_Athila	crossover	2(21)>4c(4)			
2	Kelsterbach-2.ragtag_Chr1to5::Atha_Chr1.18166194-18176778_D_Athila	crossover	6b(2)>6a(12)			
2	Kelsterbach-2.ragtag_Chr1to5::Atha_Chr1.19222173-19230947_D_Athila	crossover	1(4)>6(2)			
2	Ket-10.ragtag_Chr1to5::Atha_Chr3.18848402-18856801_D_Athila	crossover	2(25)>4c(4)			
2	Kondara.ragtag_Chr1to5::Atha_Chr1.14645761-14654604_D_Athila	crossover	1(2)>6(6)			
2	Kondara.ragtag_Chr1to5::Atha_Chr3.16662274-16670655_D_Athila	crossover	2(19)>4c(4)			
2	Kyr-1.ragtag_Chr1to5::Atha_Chr1.14257796-14270417_D_Athila	crossover	2(23)>4c(2)			
2	Kyr-1.ragtag_Chr1to5::Atha_Chr1.19090965-19099739_D_Athila	crossover	1(4)>6(2)			
2	Kyr-1.ragtag_Chr1to5::Atha_Chr3.16407212-16415593_D_Athila	crossover	2(19)>4c(4)			
2	Kyr-1.ragtag_Chr1to5::Atha_Chr5.20285607-20297932_D_Athila	crossover	7a(13)>7(36)			
2	Kz-9.ragtag_Chr1to5::Atha_Chr4.6984970-6992962_D_Athila	crossover	2(9)>6b(4)			
2	LI-OF-095.ragtag_Chr1to5::Atha_Chr3.17237601-17245936_D_Athila	crossover	2(22)>4c(3)			
2	LI-OF-095.ragtag_Chr1to5::Atha_Chr2.6165631-6177020_P_Athila	crossover	6b(2)>6a(15)			
2	LL-0.ragtag_Chr1to5::Atha_Chr3.18466328-18474709_D_Athila	crossover	2(23)>4c(4)			
2	LL-0.ragtag_Chr1to5::Atha_Chr4.7838972-7847572_P_Athila	crossover	1(2)>6(21)			
2	LL-0.ragtag_Chr1to5::Atha_Chr4.8173043-8181009_P_Athila	crossover	2(11)>6b(4)			
2	Mammo-1.ragtag_Chr1to5::Atha_Chr1.15014779-15023285_P_Athila	crossover	1(2)>6(6)			
2	Mammo-1.ragtag_Chr1to5::Atha_Chr4.8197597-8205591_P_Athila	crossover	2(10)>6b(4)			
2	Meh-0.ragtag_Chr1to5::Atha_Chr1.17626205-17635051_P_Athila	crossover	1(3)>6(6)			
2	Meh-0.ragtag_Chr1to5::Atha_Chr4.9131654-9139648_P_Athila	crossover	2(9)>6b(3)			
2	Mh-0.ragtag_Chr1to5::Atha_Chr1.17328502-17337345_P_Athila	crossover	1(4)>6(5)			
2	Ms-0.ragtag_Chr1to5::Atha_Chr1.18564672-18573444_D_Athila	crossover	1(4)>6(2)			
2	Ms-0.ragtag_Chr1to5::Atha_Chr3.17892601-17901462_D_Athila	crossover	2(21)>4c(4)			
2	Ms-0_kang_ragtag_Chr1to5::Atha_Chr1.19103233-19112008_D_Athila	crossover	1(4)>6(2)			
2	N13.ragtag_Chr1to5::Atha_Chr1.17694802-17703577_P_Athila	crossover	1(4)>6(2)			
2	Nemrut-1.ragtag_Chr1to5::Atha_Chr2.5863158-5876251_P_Athila	conversion	2(10)>1(2)>2(2)	1	2	35
2	Nov-2.ragtag_Chr1to5::Atha_Chr3.16774580-16782961_D_Athila	crossover	2(19)>4c(4)			
2	Nov-2.ragtag_Chr1to5::Atha_Chr5.11193217-11204793_D_Athila	crossover	6a(2)>6b(17)			
2	Nz-1.ragtag_Chr1to5::Atha_Chr1.14331262-14340097_D_Athila	crossover	1(2)>6(6)			
2	Nz-1.ragtag_Chr1to5::Atha_Chr2.8309302-8320975_D_Athila	crossover	6a(2)>6b(41)			
2	Nz-1.ragtag_Chr1to5::Atha_Chr3.16180034-16194418_D_Athila	crossover	2(15)>1(15)			
2	Nz-1.ragtag_Chr1to5::Atha_Chr3.18011748-18020125_D_Athila	crossover	2(20)>4c(3)			
2	Nz-1.ragtag_Chr1to5::Atha_Chr3.13198045-13208719_P_Athila	crossover	6a(29)>6(8)			
2	Nz-1.ragtag_Chr1to5::Atha_Chr4.6943140-6951741_P_Athila	crossover	1(2)>6(23)			
2	Per-1.ragtag_Chr1to5::Atha_Chr3.11981190-11989900_D_Athila	conversion	6a(3)>2(2)>6a(2)	2	2	40
2	Per-1.ragtag_Chr1to5::Atha_Chr3.17539770-17548631_D_Athila	crossover	2(21)>4c(4)			
2	Pra-6.ragtag_Chr1to5::Atha_Chr4.13318886-13330456_D_Athila	crossover	6a(2)>6b(30)			
2	Pra-6.ragtag_Chr1to5::Atha_Chr5.18322593-18334011_D_Athila	crossover	6b(2)>6a(14)			
2	Pra-6.ragtag_Chr1to5::Atha_Chr4.6266015-6274615_P_Athila	crossover	1(2)>6(20)			
2	Pra-6.ragtag_Chr1to5::Atha_Chr4.6613697-6621691_P_Athila	crossover	2(8)>6b(3)			
2	Pu2-23_ragtagChr1to5::Atha_Chr1.18885089-18893863_D_Athila	crossover	1(4)>6(2)			
2	Pu2-23_ragtagChr1to5::Atha_Chr3.16405779-16414088_D_Athila	crossover	2(21)>4c(4)			
2	Pu2-23_ragtagChr1to5::Atha_Chr4.2902201-2914622_D_Athila	crossover	3(2)>2(27)			
2	Pu2-23_ragtagChr1to5::Atha_Chr4.9247597-9255590_D_Athila	crossover	2(6)>6b(3)			
2	Pyl-1.ragtag_Chr1to5::Atha_Chr4.2952152-2964575_D_Athila	crossover	3(2)>2(27)			
2	Pyl-1.ragtag_Chr1to5::Atha_Chr1.17582995-17591838_P_Athila	crossover	1(4)>6(5)			
2	Pyl-1.ragtag_Chr1to5::Atha_Chr4.8786268-8794867_P_Athila	crossover	1(2)>6(20)			
2	Pyl-1.ragtag_Chr1to5::Atha_Chr4.9120862-9128855_P_Athila	crossover	2(11)>6b(3)			
2	Qar-8a.ragtag_Chr1to5::Atha_Chr1.14377869-14386554_D_Athila	crossover	1(2)>6(6)			
2	Qar-8a.ragtag_Chr1to5::Atha_Chr3.18535407-18543742_D_Athila	crossover	2(23)>4c(4)			
2	RRS10.ragtag_Chr1to5::Atha_Chr3.18725297-18733079_D_Athila	crossover	2(16)>4c(4)			
2	Rab-R1.ragtag_Chr1to5::Atha_Chr4.3095306-3103232_P_Athila	crossover	2(12)>6b(3)			
2	Rld-2.ragtag_Chr1to5::Atha_Chr1.14267223-14279494_D_Athila	crossover	2(19)>4c(2)			
2	Rld-2.ragtag_Chr1to5::Atha_Chr3.11860427-11869137_D_Athila	conversion	6a(3)>2(2)>6a(2)	2	2	40
2	Rld-2.ragtag_Chr1to5::Atha_Chr3.13306361-13316778_P_Athila	crossover	6a(27)>6(8)			
2	Rubezhnoe-1_fixed_Chr1to5::Atha_Chr5.11100824-11112400_D_Athila	crossover	6a(2)>6b(16)			
2	Rubezhnoe-1_fixed_Chr1to5::Atha_Chr4.10470607-10480338_P_Athila	crossover	0(6)>3(4)			
2	Sah-0.ragtag_Chr1to5::Atha_Chr3.18304635-18313016_D_Athila	crossover	2(19)>4c(4)			
2	Sf-2.ragtag_Chr1to5::Atha_Chr3.17331321-17339683_D_Athila	crossover	2(24)>4c(3)			
2	Sf-2.ragtag_Chr1to5::Atha_Chr4.10508670-10516618_D_Athila	crossover	2(8)>6b(4)			
2	Sf-2.ragtag_Chr1to5::Atha_Chr2.6866506-6877751_P_Athila	crossover	6b(2)>6a(15)			
2	Sha.ragtag_Chr1to5::Atha_Chr1.14226716-14239337_D_Athila	crossover	2(23)>4c(2)			
2	Sha.ragtag_Chr1to5::Atha_Chr1.19700543-19709317_D_Athila	crossover	1(4)>6(2)			
2	Sha.ragtag_Chr1to5::Atha_Chr3.17031302-17039683_D_Athila	crossover	2(19)>4c(4)			
2	Sha.ragtag_Chr1to5::Atha_Chr5.11138154-11149730_D_Athila	crossover	6a(2)>6b(17)			
2	Sha.ragtag_Chr1to5::Atha_Chr5.20821371-20833697_D_Athila	crossover	7a(13)>7(36)			
2	Sij-1.ragtag_Chr1to5::Atha_Chr3.16465068-16473449_D_Athila	crossover	2(19)>4c(4)			
2	Sij-2.ragtag_Chr1to5::Atha_Chr3.16472303-16480684_D_Athila	crossover	2(19)>4c(4)			
2	Sorbo.ragtag_Chr1to5::Atha_Chr3.16668016-16676397_D_Athila	crossover	2(19)>4c(4)			
2	Sorbo.ragtag_Chr1to5::Atha_Chr5.19551895-19564222_D_Athila	crossover	7a(13)>7(36)			
2	St-0.ragtag_Chr1to5::Atha_Chr3.18776119-18788253_D_Athila	crossover	1(10)>2(18)			
2	St-0.ragtag_Chr1to5::Atha_Chr2.5186064-5197334_P_Athila	crossover	6b(2)>6a(12)			
2	St-0.ragtag_Chr1to5::Atha_Chr4.8801411-8809405_P_Athila	crossover	2(9)>6b(4)			
2	St-0_kang_ragtag_Chr1to5::Atha_Chr3.15992939-16005073_D_Athila	crossover	1(10)>2(18)			
2	St-0_kang_ragtag_Chr1to5::Atha_Chr2.4105125-4116395_P_Athila	crossover	6b(2)>6a(12)			
2	St-0_kang_ragtag_Chr1to5::Atha_Chr4.8240457-8248451_P_Athila	crossover	2(9)>6b(4)			
2	Stw-0_Chr1to5_2026::Atha_Chr1.14243109-14254527_D_Athila	crossover	6b(2)>6a(13)			
2	Stw-0_Chr1to5_2026::Atha_Chr1.18707097-18718519_D_Athila	crossover	6b(2)>6a(11)			
2	Stw-0_Chr1to5_2026::Atha_Chr1.17714667-17725783_P_Athila	crossover	6b(2)>6a(12)			
2	Stw-0_Chr1to5_2026::Atha_Chr4.7274141-7282739_P_Athila	crossover	1(2)>6(19)			
2	Stw-0_Chr1to5_2026::Atha_Chr4.7621813-7629807_P_Athila	crossover	2(8)>6b(3)			
2	Sus-1.ragtag_Chr1to5::Atha_Chr1.14216545-14229167_D_Athila	crossover	2(24)>4c(2)			
2	Sus-1.ragtag_Chr1to5::Atha_Chr1.19099654-19108428_D_Athila	crossover	1(4)>6(2)			
2	Sus-1.ragtag_Chr1to5::Atha_Chr3.16813478-16821849_D_Athila	crossover	2(24)>4c(3)			
2	Sus-1.ragtag_Chr1to5::Atha_Chr5.18847091-18859419_D_Athila	crossover	7a(13)>7(36)			
2	Tanz_merc.ragtag_Chr1to5::Atha_Chr3.19545659-19554060_D_Athila	crossover	2(24)>4c(4)			
2	Tanz_merc.ragtag_Chr1to5::Atha_Chr4.8306687-8314035_D_Athila	crossover	2(13)>6b(4)			
2	Tanz_wlod.ragtag_Chr1to5::Atha_Chr3.19760968-19769369_D_Athila	crossover	2(24)>4c(4)			
2	Tanz_wlod.ragtag_Chr1to5::Atha_Chr4.8418486-8425834_D_Athila	crossover	2(13)>6b(4)			
2	Taz-0.ragtag_Chr1to5::Atha_Chr4.7334785-7343061_P_Athila	crossover	1(2)>6(22)			
2	Tibet-0.ragtag_Chr1to5::Atha_Chr3.17146893-17159789_D_Athila	crossover	0(2)>4(10)			
2	Tibet-0.ragtag_Chr1to5::Atha_Chr4.8208436-8216431_D_Athila	crossover	2(12)>6b(3)			
2	Toufl-1.ragtag_Chr1to5::Atha_Chr1.17829099-17837942_P_Athila	crossover	1(4)>6(5)			
2	Toufl-1.ragtag_Chr1to5::Atha_Chr5.18239639-18251923_P_Athila	crossover	7a(11)>7(32)			
2	TueSB30-3.ragtag_Chr1to5::Atha_Chr3.13418599-13429016_P_Athila	crossover	6a(27)>6(8)			
2	TueSB30-3.ragtag_Chr1to5::Atha_Chr4.7962515-7971116_P_Athila	crossover	1(2)>6(20)			
2	Tul-0.ragtag_Chr1to5::Atha_Chr3.18593259-18601041_D_Athila	crossover	2(16)>4c(4)			
2	Valsi-1.ragtag_Chr1to5::Atha_Chr5.10902845-10914276_D_Athila	crossover	6b(2)>6a(15)			
2	Valsi-1.ragtag_Chr1to5::Atha_Chr4.8038912-8046837_P_Athila	crossover	2(10)>6b(4)			
2	Yilong-0.ragtag_Chr1to5::Atha_Chr3.18556230-18564379_D_Athila	crossover	2(27)>4c(2)			
2	Yilong-0.ragtag_Chr1to5::Atha_Chr5.11122061-11133637_D_Athila	crossover	6a(2)>6b(17)			
2	Zal-1_Chr1to5_2026::Atha_Chr1.14187402-14200023_D_Athila	crossover	2(22)>4c(2)			
2	Zal-1_Chr1to5_2026::Atha_Chr3.16322324-16330705_D_Athila	crossover	2(19)>4c(4)			
2	Zal-1_Chr1to5_2026::Atha_Chr5.19265181-19277507_D_Athila	crossover	7a(13)>7(36)			
2	_1158_Chr1to5::Atha_Chr3.17919563-17930781_D_Athila	crossover	6b(2)>6a(14)			
2	_1158_Chr1to5::Atha_Chr3.18127658-18138898_D_Athila	crossover	6b(2)>6a(15)			
2	_1158_Chr1to5::Atha_Chr3.12951517-12965044_P_Athila	crossover	3(41)>0(3)			
2	_1158_Chr1to5::Atha_Chr3.16844690-16855845_P_Athila	crossover	6b(2)>6a(13)			
2	_6024_Chr1to5::Atha_Chr3.17776000-17784860_D_Athila	crossover	2(21)>4c(4)			
2	_6024_Chr1to5::Atha_Chr4.9583005-9590999_D_Athila	crossover	2(6)>6b(3)			
2	_6184_Chr1to5::Atha_Chr4.2870195-2882618_D_Athila	crossover	3(2)>2(27)			
2	_6184_Chr1to5::Atha_Chr4.8940665-8948659_D_Athila	crossover	2(6)>6b(3)			
2	_Altai-5_ColChr1to5ragtag_Chr1to5::Atha_Chr1.14105976-14118597_D_Athila	crossover	2(23)>4c(2)			
2	_Altai-5_ColChr1to5ragtag_Chr1to5::Atha_Chr1.18596886-18605660_D_Athila	crossover	1(4)>6(2)			
2	_Altai-5_ColChr1to5ragtag_Chr1to5::Atha_Chr3.16245997-16254378_D_Athila	crossover	2(19)>4c(4)			
2	_Altai-5_ColChr1to5ragtag_Chr1to5::Atha_Chr5.19317810-19330138_D_Athila	crossover	7a(13)>7(36)			
2	_Altai-5_ColChr1to5ragtag_Chr1to5::Atha_Chr5.18526410-18539070_P_Athila	crossover	7a(12)>7(32)			
2	_Anz-0_ColChr1to5ragtag_Chr1to5::Atha_Chr1.14575913-14584731_D_Athila	crossover	1(2)>6(6)			
2	_Dog-4_ColChr1to5ragtag_Chr1to5::Atha_Chr4.8613500-8621434_D_Athila	crossover	2(6)>6b(3)			
2	_Geg-14_ColChr1to5ragtag_Chr1to5::Atha_Chr1.18363696-18372469_D_Athila	crossover	1(4)>6(2)			
2	_Geg-14_ColChr1to5ragtag_Chr1to5::Atha_Chr3.17076446-17084817_D_Athila	crossover	2(24)>4c(3)			
2	_Geg-14_ColChr1to5ragtag_Chr1to5::Atha_Chr4.7129327-7137320_P_Athila	crossover	2(9)>6b(3)			
2	_Had-6b_ColChr1to5ragtag_Chr1to5::Atha_Chr1.14297762-14306605_D_Athila	crossover	1(2)>6(6)			
2	_Had-6b_ColChr1to5ragtag_Chr1to5::Atha_Chr4.4882538-4891479_D_Athila	conversion	4c(3)>9(13)>4c(4)	9	13	1269
2	_Had-6b_ColChr1to5ragtag_Chr1to5::Atha_Chr4.4664029-4675693_P_Athila	conversion	4c(6)>1(4)>4c(6)	1	4	806
2	_Ice-1_ColChr1to5ragtag_Chr1to5::Atha_Chr3.16121624-16129933_D_Athila	crossover	2(22)>4c(4)			
2	_No-0_ColChr1to5ragtag_Chr1to5::Atha_Chr4.8277871-8285862_D_Athila	crossover	2(5)>6b(3)			
2	_No-0_ColChr1to5ragtag_Chr1to5::Atha_Chr3.13203085-13213502_P_Athila	crossover	6a(27)>6(8)			
2	ragtag6137_ColChr1to5_Chr1to5::Atha_Chr1.18511084-18522495_D_Athila	crossover	6b(2)>6a(11)			
2	ragtag6137_ColChr1to5_Chr1to5::Atha_Chr4.8181110-8189711_P_Athila	crossover	1(2)>6(20)			
2	ragtag7143_ColChr1to5_Chr1to5::Atha_Chr3.16707844-16716705_D_Athila	crossover	2(20)>4c(4)			
2	ragtag9336_ColChr1to5_Chr1to5::Atha_Chr1.18722270-18732854_D_Athila	crossover	6b(2)>6a(12)			
2	ragtag9336_ColChr1to5_Chr1to5::Atha_Chr3.17851800-17860660_D_Athila	crossover	2(21)>4c(4)			
2	ragtag9503_ColChr1to5_fixed::Atha_Chr4.11536444-11547833_D_Athila	crossover	6b(2)>6a(15)			
2	ragtag9762_ColChr1to5_Chr1to5::Atha_Chr1.21112215-21120958_D_Athila	crossover	1(4)>6(2)			
2	ragtag9852_Chr1to5::Atha_Chr3.17299200-17305944_D_Athila	crossover	2(8)>4c(4)			
2	ragtag9879_ColChr1to5_Chr1to5::Atha_Chr3.17655039-17663391_D_Athila	crossover	2(20)>4c(4)			
2	ragtag9883_ColChr1to5_Chr1to5::Atha_Chr3.13409362-13423130_D_Athila	crossover	2(30)>1(13)			
2	ragtag9900_ColChr1to5_Chr1to5::Atha_Chr3.18030148-18038529_D_Athila	crossover	2(19)>4c(4)			
2	ragtag9900_ColChr1to5_Chr1to5::Atha_Chr1.18772357-18780938_P_Athila	crossover	1(2)>6a(4)			
2	ragtagANGE-B-2_ColChr1to5_Chr1to5::Atha_Chr3.18073402-18081754_D_Athila	crossover	2(20)>4c(4)			
2	ragtagAUZE-A-5_ColChr1to5_Chr1to5::Atha_Chr3.18440547-18451645_D_Athila	crossover	6b(2)>6a(17)			
2	ragtagAUZE-A-5_ColChr1to5_Chr1to5::Atha_Chr3.18504381-18515816_D_Athila	crossover	6b(2)>6a(14)			
2	ragtagAUZE-A-5_ColChr1to5_Chr1to5::Atha_Chr4.7533131-7541124_D_Athila	crossover	2(10)>6b(4)			
2	ragtagAUZE-A-5_ColChr1to5_Chr1to5::Atha_Chr3.17843167-17853752_P_Athila	crossover	6b(2)>6a(15)			
2	ragtagAlo-0_ColChr1to5_Chr1to5::Atha_Chr3.13399006-13412760_D_Athila	crossover	2(32)>1(13)			
2	ragtagAlo-0_ColChr1to5_Chr1to5::Atha_Chr4.7583985-7592586_P_Athila	crossover	1(2)>6(23)			
2	ragtagAlo-19_ColChr1to5_Chr1to5::Atha_Chr4.9157877-9165919_D_Athila	crossover	2(10)>6b(4)			
2	ragtagAlo-19_ColChr1to5_Chr1to5::Atha_Chr3.18169605-18180903_P_Athila	crossover	4c(5)>3(7)			
2	ragtagBANI-C-12_ColChr1to5_Chr1to5::Atha_Chr3.18071314-18079666_D_Athila	crossover	2(20)>4c(4)			
2	ragtagBANI-C-12_ColChr1to5_Chr1to5::Atha_Chr4.15356560-15368130_D_Athila	crossover	6a(2)>6b(26)			
2	ragtagBANI-C-12_ColChr1to5_Chr1to5::Atha_Chr1.18286257-18295100_P_Athila	crossover	1(4)>6(5)			
2	ragtagBANI-C-12_ColChr1to5_Chr1to5::Atha_Chr4.8509799-8517793_P_Athila	crossover	2(10)>6b(3)			
2	ragtagBARA-C-3_ColChr1to5_Chr1to5::Atha_Chr4.7148914-7156908_D_Athila	crossover	2(10)>6b(4)			
2	ragtagBARA-C-3_ColChr1to5_Chr1to5::Atha_Chr3.17414080-17425358_P_Athila	crossover	4c(3)>3(6)			
2	ragtagBARC-A-12_ColChr1to5_Chr1to5::Atha_Chr3.16432067-16440459_D_Athila	crossover	2(19)>4c(4)			
2	ragtagBARC-A-12_ColChr1to5_Chr1to5::Atha_Chr4.9347366-9355357_D_Athila	crossover	2(5)>6b(3)			
2	ragtagBARC-A-12_ColChr1to5_Chr1to5::Atha_Chr2.6731229-6742618_P_Athila	crossover	6b(2)>6a(15)			
2	ragtagBARC-A-17_ColChr1to5_Chr1to5::Atha_Chr3.16429489-16437881_D_Athila	crossover	2(19)>4c(4)			
2	ragtagBARC-A-17_ColChr1to5_Chr1to5::Atha_Chr4.9380767-9388758_D_Athila	crossover	2(5)>6b(3)			
2	ragtagBARC-A-17_ColChr1to5_Chr1to5::Atha_Chr2.7763119-7774444_P_Athila	crossover	6b(2)>6a(15)			
2	ragtagBELC-C-10_ColChr1to5_Chr1to5::Atha_Chr1.13964317-13975738_D_Athila	crossover	6b(2)>6a(12)			
2	ragtagBELC-C-10_ColChr1to5_Chr1to5::Atha_Chr3.13237333-13251100_D_Athila	crossover	2(31)>1(13)			
2	ragtagBELC-C-10_ColChr1to5_Chr1to5::Atha_Chr4.10008788-10016736_D_Athila	crossover	2(8)>6b(4)			
2	ragtagBROU-A-10_ColChr1to5_Chr1to5::Atha_Chr1.14443388-14452222_D_Athila	crossover	1(2)>6(6)			
2	ragtagBROU-A-10_ColChr1to5_Chr1to5::Atha_Chr4.7208396-7216390_P_Athila	crossover	2(10)>6b(4)			
2	ragtagCAMA-C-2_ColChr1to5_Chr1to5::Atha_Chr3.17560455-17568791_D_Athila	crossover	2(22)>4c(4)			
2	ragtagCAMA-C-2_ColChr1to5_Chr1to5::Atha_Chr4.9267415-9275365_P_Athila	crossover	2(9)>6b(4)			
2	ragtagCAMA-C-9_ColChr1to5_Chr1to5::Atha_Chr3.17564115-17572451_D_Athila	crossover	2(22)>4c(4)			
2	ragtagCAMA-C-9_ColChr1to5_Chr1to5::Atha_Chr4.9214807-9222757_P_Athila	crossover	2(9)>6b(4)			
2	ragtagCas-0_ColChr1to5_Chr1to5::Atha_Chr3.19208025-19216386_D_Athila	crossover	2(18)>4c(4)			
2	ragtagCas-0_ColChr1to5_Chr1to5::Atha_Chr4.8347855-8355849_P_Athila	crossover	2(10)>6b(4)			
2	ragtagCas-6_ColChr1to5_Chr1to5::Atha_Chr3.18098240-18106602_D_Athila	crossover	2(22)>4c(4)			
2	ragtagCat-0_ColChr1to5_Chr1to5::Atha_Chr3.17837887-17846250_D_Athila	crossover	2(23)>4c(4)			
2	ragtagCol-0_ColChr1to5_Chr1to5::Atha_Chr1.14327742-14340322_D_Athila	crossover	2(20)>4c(2)			
2	ragtagCol-0_ColChr1to5_Chr1to5::Atha_Chr2.6157229-6168545_D_Athila	crossover	6b(2)>6a(11)			
2	ragtagCol-0_ColChr1to5_Chr1to5::Atha_Chr2.6647888-6659221_P_Athila	crossover	6b(2)>6a(13)			
2	ragtagCvi-0_ColChr1to5_Chr1to5::Atha_Chr4.10121096-10129089_D_Athila	crossover	2(8)>6b(4)			
2	ragtagERR8705874_ColChr1to5_Chr1to5::Atha_Chr3.13261595-13275372_D_Athila	crossover	2(31)>1(13)			
2	ragtagERR8705874_ColChr1to5_Chr1to5::Atha_Chr3.18428854-18437687_D_Athila	crossover	2(21)>4c(4)			
2	ragtagERR8705874_ColChr1to5_Chr1to5::Atha_Chr2.6054881-6066868_P_Athila	crossover	2(10)>6a(9)			
2	ragtagEvs-0_ColChr1to5_Chr1to5::Atha_Chr4.9225668-9233661_P_Athila	crossover	2(10)>6b(4)			
2	ragtagEvs-12_ColChr1to5_Chr1to5::Atha_Chr3.16599339-16606083_D_Athila	crossover	2(8)>4c(4)			
2	ragtagEvs-12_ColChr1to5_Chr1to5::Atha_Chr2.7683394-7692103_P_Athila	crossover	1(6)>6(2)			
2	ragtagEvs-12_ColChr1to5_Chr1to5::Atha_Chr4.8986431-8994424_P_Athila	crossover	2(10)>6b(4)			
2	ragtagFERR-A-12_ColChr1to5_Chr1to5::Atha_Chr1.14236081-14247502_D_Athila	crossover	6b(2)>6a(12)			
2	ragtagFERR-A-12_ColChr1to5_Chr1to5::Atha_Chr3.17676692-17685084_D_Athila	crossover	2(19)>4c(4)			
2	ragtagFERR-A-8_ColChr1to5_Chr1to5::Atha_Chr1.18349162-18357936_D_Athila	crossover	1(4)>6(2)			
2	ragtagFERR-A-8_ColChr1to5_Chr1to5::Atha_Chr3.17665472-17673853_D_Athila	crossover	2(19)>4c(4)			
2	ragtagGAIL-B-11_ColChr1to5_Chr1to5::Atha_Chr1.14167878-14179299_D_Athila	crossover	6b(2)>6a(12)			
2	ragtagGAIL-B-11_ColChr1to5_Chr1to5::Atha_Chr3.13512941-13526708_D_Athila	crossover	2(31)>1(12)			
2	ragtagHom-0_ColChr1to5_Chr1to5::Atha_Chr3.17321185-17335568_D_Athila	crossover	2(15)>1(15)			
2	ragtagHom-0_ColChr1to5_Chr1to5::Atha_Chr3.19133772-19142173_D_Athila	crossover	2(21)>4c(3)			
2	ragtagHom-0_ColChr1to5_Chr1to5::Atha_Chr3.13186369-13197043_P_Athila	crossover	6a(29)>6(8)			
2	ragtagHom-4_ColChr1to5_Chr1to5::Atha_Chr1.19947006-19955720_D_Athila	crossover	1(4)>6(2)			
2	ragtagHom-4_ColChr1to5_Chr1to5::Atha_Chr3.17991613-17999885_D_Athila	crossover	2(23)>4c(3)			
2	ragtagHom-4_ColChr1to5_Chr1to5::Atha_Chr2.5152068-5163402_P_Athila	crossover	6b(2)>6a(12)			
2	ragtagHum-2_ColChr1to5_Chr1to5::Atha_Chr3.18665765-18674116_D_Athila	crossover	2(20)>4c(4)			
2	ragtagHum-2_ColChr1to5_Chr1to5::Atha_Chr4.10791131-10799047_D_Athila	crossover	2(7)>6b(4)			
2	ragtagHum-4_ColChr1to5_Chr1to5::Atha_Chr1.14549868-14558707_D_Athila	crossover	1(2)>6(6)			
2	ragtagHum-4_ColChr1to5_Chr1to5::Atha_Chr3.16689894-16698275_D_Athila	crossover	2(19)>4c(4)			
2	ragtagHum-4_ColChr1to5_Chr1to5::Atha_Chr2.6887515-6898904_P_Athila	crossover	6b(2)>6a(15)			
2	ragtagLACR-C-14_ColChr1to5_Chr1to5::Atha_Chr3.13113794-13127559_D_Athila	crossover	2(31)>1(13)			
2	ragtagLACR-C-14_ColChr1to5_Chr1to5::Atha_Chr4.7307265-7315259_D_Athila	crossover	2(10)>6b(4)			
2	ragtagMERE-A-13_ColChr1to5_Chr1to5::Atha_Chr3.18116398-18124750_D_Athila	crossover	2(20)>4c(4)			
2	ragtagMONTM-B-16_ColChr1to5_Chr1to5::Atha_Chr1.19530021-19541446_D_Athila	crossover	6b(2)>6a(13)			
2	ragtagMONTM-B-16_ColChr1to5_Chr1to5::Atha_Chr2.8368390-8380063_D_Athila	crossover	6a(2)>6b(41)			
2	ragtagMONTM-B-16_ColChr1to5_Chr1to5::Atha_Chr1.18244897-18256254_P_Athila	crossover	6b(2)>6a(12)			
2	ragtagMONTM-B-16_ColChr1to5_Chr1to5::Atha_Chr3.17515458-17526736_P_Athila	crossover	4c(3)>3(6)			
2	ragtagMONTM-B-16_ColChr1to5_Chr1to5::Atha_Chr4.7564532-7573133_P_Athila	crossover	1(2)>6(23)			
2	ragtagMONTM-B-7_ColChr1to5_Chr1to5::Atha_Chr4.7319448-7328049_P_Athila	crossover	1(2)>6(23)			
2	ragtagMdc-14_ColChr1to5_Chr1to5::Atha_Chr3.18940581-18948943_D_Athila	crossover	2(20)>4c(4)			
2	ragtagMdc-14_ColChr1to5_Chr1to5::Atha_Chr4.9212033-9220021_D_Athila	crossover	2(5)>6b(3)			
2	ragtagMed-0_ColChr1to5_Chr1to5::Atha_Chr3.17915306-17923637_D_Athila	crossover	2(23)>4c(4)			
2	ragtagMed-0_ColChr1to5_Chr1to5::Atha_Chr4.8864452-8872371_D_Athila	crossover	2(10)>6b(3)			
2	ragtagMed-3_ColChr1to5_Chr1to5::Atha_Chr2.5165457-5176727_P_Athila	crossover	6b(2)>6a(12)			
2	ragtagMet-6_ColChr1to5_Chr1to5::Atha_Chr3.18038631-18046967_D_Athila	crossover	2(22)>4c(4)			
2	ragtagMos-9_ColChr1to5_Chr1to5::Atha_Chr4.9781497-9788714_D_Athila	crossover	2(9)>6b(4)			
2	ragtagMr-0_ColChr1to5ragtag_Chr1to5::Atha_Chr1.20359853-20368596_D_Athila	crossover	1(4)>6(2)			
2	ragtagMr-0_ColChr1to5ragtag_Chr1to5::Atha_Chr3.17058671-17067009_D_Athila	crossover	2(22)>4c(3)			
2	ragtagMr-0_ColChr1to5ragtag_Chr1to5::Atha_Chr4.8143267-8151297_D_Athila	crossover	2(7)>6b(4)			
2	ragtagMr-0_ColChr1to5ragtag_Chr1to5::Atha_Chr4.8292674-8300704_D_Athila	crossover	2(7)>6b(4)			
2	ragtagPREI-A-14_ColChr1to5_Chr1to5::Atha_Chr4.8136862-8144856_D_Athila	crossover	2(10)>6b(4)			
2	ragtagSALE-A-10_ColChr1to5_Chr1to5::Atha_Chr3.17927223-17935615_D_Athila	crossover	2(19)>4c(4)			
2	ragtagSALE-A-17_ColChr1to5_Chr1to5::Atha_Chr3.17996061-18004453_D_Athila	crossover	2(19)>4c(4)			
2	ragtagSan-9_ColChr1to5_Chr1to5::Atha_Chr1.14374739-14383504_D_Athila	crossover	1(8)>6(2)			
2	ragtagSan-9_ColChr1to5_Chr1to5::Atha_Chr3.17010882-17019188_D_Athila	crossover	2(22)>4c(4)			
2	ragtagSln-22_ColChr1to5_Chr1to5::Atha_Chr3.18150987-18162317_P_Athila	crossover	4c(5)>3(7)			
2	ws-4.ragtag_Chr1to5::Atha_Chr1.14147592-14159863_D_Athila	crossover	2(21)>4c(2)			
2	ws-4.ragtag_Chr1to5::Atha_Chr3.11837125-11845834_D_Athila	conversion	6a(3)>2(2)>6a(2)	2	2	40
2	ws-4.ragtag_Chr1to5::Atha_Chr3.17423380-17432241_D_Athila	crossover	2(21)>4c(4)			
2	ws-4.ragtag_Chr1to5::Atha_Chr4.7982601-7991201_P_Athila	crossover	1(2)>6(21)			
2	ws-4.ragtag_Chr1to5::Atha_Chr4.8248112-8256149_P_Athila	crossover	2(7)>6b(4)			
3	100620.Chr_scaffolds::Atha_Chr3.17870809-17877553_D_Athila	crossover	2(8)>4c(4)			
3	100621.Chr_scaffolds::Atha_Chr3.18892645-18900997_D_Athila	crossover	2(20)>4c(4)			
3	100622.Chr_scaffolds::Atha_Chr3.17957438-17964182_D_Athila	crossover	2(8)>4c(4)			
3	100623.Chr_scaffolds::Atha_Chr4.8951130-8959121_D_Athila	crossover	2(5)>6b(3)			
3	22005.ragtag_Chr1to5::Atha_Chr4.10917919-10925845_D_Athila	crossover	2(12)>6b(3)			
3	6923.ragtag_Chr1to5::Atha_Chr2.5725848-5737835_P_Athila	crossover	2(10)>6a(9)			
3	9806.ragtag_Chr1to5::Atha_Chr3.18941716-18950068_P_Athila	crossover	2(20)>4c(4)			
3	9847.ragtag_Chr1to5::Atha_Chr4.7793270-7801264_P_Athila	crossover	2(9)>6b(4)			
3	9994.ragtag_Chr1to5::Atha_Chr3.17724292-17732673_D_Athila	crossover	2(19)>4c(4)			
3	AH-7.ragtag_Chr1to5::Atha_Chr3.16538225-16546606_D_Athila	crossover	2(19)>4c(4)			
3	ANGE-B-10.ragtag_Chr1to5::Atha_Chr3.18061875-18070227_D_Athila	crossover	2(20)>4c(4)			
3	AS150_2026AT::Atha_Chr4.9569097-9577090_P_Athila	crossover	2(8)>6b(4)			
3	Abd-0.ragtag_Chr1to5::Atha_Chr3.13244501-13258277_D_Athila	crossover	2(31)>1(13)			
3	Abd-0.ragtag_Chr1to5::Atha_Chr3.18366754-18375587_D_Athila	crossover	2(21)>4c(4)			
3	Abd-0.ragtag_Chr1to5::Atha_Chr2.5879670-5891657_P_Athila	crossover	2(10)>6a(9)			
3	Arb-0.ragtag_Chr1to5::Atha_Chr1.17938577-17947420_P_Athila	crossover	1(4)>6(5)			
3	Arb-0.ragtag_Chr1to5::Atha_Chr5.18694933-18707218_P_Athila	crossover	7a(11)>7(32)			
3	BELC-C-12.ragtag_Chr1to5::Atha_Chr3.13238223-13251990_D_Athila	crossover	2(31)>1(13)			
3	BELC-C-12.ragtag_Chr1to5::Atha_Chr4.10015446-10023394_D_Athila	crossover	2(8)>6b(4)			
3	Belmonte-4-94.ragtag_Chr1to5::Atha_Chr3.17623601-17631981_D_Athila	crossover	2(19)>4c(4)			
3	Belmonte-4-94.ragtag_Chr1to5::Atha_Chr4.7436487-7444481_P_Athila	crossover	2(10)>6b(4)			
3	Bor-1.ragtag_Chr1to5::Atha_Chr3.18061664-18070065_D_Athila	crossover	2(25)>4c(4)			
3	Cdm-0.ragtag_Chr1to5::Atha_Chr3.16888913-16897275_D_Athila	crossover	2(22)>4c(4)			
3	Co-4.ragtag_Chr1to5::Atha_Chr3.18576738-18585141_P_Athila	crossover	2(25)>4c(4)			
3	Db-1_Mercier_Chr1to5::Atha_Chr3.13109076-13122845_D_Athila	crossover	2(30)>1(13)			
3	Dra-2.ragtag_Chr1to5::Atha_Chr3.18017909-18026310_D_Athila	crossover	2(25)>4c(4)			
3	Edi-0.ragtag_Chr1to5::Atha_Chr3.13184300-13198080_D_Athila	crossover	2(31)>1(13)			
3	Edi-0.ragtag_Chr1to5::Atha_Chr4.7514636-7522630_P_Athila	crossover	2(10)>6b(4)			
3	Elh-2.ragtag_Chr1to5::Atha_Chr3.17059426-17067826_D_Athila	crossover	2(24)>4c(4)			
3	Elh-2.ragtag_Chr1to5::Atha_Chr5.21021400-21033685_P_Athila	crossover	7a(11)>7(32)			
3	Elk-1.ragtag_Chr1to5::Atha_Chr3.17156836-17169735_D_Athila	crossover	2(43)>4(14)			
3	Elk-1.ragtag_Chr1to5::Atha_Chr3.18098377-18106716_D_Athila	crossover	2(22)>4c(3)			
3	Elk-1.ragtag_Chr1to5::Atha_Chr2.3490003-3499189_P_Athila	crossover	1(3)>6(7)			
3	Elk-1.ragtag_Chr1to5::Atha_Chr4.8451271-8465772_P_Athila	crossover	6b(22)>6(4)			
3	Est-0.ragtag_Chr1to5::Atha_Chr3.17736003-17744841_D_Athila	crossover	2(21)>4c(4)			
3	Est-1.ragtag_Chr1to5::Atha_Chr3.13328695-13339112_P_Athila	crossover	6a(27)>6(6)			
3	Got-22.ragtag_Chr1to5::Atha_Chr4.8736316-8744202_D_Athila	crossover	2(5)>6b(3)			
3	Hiroshima.ragtag_Chr1to5::Atha_Chr1.14409909-14418751_D_Athila	crossover	1(3)>6(3)			
3	Hs-0.ragtag_Chr1to5::Atha_Chr3.17811760-17820136_D_Athila	crossover	2(16)>4c(4)			
3	Ishikawa.ragtag_Chr1to5::Atha_Chr1.14410635-14419477_D_Athila	crossover	1(3)>6(3)			
3	Kar-1.ragtag_Chr1to5::Atha_Chr3.16752297-16760668_D_Athila	crossover	2(24)>4c(3)			
3	Kar-1.ragtag_Chr1to5::Atha_Chr4.8218560-8226552_D_Athila	crossover	2(9)>6b(4)			
3	Kar-1.ragtag_Chr1to5::Atha_Chr5.19991221-20003546_D_Athila	crossover	7a(11)>7(36)			
3	Kas-1.ragtag_Chr1to5::Atha_Chr3.17867902-17876763_D_Athila	crossover	2(21)>4c(4)			
3	Ket-10.ragtag_Chr1to5::Atha_Chr3.18848402-18856801_D_Athila	crossover	2(25)>4c(4)			
3	Kondara.ragtag_Chr1to5::Atha_Chr3.16662274-16670655_D_Athila	crossover	2(19)>4c(4)			
3	Kyr-1.ragtag_Chr1to5::Atha_Chr3.16407212-16415593_D_Athila	crossover	2(19)>4c(4)			
3	Kyr-1.ragtag_Chr1to5::Atha_Chr5.20285607-20297932_D_Athila	crossover	7a(11)>7(36)			
3	Kz-9.ragtag_Chr1to5::Atha_Chr4.6984970-6992962_D_Athila	crossover	2(9)>6b(4)			
3	LI-OF-095.ragtag_Chr1to5::Atha_Chr3.17237601-17245936_D_Athila	crossover	2(22)>4c(3)			
3	LL-0.ragtag_Chr1to5::Atha_Chr3.18466328-18474709_D_Athila	crossover	2(23)>4c(4)			
3	LL-0.ragtag_Chr1to5::Atha_Chr4.8173043-8181009_P_Athila	crossover	2(11)>6b(4)			
3	Mammo-1.ragtag_Chr1to5::Atha_Chr4.8197597-8205591_P_Athila	crossover	2(10)>6b(4)			
3	Meh-0.ragtag_Chr1to5::Atha_Chr1.17626205-17635051_P_Athila	crossover	1(3)>6(6)			
3	Meh-0.ragtag_Chr1to5::Atha_Chr4.9131654-9139648_P_Athila	crossover	2(9)>6b(3)			
3	Mh-0.ragtag_Chr1to5::Atha_Chr1.17328502-17337345_P_Athila	crossover	1(4)>6(5)			
3	Ms-0.ragtag_Chr1to5::Atha_Chr3.17892601-17901462_D_Athila	crossover	2(21)>4c(4)			
3	Nov-2.ragtag_Chr1to5::Atha_Chr3.16774580-16782961_D_Athila	crossover	2(19)>4c(4)			
3	Nz-1.ragtag_Chr1to5::Atha_Chr3.16180034-16194418_D_Athila	crossover	2(15)>1(15)			
3	Nz-1.ragtag_Chr1to5::Atha_Chr3.18011748-18020125_D_Athila	crossover	2(20)>4c(3)			
3	Nz-1.ragtag_Chr1to5::Atha_Chr3.13198045-13208719_P_Athila	crossover	6a(29)>6(8)			
3	Per-1.ragtag_Chr1to5::Atha_Chr3.17539770-17548631_D_Athila	crossover	2(21)>4c(4)			
3	Pra-6.ragtag_Chr1to5::Atha_Chr4.6613697-6621691_P_Athila	crossover	2(8)>6b(3)			
3	Pu2-23_ragtagChr1to5::Atha_Chr3.16405779-16414088_D_Athila	crossover	2(21)>4c(4)			
3	Pu2-23_ragtagChr1to5::Atha_Chr4.9247597-9255590_D_Athila	crossover	2(6)>6b(3)			
3	Pyl-1.ragtag_Chr1to5::Atha_Chr1.17582995-17591838_P_Athila	crossover	1(4)>6(5)			
3	Pyl-1.ragtag_Chr1to5::Atha_Chr4.9120862-9128855_P_Athila	crossover	2(11)>6b(3)			
3	Qar-8a.ragtag_Chr1to5::Atha_Chr3.18535407-18543742_D_Athila	crossover	2(23)>4c(4)			
3	RRS10.ragtag_Chr1to5::Atha_Chr3.18725297-18733079_D_Athila	crossover	2(16)>4c(4)			
3	Rab-R1.ragtag_Chr1to5::Atha_Chr4.3095306-3103232_P_Athila	crossover	2(12)>6b(3)			
3	Rld-2.ragtag_Chr1to5::Atha_Chr3.13306361-13316778_P_Athila	crossover	6a(27)>6(6)			
3	Sah-0.ragtag_Chr1to5::Atha_Chr3.18304635-18313016_D_Athila	crossover	2(19)>4c(4)			
3	Sf-2.ragtag_Chr1to5::Atha_Chr3.17331321-17339683_D_Athila	crossover	2(24)>4c(3)			
3	Sf-2.ragtag_Chr1to5::Atha_Chr4.10508670-10516618_D_Athila	crossover	2(8)>6b(4)			
3	Sha.ragtag_Chr1to5::Atha_Chr3.17031302-17039683_D_Athila	crossover	2(19)>4c(4)			
3	Sha.ragtag_Chr1to5::Atha_Chr5.20821371-20833697_D_Athila	crossover	7a(11)>7(36)			
3	Sij-1.ragtag_Chr1to5::Atha_Chr3.16465068-16473449_D_Athila	crossover	2(19)>4c(4)			
3	Sij-2.ragtag_Chr1to5::Atha_Chr3.16472303-16480684_D_Athila	crossover	2(19)>4c(4)			
3	Sorbo.ragtag_Chr1to5::Atha_Chr3.16668016-16676397_D_Athila	crossover	2(19)>4c(4)			
3	Sorbo.ragtag_Chr1to5::Atha_Chr5.19551895-19564222_D_Athila	crossover	7a(11)>7(36)			
3	St-0.ragtag_Chr1to5::Atha_Chr3.18776119-18788253_D_Athila	crossover	1(10)>2(18)			
3	St-0.ragtag_Chr1to5::Atha_Chr4.8801411-8809405_P_Athila	crossover	2(9)>6b(4)			
3	St-0_kang_ragtag_Chr1to5::Atha_Chr3.15992939-16005073_D_Athila	crossover	1(10)>2(18)			
3	St-0_kang_ragtag_Chr1to5::Atha_Chr4.8240457-8248451_P_Athila	crossover	2(9)>6b(4)			
3	Stw-0_Chr1to5_2026::Atha_Chr4.7621813-7629807_P_Athila	crossover	2(8)>6b(3)			
3	Sus-1.ragtag_Chr1to5::Atha_Chr3.16813478-16821849_D_Athila	crossover	2(24)>4c(3)			
3	Sus-1.ragtag_Chr1to5::Atha_Chr5.18847091-18859419_D_Athila	crossover	7a(11)>7(36)			
3	Tanz_merc.ragtag_Chr1to5::Atha_Chr3.19545659-19554060_D_Athila	crossover	2(24)>4c(4)			
3	Tanz_merc.ragtag_Chr1to5::Atha_Chr4.8306687-8314035_D_Athila	crossover	2(13)>6b(4)			
3	Tanz_wlod.ragtag_Chr1to5::Atha_Chr3.19760968-19769369_D_Athila	crossover	2(24)>4c(4)			
3	Tanz_wlod.ragtag_Chr1to5::Atha_Chr4.8418486-8425834_D_Athila	crossover	2(13)>6b(4)			
3	Tibet-0.ragtag_Chr1to5::Atha_Chr4.8208436-8216431_D_Athila	crossover	2(12)>6b(3)			
3	Toufl-1.ragtag_Chr1to5::Atha_Chr1.17829099-17837942_P_Athila	crossover	1(4)>6(5)			
3	Toufl-1.ragtag_Chr1to5::Atha_Chr5.18239639-18251923_P_Athila	crossover	7a(11)>7(32)			
3	TueSB30-3.ragtag_Chr1to5::Atha_Chr3.13418599-13429016_P_Athila	crossover	6a(27)>6(6)			
3	Tul-0.ragtag_Chr1to5::Atha_Chr3.18593259-18601041_D_Athila	crossover	2(16)>4c(4)			
3	Valsi-1.ragtag_Chr1to5::Atha_Chr4.8038912-8046837_P_Athila	crossover	2(10)>6b(4)			
3	Zal-1_Chr1to5_2026::Atha_Chr3.16322324-16330705_D_Athila	crossover	2(19)>4c(4)			
3	Zal-1_Chr1to5_2026::Atha_Chr5.19265181-19277507_D_Athila	crossover	7a(11)>7(36)			
3	_1158_Chr1to5::Atha_Chr3.12951517-12965044_P_Athila	crossover	3(41)>0(3)			
3	_6024_Chr1to5::Atha_Chr3.17776000-17784860_D_Athila	crossover	2(21)>4c(4)			
3	_6024_Chr1to5::Atha_Chr4.9583005-9590999_D_Athila	crossover	2(6)>6b(3)			
3	_6184_Chr1to5::Atha_Chr4.8940665-8948659_D_Athila	crossover	2(6)>6b(3)			
3	_Altai-5_ColChr1to5ragtag_Chr1to5::Atha_Chr3.16245997-16254378_D_Athila	crossover	2(19)>4c(4)			
3	_Altai-5_ColChr1to5ragtag_Chr1to5::Atha_Chr5.19317810-19330138_D_Athila	crossover	7a(11)>7(36)			
3	_Altai-5_ColChr1to5ragtag_Chr1to5::Atha_Chr5.18526410-18539070_P_Athila	crossover	7a(12)>7(32)			
3	_Dog-4_ColChr1to5ragtag_Chr1to5::Atha_Chr4.8613500-8621434_D_Athila	crossover	2(6)>6b(3)			
3	_Geg-14_ColChr1to5ragtag_Chr1to5::Atha_Chr3.17076446-17084817_D_Athila	crossover	2(24)>4c(3)			
3	_Geg-14_ColChr1to5ragtag_Chr1to5::Atha_Chr4.7129327-7137320_P_Athila	crossover	2(9)>6b(3)			
3	_Had-6b_ColChr1to5ragtag_Chr1to5::Atha_Chr4.4882538-4891479_D_Athila	conversion	4c(3)>9(13)>4c(4)	9	13	1269
3	_Had-6b_ColChr1to5ragtag_Chr1to5::Atha_Chr4.4664029-4675693_P_Athila	conversion	4c(6)>1(4)>4c(6)	1	4	806
3	_Ice-1_ColChr1to5ragtag_Chr1to5::Atha_Chr3.16121624-16129933_D_Athila	crossover	2(22)>4c(4)			
3	_No-0_ColChr1to5ragtag_Chr1to5::Atha_Chr4.8277871-8285862_D_Athila	crossover	2(5)>6b(3)			
3	_No-0_ColChr1to5ragtag_Chr1to5::Atha_Chr3.13203085-13213502_P_Athila	crossover	6a(27)>6(6)			
3	ragtag7143_ColChr1to5_Chr1to5::Atha_Chr3.16707844-16716705_D_Athila	crossover	2(20)>4c(4)			
3	ragtag9336_ColChr1to5_Chr1to5::Atha_Chr3.17851800-17860660_D_Athila	crossover	2(21)>4c(4)			
3	ragtag9852_Chr1to5::Atha_Chr3.17299200-17305944_D_Athila	crossover	2(8)>4c(4)			
3	ragtag9879_ColChr1to5_Chr1to5::Atha_Chr3.17655039-17663391_D_Athila	crossover	2(20)>4c(4)			
3	ragtag9883_ColChr1to5_Chr1to5::Atha_Chr3.13409362-13423130_D_Athila	crossover	2(30)>1(13)			
3	ragtag9900_ColChr1to5_Chr1to5::Atha_Chr3.18030148-18038529_D_Athila	crossover	2(19)>4c(4)			
3	ragtagANGE-B-2_ColChr1to5_Chr1to5::Atha_Chr3.18073402-18081754_D_Athila	crossover	2(20)>4c(4)			
3	ragtagAUZE-A-5_ColChr1to5_Chr1to5::Atha_Chr4.7533131-7541124_D_Athila	crossover	2(10)>6b(4)			
3	ragtagAlo-0_ColChr1to5_Chr1to5::Atha_Chr3.13399006-13412760_D_Athila	crossover	2(32)>1(13)			
3	ragtagAlo-19_ColChr1to5_Chr1to5::Atha_Chr4.9157877-9165919_D_Athila	crossover	2(10)>6b(4)			
3	ragtagAlo-19_ColChr1to5_Chr1to5::Atha_Chr3.18169605-18180903_P_Athila	crossover	4c(5)>3(7)			
3	ragtagBANI-C-12_ColChr1to5_Chr1to5::Atha_Chr3.18071314-18079666_D_Athila	crossover	2(20)>4c(4)			
3	ragtagBANI-C-12_ColChr1to5_Chr1to5::Atha_Chr1.18286257-18295100_P_Athila	crossover	1(4)>6(5)			
3	ragtagBANI-C-12_ColChr1to5_Chr1to5::Atha_Chr4.8509799-8517793_P_Athila	crossover	2(10)>6b(3)			
3	ragtagBARA-C-3_ColChr1to5_Chr1to5::Atha_Chr4.7148914-7156908_D_Athila	crossover	2(10)>6b(4)			
3	ragtagBARA-C-3_ColChr1to5_Chr1to5::Atha_Chr3.17414080-17425358_P_Athila	crossover	4c(3)>3(6)			
3	ragtagBARC-A-12_ColChr1to5_Chr1to5::Atha_Chr3.16432067-16440459_D_Athila	crossover	2(19)>4c(4)			
3	ragtagBARC-A-12_ColChr1to5_Chr1to5::Atha_Chr4.9347366-9355357_D_Athila	crossover	2(5)>6b(3)			
3	ragtagBARC-A-17_ColChr1to5_Chr1to5::Atha_Chr3.16429489-16437881_D_Athila	crossover	2(19)>4c(4)			
3	ragtagBARC-A-17_ColChr1to5_Chr1to5::Atha_Chr4.9380767-9388758_D_Athila	crossover	2(5)>6b(3)			
3	ragtagBELC-C-10_ColChr1to5_Chr1to5::Atha_Chr3.13237333-13251100_D_Athila	crossover	2(31)>1(13)			
3	ragtagBELC-C-10_ColChr1to5_Chr1to5::Atha_Chr4.10008788-10016736_D_Athila	crossover	2(8)>6b(4)			
3	ragtagBROU-A-10_ColChr1to5_Chr1to5::Atha_Chr4.7208396-7216390_P_Athila	crossover	2(10)>6b(4)			
3	ragtagCAMA-C-2_ColChr1to5_Chr1to5::Atha_Chr3.17560455-17568791_D_Athila	crossover	2(22)>4c(4)			
3	ragtagCAMA-C-2_ColChr1to5_Chr1to5::Atha_Chr4.9267415-9275365_P_Athila	crossover	2(9)>6b(4)			
3	ragtagCAMA-C-9_ColChr1to5_Chr1to5::Atha_Chr3.17564115-17572451_D_Athila	crossover	2(22)>4c(4)			
3	ragtagCAMA-C-9_ColChr1to5_Chr1to5::Atha_Chr4.9214807-9222757_P_Athila	crossover	2(9)>6b(4)			
3	ragtagCas-0_ColChr1to5_Chr1to5::Atha_Chr3.19208025-19216386_D_Athila	crossover	2(18)>4c(4)			
3	ragtagCas-0_ColChr1to5_Chr1to5::Atha_Chr4.8347855-8355849_P_Athila	crossover	2(10)>6b(4)			
3	ragtagCas-6_ColChr1to5_Chr1to5::Atha_Chr3.18098240-18106602_D_Athila	crossover	2(22)>4c(4)			
3	ragtagCat-0_ColChr1to5_Chr1to5::Atha_Chr3.17837887-17846250_D_Athila	crossover	2(23)>4c(4)			
3	ragtagCvi-0_ColChr1to5_Chr1to5::Atha_Chr4.10121096-10129089_D_Athila	crossover	2(8)>6b(4)			
3	ragtagERR8705874_ColChr1to5_Chr1to5::Atha_Chr3.13261595-13275372_D_Athila	crossover	2(31)>1(13)			
3	ragtagERR8705874_ColChr1to5_Chr1to5::Atha_Chr3.18428854-18437687_D_Athila	crossover	2(21)>4c(4)			
3	ragtagERR8705874_ColChr1to5_Chr1to5::Atha_Chr2.6054881-6066868_P_Athila	crossover	2(10)>6a(9)			
3	ragtagEvs-0_ColChr1to5_Chr1to5::Atha_Chr4.9225668-9233661_P_Athila	crossover	2(10)>6b(4)			
3	ragtagEvs-12_ColChr1to5_Chr1to5::Atha_Chr3.16599339-16606083_D_Athila	crossover	2(8)>4c(4)			
3	ragtagEvs-12_ColChr1to5_Chr1to5::Atha_Chr4.8986431-8994424_P_Athila	crossover	2(10)>6b(4)			
3	ragtagFERR-A-12_ColChr1to5_Chr1to5::Atha_Chr3.17676692-17685084_D_Athila	crossover	2(19)>4c(4)			
3	ragtagFERR-A-8_ColChr1to5_Chr1to5::Atha_Chr3.17665472-17673853_D_Athila	crossover	2(19)>4c(4)			
3	ragtagGAIL-B-11_ColChr1to5_Chr1to5::Atha_Chr3.13512941-13526708_D_Athila	crossover	2(31)>1(12)			
3	ragtagHom-0_ColChr1to5_Chr1to5::Atha_Chr3.17321185-17335568_D_Athila	crossover	2(15)>1(15)			
3	ragtagHom-0_ColChr1to5_Chr1to5::Atha_Chr3.19133772-19142173_D_Athila	crossover	2(21)>4c(3)			
3	ragtagHom-0_ColChr1to5_Chr1to5::Atha_Chr3.13186369-13197043_P_Athila	crossover	6a(29)>6(8)			
3	ragtagHom-4_ColChr1to5_Chr1to5::Atha_Chr3.17991613-17999885_D_Athila	crossover	2(23)>4c(3)			
3	ragtagHum-2_ColChr1to5_Chr1to5::Atha_Chr3.18665765-18674116_D_Athila	crossover	2(20)>4c(4)			
3	ragtagHum-2_ColChr1to5_Chr1to5::Atha_Chr4.10791131-10799047_D_Athila	crossover	2(7)>6b(4)			
3	ragtagHum-4_ColChr1to5_Chr1to5::Atha_Chr3.16689894-16698275_D_Athila	crossover	2(19)>4c(4)			
3	ragtagLACR-C-14_ColChr1to5_Chr1to5::Atha_Chr3.13113794-13127559_D_Athila	crossover	2(31)>1(13)			
3	ragtagLACR-C-14_ColChr1to5_Chr1to5::Atha_Chr4.7307265-7315259_D_Athila	crossover	2(10)>6b(4)			
3	ragtagMERE-A-13_ColChr1to5_Chr1to5::Atha_Chr3.18116398-18124750_D_Athila	crossover	2(20)>4c(4)			
3	ragtagMONTM-B-16_ColChr1to5_Chr1to5::Atha_Chr3.17515458-17526736_P_Athila	crossover	4c(3)>3(6)			
3	ragtagMdc-14_ColChr1to5_Chr1to5::Atha_Chr3.18940581-18948943_D_Athila	crossover	2(20)>4c(4)			
3	ragtagMdc-14_ColChr1to5_Chr1to5::Atha_Chr4.9212033-9220021_D_Athila	crossover	2(5)>6b(3)			
3	ragtagMed-0_ColChr1to5_Chr1to5::Atha_Chr3.17915306-17923637_D_Athila	crossover	2(23)>4c(4)			
3	ragtagMed-0_ColChr1to5_Chr1to5::Atha_Chr4.8864452-8872371_D_Athila	crossover	2(10)>6b(3)			
3	ragtagMet-6_ColChr1to5_Chr1to5::Atha_Chr3.18038631-18046967_D_Athila	crossover	2(22)>4c(4)			
3	ragtagMos-9_ColChr1to5_Chr1to5::Atha_Chr4.9781497-9788714_D_Athila	crossover	2(9)>6b(4)			
3	ragtagMr-0_ColChr1to5ragtag_Chr1to5::Atha_Chr3.17058671-17067009_D_Athila	crossover	2(22)>4c(3)			
3	ragtagMr-0_ColChr1to5ragtag_Chr1to5::Atha_Chr4.8143267-8151297_D_Athila	crossover	2(7)>6b(4)			
3	ragtagMr-0_ColChr1to5ragtag_Chr1to5::Atha_Chr4.8292674-8300704_D_Athila	crossover	2(7)>6b(4)			
3	ragtagPREI-A-14_ColChr1to5_Chr1to5::Atha_Chr4.8136862-8144856_D_Athila	crossover	2(10)>6b(4)			
3	ragtagSALE-A-10_ColChr1to5_Chr1to5::Atha_Chr3.17927223-17935615_D_Athila	crossover	2(19)>4c(4)			
3	ragtagSALE-A-17_ColChr1to5_Chr1to5::Atha_Chr3.17996061-18004453_D_Athila	crossover	2(19)>4c(4)			
3	ragtagSan-9_ColChr1to5_Chr1to5::Atha_Chr3.17010882-17019188_D_Athila	crossover	2(22)>4c(4)			
3	ragtagSln-22_ColChr1to5_Chr1to5::Atha_Chr3.18150987-18162317_P_Athila	crossover	4c(5)>3(7)			
3	ws-4.ragtag_Chr1to5::Atha_Chr3.17423380-17432241_D_Athila	crossover	2(21)>4c(4)			
3	ws-4.ragtag_Chr1to5::Atha_Chr4.8248112-8256149_P_Athila	crossover	2(7)>6b(4)			
5	6923.ragtag_Chr1to5::Atha_Chr2.5725848-5737835_P_Athila	crossover	2(10)>6a(9)			
5	Abd-0.ragtag_Chr1to5::Atha_Chr3.13244501-13258277_D_Athila	crossover	2(31)>1(13)			
5	Abd-0.ragtag_Chr1to5::Atha_Chr2.5879670-5891657_P_Athila	crossover	2(10)>6a(9)			
5	Arb-0.ragtag_Chr1to5::Atha_Chr5.18694933-18707218_P_Athila	crossover	7a(11)>7(32)			
5	BELC-C-12.ragtag_Chr1to5::Atha_Chr3.13238223-13251990_D_Athila	crossover	2(31)>1(13)			
5	Db-1_Mercier_Chr1to5::Atha_Chr3.13109076-13122845_D_Athila	crossover	2(30)>1(13)			
5	Edi-0.ragtag_Chr1to5::Atha_Chr3.13184300-13198080_D_Athila	crossover	2(31)>1(13)			
5	Elh-2.ragtag_Chr1to5::Atha_Chr5.21021400-21033685_P_Athila	crossover	7a(11)>7(32)			
5	Elk-1.ragtag_Chr1to5::Atha_Chr3.17156836-17169735_D_Athila	crossover	2(43)>4(14)			
5	Est-1.ragtag_Chr1to5::Atha_Chr3.13328695-13339112_P_Athila	crossover	6a(27)>6(6)			
5	Kar-1.ragtag_Chr1to5::Atha_Chr5.19991221-20003546_D_Athila	crossover	7a(11)>7(36)			
5	Kyr-1.ragtag_Chr1to5::Atha_Chr5.20285607-20297932_D_Athila	crossover	7a(11)>7(36)			
5	Nz-1.ragtag_Chr1to5::Atha_Chr3.16180034-16194418_D_Athila	crossover	2(15)>1(15)			
5	Nz-1.ragtag_Chr1to5::Atha_Chr3.13198045-13208719_P_Athila	crossover	6a(29)>6(8)			
5	Rld-2.ragtag_Chr1to5::Atha_Chr3.13306361-13316778_P_Athila	crossover	6a(27)>6(6)			
5	Sha.ragtag_Chr1to5::Atha_Chr5.20821371-20833697_D_Athila	crossover	7a(11)>7(36)			
5	Sorbo.ragtag_Chr1to5::Atha_Chr5.19551895-19564222_D_Athila	crossover	7a(11)>7(36)			
5	St-0.ragtag_Chr1to5::Atha_Chr3.18776119-18788253_D_Athila	crossover	1(10)>2(18)			
5	St-0_kang_ragtag_Chr1to5::Atha_Chr3.15992939-16005073_D_Athila	crossover	1(10)>2(18)			
5	Sus-1.ragtag_Chr1to5::Atha_Chr5.18847091-18859419_D_Athila	crossover	7a(11)>7(36)			
5	Toufl-1.ragtag_Chr1to5::Atha_Chr5.18239639-18251923_P_Athila	crossover	7a(11)>7(32)			
5	TueSB30-3.ragtag_Chr1to5::Atha_Chr3.13418599-13429016_P_Athila	crossover	6a(27)>6(6)			
5	Zal-1_Chr1to5_2026::Atha_Chr5.19265181-19277507_D_Athila	crossover	7a(11)>7(36)			
5	_Altai-5_ColChr1to5ragtag_Chr1to5::Atha_Chr5.19317810-19330138_D_Athila	crossover	7a(11)>7(36)			
5	_Altai-5_ColChr1to5ragtag_Chr1to5::Atha_Chr5.18526410-18539070_P_Athila	crossover	7a(12)>7(32)			
5	_No-0_ColChr1to5ragtag_Chr1to5::Atha_Chr3.13203085-13213502_P_Athila	crossover	6a(27)>6(6)			
5	ragtag9883_ColChr1to5_Chr1to5::Atha_Chr3.13409362-13423130_D_Athila	crossover	2(30)>1(13)			
5	ragtagAlo-0_ColChr1to5_Chr1to5::Atha_Chr3.13399006-13412760_D_Athila	crossover	2(32)>1(13)			
5	ragtagAlo-19_ColChr1to5_Chr1to5::Atha_Chr3.18169605-18180903_P_Athila	crossover	4c(5)>3(7)			
5	ragtagBELC-C-10_ColChr1to5_Chr1to5::Atha_Chr3.13237333-13251100_D_Athila	crossover	2(31)>1(13)			
5	ragtagERR8705874_ColChr1to5_Chr1to5::Atha_Chr3.13261595-13275372_D_Athila	crossover	2(31)>1(13)			
5	ragtagERR8705874_ColChr1to5_Chr1to5::Atha_Chr2.6054881-6066868_P_Athila	crossover	2(10)>6a(9)			
5	ragtagGAIL-B-11_ColChr1to5_Chr1to5::Atha_Chr3.13512941-13526708_D_Athila	crossover	2(31)>1(12)			
5	ragtagHom-0_ColChr1to5_Chr1to5::Atha_Chr3.17321185-17335568_D_Athila	crossover	2(15)>1(15)			
5	ragtagHom-0_ColChr1to5_Chr1to5::Atha_Chr3.13186369-13197043_P_Athila	crossover	6a(29)>6(8)			
5	ragtagLACR-C-14_ColChr1to5_Chr1to5::Atha_Chr3.13113794-13127559_D_Athila	crossover	2(31)>1(13)			
5	ragtagSln-22_ColChr1to5_Chr1to5::Atha_Chr3.18150987-18162317_P_Athila	crossover	4c(5)>3(7)			
