family	class	n_elements	frac_centromeric	frac_arm	median_log2_enrich	n_acc_tested	acc_enriched	acc_depleted	q_phil	q_phob
5	centrophilic	1979	0.586	0.0803	1.05	147	138	9	5.36e-30	1
6b	centrophilic	685	0.409	0.0759	0.538	115	86	29	2.11e-07	1
1	centrophilic	3703	0.357	0.0859	0.482	148	121	27	6.76e-15	1
6a	neutral	1476	0.316	0.118	0.0842	148	82	66	0.353	1
2	centrophobic	6224	0.22	0.054	-0.275	148	47	101	1	1.74e-05
9	neutral	206	0.214	0.141	-0.367	29	11	18	1	0.215
4c	centrophobic	744	0.136	0.102	-0.408	142	50	92	1	0.000694
6	centrophobic	557	0.0969	0.113	-0.605	111	24	87	1	3.07e-09
0	neutral	206	0.0874	0.17	-0.871	15	5	10	1	0.218
3	centrophobic	1117	0.0752	0.115	-1.04	148	11	137	1	2.53e-28
4	centrophobic	1818	0.0473	0.0627	-1.68	148	1	147	1	5.43e-42
7a	neutral	119	0.0168	0.782	-1.25	4	0	4	1	0.116
4a	centrophobic	122	0	0.115	-0.537	14	2	12	1	0.014
