ns_id	accession	chrom	start	end	n_segments	mosaic	families	breakpoint_bins
100620.Chr_scaffolds::Atha_Chr3.16212317-16223175_D_Athila	100620.Chr_scaffolds	Chr3	16212317	16223175	3	6a(10)>2(8)>6a(33)	2,6a	14;20
100620.Chr_scaffolds::Atha_Chr3.17602822-17611839_D_Athila	100620.Chr_scaffolds	Chr3	17602822	17611839	2	1(17)>6(71)	1,6	5
100620.Chr_scaffolds::Atha_Chr3.17870809-17877553_D_Athila	100620.Chr_scaffolds	Chr3	17870809	17877553	2	2(17)>4c(28)	2,4c	1
100621.Chr_scaffolds::Atha_Chr1.19352815-19361601_D_Athila	100621.Chr_scaffolds	Chr1	19352815	19361601	2	1(45)>6(13)	1,6	2
100621.Chr_scaffolds::Atha_Chr3.18621889-18630905_D_Athila	100621.Chr_scaffolds	Chr3	18621889	18630905	2	1(17)>6(42)	1,6	4
100621.Chr_scaffolds::Atha_Chr3.18892645-18900997_D_Athila	100621.Chr_scaffolds	Chr3	18892645	18900997	2	2(35)>4c(30)	2,4c	0
100621.Chr_scaffolds::Atha_Chr5.12888471-12899878_D_Athila	100621.Chr_scaffolds	Chr5	12888471	12899878	2	6b(31)>6a(558)	6a,6b	7
100621.Chr_scaffolds::Atha_Chr5.13180611-13191879_D_Athila	100621.Chr_scaffolds	Chr5	13180611	13191879	2	6b(31)>6a(356)	6a,6b	7
100622.Chr_scaffolds::Atha_Chr3.16298942-16309800_D_Athila	100622.Chr_scaffolds	Chr3	16298942	16309800	3	6a(10)>2(8)>6a(33)	2,6a	14;20
100622.Chr_scaffolds::Atha_Chr3.17689447-17698464_D_Athila	100622.Chr_scaffolds	Chr3	17689447	17698464	2	1(17)>6(71)	1,6	5
100622.Chr_scaffolds::Atha_Chr3.17957438-17964182_D_Athila	100622.Chr_scaffolds	Chr3	17957438	17964182	2	2(17)>4c(28)	2,4c	1
100623.Chr_scaffolds::Atha_Chr2.8298824-8310214_D_Athila	100623.Chr_scaffolds	Chr2	8298824	8310214	2	6b(31)>6a(641)	6a,6b	7
100623.Chr_scaffolds::Atha_Chr3.16068501-16079289_D_Athila	100623.Chr_scaffolds	Chr3	16068501	16079289	3	6a(69)>2(8)>6a(33)	2,6a	14;20
100623.Chr_scaffolds::Atha_Chr4.8951130-8959121_D_Athila	100623.Chr_scaffolds	Chr4	8951130	8959121	2	2(14)>6b(43)	2,6b	0
22005.ragtag_Chr1to5::Atha_Chr4.10917919-10925845_D_Athila	22005.ragtag_Chr1to5	Chr4	10917919	10925845	2	2(213)>6b(49)	2,6b	0
6923.ragtag_Chr1to5::Atha_Chr1.17637527-17646267_D_Athila	6923.ragtag_Chr1to5	Chr1	17637527	17646267	2	1(45)>6(13)	1,6	2
6923.ragtag_Chr1to5::Atha_Chr2.5725848-5737835_P_Athila	6923.ragtag_Chr1to5	Chr2	5725848	5737835	2	2(87)>6a(147)	2,6a	0
6923.ragtag_Chr1to5::Atha_Chr3.18379942-18389052_D_Athila	6923.ragtag_Chr1to5	Chr3	18379942	18389052	2	1(17)>6(71)	1,6	5
8285.ragtag_Chr1to5::Atha_Chr1.14180229-14192488_D_Athila	8285.ragtag_Chr1to5	Chr1	14180229	14192488	2	2(230)>4c(13)	2,4c	0
8285.ragtag_Chr1to5::Atha_Chr2.7411401-7422973_P_Athila	8285.ragtag_Chr1to5	Chr2	7411401	7422973	2	6b(31)>6a(631)	6a,6b	7
8285.ragtag_Chr1to5::Atha_Chr5.15836634-15848058_P_Athila	8285.ragtag_Chr1to5	Chr5	15836634	15848058	2	6b(31)>6a(532)	6a,6b	7
8285.ragtag_Chr1to5::Atha_Chr5.16000616-16012043_D_Athila	8285.ragtag_Chr1to5	Chr5	16000616	16012043	2	6b(23)>6a(527)	6a,6b	6
8285.ragtag_Chr1to5::Atha_Chr5.16010237-16021666_D_Athila	8285.ragtag_Chr1to5	Chr5	16010237	16021666	2	6b(31)>6a(520)	6a,6b	7
8285.ragtag_Chr1to5::Atha_Chr5.16090101-16101504_D_Athila	8285.ragtag_Chr1to5	Chr5	16090101	16101504	2	6a(12)>6b(805)	6a,6b	4
9806.ragtag_Chr1to5::Atha_Chr1.14213408-14225667_D_Athila	9806.ragtag_Chr1to5	Chr1	14213408	14225667	2	2(230)>4c(13)	2,4c	0
9806.ragtag_Chr1to5::Atha_Chr3.17986874-17995890_D_Athila	9806.ragtag_Chr1to5	Chr3	17986874	17995890	2	1(17)>6(42)	1,6	4
9806.ragtag_Chr1to5::Atha_Chr3.18941716-18950068_P_Athila	9806.ragtag_Chr1to5	Chr3	18941716	18950068	2	2(35)>4c(30)	2,4c	0
9806.ragtag_Chr1to5::Atha_Chr4.9520113-9531532_D_Athila	9806.ragtag_Chr1to5	Chr4	9520113	9531532	2	6b(15)>6a(435)	6a,6b	7
9847.ragtag_Chr1to5::Atha_Chr1.17663234-17672008_D_Athila	9847.ragtag_Chr1to5	Chr1	17663234	17672008	2	1(45)>6(13)	1,6	2
9847.ragtag_Chr1to5::Atha_Chr3.18541394-18550462_D_Athila	9847.ragtag_Chr1to5	Chr3	18541394	18550462	2	1(17)>6(148)	1,6	5
9847.ragtag_Chr1to5::Atha_Chr4.7793270-7801264_P_Athila	9847.ragtag_Chr1to5	Chr4	7793270	7801264	2	2(225)>6b(27)	2,6b	0
9847.ragtag_Chr1to5::Atha_Chr5.14845618-14857026_P_Athila	9847.ragtag_Chr1to5	Chr5	14845618	14857026	2	6b(19)>6a(559)	6a,6b	7
9847.ragtag_Chr1to5::Atha_Chr5.15005055-15016484_D_Athila	9847.ragtag_Chr1to5	Chr5	15005055	15016484	2	6b(23)>6a(513)	6a,6b	6
9847.ragtag_Chr1to5::Atha_Chr5.15014678-15026107_D_Athila	9847.ragtag_Chr1to5	Chr5	15014678	15026107	2	6b(31)>6a(520)	6a,6b	7
9847.ragtag_Chr1to5::Atha_Chr5.15115216-15126618_D_Athila	9847.ragtag_Chr1to5	Chr5	15115216	15126618	2	6a(12)>6b(778)	6a,6b	4
9994.ragtag_Chr1to5::Atha_Chr1.17976384-17987722_P_Athila	9994.ragtag_Chr1to5	Chr1	17976384	17987722	2	6b(31)>6a(630)	6a,6b	7
9994.ragtag_Chr1to5::Atha_Chr1.19262949-19274374_D_Athila	9994.ragtag_Chr1to5	Chr1	19262949	19274374	2	6b(31)>6a(577)	6a,6b	7
9994.ragtag_Chr1to5::Atha_Chr3.17466321-17475184_D_Athila	9994.ragtag_Chr1to5	Chr3	17466321	17475184	2	1(17)>6(71)	1,6	5
9994.ragtag_Chr1to5::Atha_Chr3.17724292-17732673_D_Athila	9994.ragtag_Chr1to5	Chr3	17724292	17732673	2	2(17)>4c(32)	2,4c	0
9994.ragtag_Chr1to5::Atha_Chr5.15377161-15385740_P_Athila	9994.ragtag_Chr1to5	Chr5	15377161	15385740	2	6b(31)>6a(547)	6a,6b	7
AH-7.ragtag_Chr1to5::Atha_Chr3.16279859-16288747_D_Athila	AH-7.ragtag_Chr1to5	Chr3	16279859	16288747	2	1(17)>6(71)	1,6	5
AH-7.ragtag_Chr1to5::Atha_Chr3.16538225-16546606_D_Athila	AH-7.ragtag_Chr1to5	Chr3	16538225	16546606	2	2(17)>4c(32)	2,4c	0
AH-7.ragtag_Chr1to5::Atha_Chr5.11153092-11164668_D_Athila	AH-7.ragtag_Chr1to5	Chr5	11153092	11164668	2	6a(62)>6b(4000)	6a,6b	0
AH-7.ragtag_Chr1to5::Atha_Chr5.11254827-11266077_D_Athila	AH-7.ragtag_Chr1to5	Chr5	11254827	11266077	2	6b(31)>6a(513)	6a,6b	7
ANGE-B-10.ragtag_Chr1to5::Atha_Chr1.18937043-18945829_D_Athila	ANGE-B-10.ragtag_Chr1to5	Chr1	18937043	18945829	2	1(45)>6(13)	1,6	2
ANGE-B-10.ragtag_Chr1to5::Atha_Chr3.18061875-18070227_D_Athila	ANGE-B-10.ragtag_Chr1to5	Chr3	18061875	18070227	2	2(35)>4c(29)	2,4c	0
AS150_2026AT::Atha_Chr1.17667716-17676491_D_Athila	AS150_2026AT	Chr1	17667716	17676491	2	1(45)>6(13)	1,6	2
AS150_2026AT::Atha_Chr3.17487280-17496383_D_Athila	AS150_2026AT	Chr3	17487280	17496383	2	1(17)>6(71)	1,6	5
AS150_2026AT::Atha_Chr3.18291498-18302818_P_Athila	AS150_2026AT	Chr3	18291498	18302818	2	6b(31)>6a(559)	6a,6b	7
AS150_2026AT::Atha_Chr4.3668609-3680081_P_Athila	AS150_2026AT	Chr4	3668609	3680081	2	6a(12)>6b(2030)	6a,6b	4
AS150_2026AT::Atha_Chr4.9569097-9577090_P_Athila	AS150_2026AT	Chr4	9569097	9577090	2	2(228)>6b(27)	2,6b	1
AS150_2026AT::Atha_Chr5.12938067-12949470_P_Athila	AS150_2026AT	Chr5	12938067	12949470	2	6a(12)>6b(873)	6a,6b	4
AS530_AT::Atha_Chr1.17179397-17188172_D_Athila	AS530_AT	Chr1	17179397	17188172	2	1(45)>6(13)	1,6	2
AS530_AT::Atha_Chr3.16754486-16763589_P_Athila	AS530_AT	Chr3	16754486	16763589	2	1(17)>6(71)	1,6	5
AS530_AT::Atha_Chr3.18669469-18680724_P_Athila	AS530_AT	Chr3	18669469	18680724	2	6b(31)>6a(559)	6a,6b	7
AS530_AT::Atha_Chr5.14399785-14411188_D_Athila	AS530_AT	Chr5	14399785	14411188	2	6a(12)>6b(873)	6a,6b	4
ASS3_AT::Atha_Chr1.17875039-17883814_D_Athila	ASS3_AT	Chr1	17875039	17883814	2	1(45)>6(13)	1,6	2
ASS3_AT::Atha_Chr3.17119706-17128809_D_Athila	ASS3_AT	Chr3	17119706	17128809	2	1(17)>6(71)	1,6	5
ASS3_AT::Atha_Chr3.17987343-17998598_P_Athila	ASS3_AT	Chr3	17987343	17998598	2	6b(31)>6a(559)	6a,6b	7
ASS3_AT::Atha_Chr5.14994489-15005892_D_Athila	ASS3_AT	Chr5	14994489	15005892	2	6a(12)>6b(873)	6a,6b	4
Abd-0.ragtag_Chr1to5::Atha_Chr1.17660581-17669321_D_Athila	Abd-0.ragtag_Chr1to5	Chr1	17660581	17669321	2	1(45)>6(13)	1,6	2
Abd-0.ragtag_Chr1to5::Atha_Chr2.5879670-5891657_P_Athila	Abd-0.ragtag_Chr1to5	Chr2	5879670	5891657	2	2(87)>6a(147)	2,6a	0
Abd-0.ragtag_Chr1to5::Atha_Chr3.13244501-13258277_D_Athila	Abd-0.ragtag_Chr1to5	Chr3	13244501	13258277	2	2(445)>1(943)	1,2	0
Abd-0.ragtag_Chr1to5::Atha_Chr3.18099415-18108481_D_Athila	Abd-0.ragtag_Chr1to5	Chr3	18099415	18108481	2	1(17)>6(71)	1,6	5
Abd-0.ragtag_Chr1to5::Atha_Chr3.18366754-18375587_D_Athila	Abd-0.ragtag_Chr1to5	Chr3	18366754	18375587	2	2(102)>4c(32)	2,4c	0
Arb-0.ragtag_Chr1to5::Atha_Chr1.17938577-17947420_P_Athila	Arb-0.ragtag_Chr1to5	Chr1	17938577	17947420	2	1(17)>6(45)	1,6	5
Arb-0.ragtag_Chr1to5::Atha_Chr5.18694933-18707218_P_Athila	Arb-0.ragtag_Chr1to5	Chr5	18694933	18707218	2	7a(412)>7(432)	7,7a	0
BELC-C-12.ragtag_Chr1to5::Atha_Chr1.13954117-13965538_D_Athila	BELC-C-12.ragtag_Chr1to5	Chr1	13954117	13965538	2	6b(31)>6a(630)	6a,6b	7
BELC-C-12.ragtag_Chr1to5::Atha_Chr3.13238223-13251990_D_Athila	BELC-C-12.ragtag_Chr1to5	Chr3	13238223	13251990	2	2(456)>1(966)	1,2	0
BELC-C-12.ragtag_Chr1to5::Atha_Chr3.16741907-16750976_D_Athila	BELC-C-12.ragtag_Chr1to5	Chr3	16741907	16750976	2	1(17)>6(71)	1,6	5
BELC-C-12.ragtag_Chr1to5::Atha_Chr4.10015446-10023394_D_Athila	BELC-C-12.ragtag_Chr1to5	Chr4	10015446	10023394	2	2(228)>6b(51)	2,6b	0
BELC-C-12.ragtag_Chr1to5::Atha_Chr4.3482172-3493510_D_Athila	BELC-C-12.ragtag_Chr1to5	Chr4	3482172	3493510	2	6b(31)>6a(559)	6a,6b	7
Belmonte-4-94.ragtag_Chr1to5::Atha_Chr1.14307312-14319924_D_Athila	Belmonte-4-94.ragtag_Chr1to5	Chr1	14307312	14319924	2	2(227)>4c(21)	2,4c	0
Belmonte-4-94.ragtag_Chr1to5::Atha_Chr1.18982024-18993379_P_Athila	Belmonte-4-94.ragtag_Chr1to5	Chr1	18982024	18993379	2	6b(31)>6a(476)	6a,6b	7
Belmonte-4-94.ragtag_Chr1to5::Atha_Chr3.17363751-17372638_D_Athila	Belmonte-4-94.ragtag_Chr1to5	Chr3	17363751	17372638	2	1(17)>6(71)	1,6	5
Belmonte-4-94.ragtag_Chr1to5::Atha_Chr3.17623601-17631981_D_Athila	Belmonte-4-94.ragtag_Chr1to5	Chr3	17623601	17631981	2	2(17)>4c(32)	2,4c	0
Belmonte-4-94.ragtag_Chr1to5::Atha_Chr4.7436487-7444481_P_Athila	Belmonte-4-94.ragtag_Chr1to5	Chr4	7436487	7444481	2	2(219)>6b(27)	2,6b	0
Belmonte-4-94.ragtag_Chr1to5::Atha_Chr5.13566433-13577839_D_Athila	Belmonte-4-94.ragtag_Chr1to5	Chr5	13566433	13577839	2	6b(23)>6a(541)	6a,6b	7
Bor-1.ragtag_Chr1to5::Atha_Chr1.14110592-14122011_D_Athila	Bor-1.ragtag_Chr1to5	Chr1	14110592	14122011	2	6b(31)>6a(598)	6a,6b	7
Bor-1.ragtag_Chr1to5::Atha_Chr1.17621525-17632641_P_Athila	Bor-1.ragtag_Chr1to5	Chr1	17621525	17632641	2	6b(31)>6a(601)	6a,6b	7
Bor-1.ragtag_Chr1to5::Atha_Chr1.18411034-18422457_P_Athila	Bor-1.ragtag_Chr1to5	Chr1	18411034	18422457	2	6b(31)>6a(582)	6a,6b	7
Bor-1.ragtag_Chr1to5::Atha_Chr3.17814166-17823276_D_Athila	Bor-1.ragtag_Chr1to5	Chr3	17814166	17823276	2	1(17)>6(71)	1,6	5
Bor-1.ragtag_Chr1to5::Atha_Chr3.18061664-18070065_D_Athila	Bor-1.ragtag_Chr1to5	Chr3	18061664	18070065	2	2(158)>4c(32)	2,4c	0
Cdm-0.ragtag_Chr1to5::Atha_Chr3.16888913-16897275_D_Athila	Cdm-0.ragtag_Chr1to5	Chr3	16888913	16897275	2	2(45)>4c(32)	2,4c	0
Co-4.ragtag_Chr1to5::Atha_Chr3.18137226-18146377_D_Athila	Co-4.ragtag_Chr1to5	Chr3	18137226	18146377	2	1(17)>6(30)	1,6	5
Co-4.ragtag_Chr1to5::Atha_Chr3.18576738-18585141_P_Athila	Co-4.ragtag_Chr1to5	Chr3	18576738	18585141	2	2(168)>4c(32)	2,4c	0
Co-4.ragtag_Chr1to5::Atha_Chr3.19101576-19112973_D_Athila	Co-4.ragtag_Chr1to5	Chr3	19101576	19112973	2	6b(31)>6a(500)	6a,6b	7
Co-4.ragtag_Chr1to5::Atha_Chr4.5774170-5785027_P_Athila	Co-4.ragtag_Chr1to5	Chr4	5774170	5785027	3	2(95)>1(8)>2(31)	1,2	0;15
Col-0-kang.ragtag_Chr1to5::Atha_Chr1.14326538-14339118_D_Athila	Col-0-kang.ragtag_Chr1to5	Chr1	14326538	14339118	2	2(234)>4c(21)	2,4c	0
Col-0-kang.ragtag_Chr1to5::Atha_Chr1.17599928-17608708_D_Athila	Col-0-kang.ragtag_Chr1to5	Chr1	17599928	17608708	3	6(11)>1(21)>6(60)	1,6	0;1
Col-0-kang.ragtag_Chr1to5::Atha_Chr2.6044736-6056052_D_Athila	Col-0-kang.ragtag_Chr1to5	Chr2	6044736	6056052	2	6b(31)>6a(603)	6a,6b	7
Col-0-kang.ragtag_Chr1to5::Atha_Chr2.6535395-6546728_P_Athila	Col-0-kang.ragtag_Chr1to5	Chr2	6535395	6546728	2	6b(31)>6a(594)	6a,6b	7
Col-0-kang.ragtag_Chr1to5::Atha_Chr5.14727587-14738992_P_Athila	Col-0-kang.ragtag_Chr1to5	Chr5	14727587	14738992	2	6b(19)>6a(559)	6a,6b	7
Col-0-kang.ragtag_Chr1to5::Atha_Chr5.14897144-14908572_D_Athila	Col-0-kang.ragtag_Chr1to5	Chr5	14897144	14908572	2	6b(23)>6a(482)	6a,6b	6
Col-0-kang.ragtag_Chr1to5::Atha_Chr5.14906766-14918196_D_Athila	Col-0-kang.ragtag_Chr1to5	Chr5	14906766	14918196	2	6b(31)>6a(520)	6a,6b	7
Col-0-kang.ragtag_Chr1to5::Atha_Chr5.15013367-15024770_D_Athila	Col-0-kang.ragtag_Chr1to5	Chr5	15013367	15024770	2	6a(12)>6b(778)	6a,6b	4
Db-1_Mercier_Chr1to5::Atha_Chr1.14337476-14349735_D_Athila	Db-1_Mercier_Chr1to5	Chr1	14337476	14349735	2	2(230)>4c(13)	2,4c	0
Db-1_Mercier_Chr1to5::Atha_Chr3.13109076-13122845_D_Athila	Db-1_Mercier_Chr1to5	Chr3	13109076	13122845	2	2(452)>1(974)	1,2	0
Db-1_Mercier_Chr1to5::Atha_Chr3.16243426-16252495_D_Athila	Db-1_Mercier_Chr1to5	Chr3	16243426	16252495	2	1(17)>6(71)	1,6	5
Db-1_Mercier_Chr1to5::Atha_Chr4.5532902-5544222_P_Athila	Db-1_Mercier_Chr1to5	Chr4	5532902	5544222	2	6b(31)>6a(512)	6a,6b	7
Db-1_Mercier_Chr1to5::Atha_Chr4.8477698-8489129_P_Athila	Db-1_Mercier_Chr1to5	Chr4	8477698	8489129	2	6b(31)>6a(508)	6a,6b	7
Dra-2.ragtag_Chr1to5::Atha_Chr1.14301815-14314074_D_Athila	Dra-2.ragtag_Chr1to5	Chr1	14301815	14314074	2	2(230)>4c(13)	2,4c	0
Dra-2.ragtag_Chr1to5::Atha_Chr3.17762949-17772059_D_Athila	Dra-2.ragtag_Chr1to5	Chr3	17762949	17772059	2	1(17)>6(71)	1,6	5
Dra-2.ragtag_Chr1to5::Atha_Chr3.18017909-18026310_D_Athila	Dra-2.ragtag_Chr1to5	Chr3	18017909	18026310	2	2(158)>4c(32)	2,4c	0
Dra-2.ragtag_Chr1to5::Atha_Chr4.10023639-10035058_D_Athila	Dra-2.ragtag_Chr1to5	Chr4	10023639	10035058	2	6b(15)>6a(445)	6a,6b	7
Edi-0.ragtag_Chr1to5::Atha_Chr3.13184300-13198080_D_Athila	Edi-0.ragtag_Chr1to5	Chr3	13184300	13198080	2	2(314)>1(971)	1,2	0
Edi-0.ragtag_Chr1to5::Atha_Chr3.16432931-16441999_D_Athila	Edi-0.ragtag_Chr1to5	Chr3	16432931	16441999	2	1(17)>6(71)	1,6	5
Edi-0.ragtag_Chr1to5::Atha_Chr3.16850886-16862212_P_Athila	Edi-0.ragtag_Chr1to5	Chr3	16850886	16862212	2	6b(31)>6a(451)	6a,6b	7
Edi-0.ragtag_Chr1to5::Atha_Chr4.7514636-7522630_P_Athila	Edi-0.ragtag_Chr1to5	Chr4	7514636	7522630	2	2(219)>6b(27)	2,6b	0
Elh-2.ragtag_Chr1to5::Atha_Chr1.18192513-18203723_P_Athila	Elh-2.ragtag_Chr1to5	Chr1	18192513	18203723	2	6(8)>6b(55)	6,6b	0
Elh-2.ragtag_Chr1to5::Atha_Chr3.16784814-16793943_D_Athila	Elh-2.ragtag_Chr1to5	Chr3	16784814	16793943	2	1(17)>6(42)	1,6	4
Elh-2.ragtag_Chr1to5::Atha_Chr3.17059426-17067826_D_Athila	Elh-2.ragtag_Chr1to5	Chr3	17059426	17067826	2	2(115)>4c(32)	2,4c	0
Elh-2.ragtag_Chr1to5::Atha_Chr5.21021400-21033685_P_Athila	Elh-2.ragtag_Chr1to5	Chr5	21021400	21033685	2	7a(400)>7(437)	7,7a	0
Elk-1.ragtag_Chr1to5::Atha_Chr1.19625992-19639177_P_Athila	Elk-1.ragtag_Chr1to5	Chr1	19625992	19639177	3	6b(223)>2(27)>6b(587)	2,6b	2;10
Elk-1.ragtag_Chr1to5::Atha_Chr2.3490003-3499189_P_Athila	Elk-1.ragtag_Chr1to5	Chr2	3490003	3499189	2	1(17)>6(70)	1,6	5
Elk-1.ragtag_Chr1to5::Atha_Chr3.17156836-17169735_D_Athila	Elk-1.ragtag_Chr1to5	Chr3	17156836	17169735	2	2(495)>4(78)	2,4	0
Elk-1.ragtag_Chr1to5::Atha_Chr3.17823732-17832861_D_Athila	Elk-1.ragtag_Chr1to5	Chr3	17823732	17832861	2	1(17)>6(42)	1,6	4
Elk-1.ragtag_Chr1to5::Atha_Chr3.18098377-18106716_D_Athila	Elk-1.ragtag_Chr1to5	Chr3	18098377	18106716	2	2(189)>4c(28)	2,4c	0
Elk-1.ragtag_Chr1to5::Atha_Chr4.8444430-8452994_P_Athila	Elk-1.ragtag_Chr1to5	Chr4	8444430	8452994	3	6(19)>1(10)>6(11)	1,6	4;8
Elk-1.ragtag_Chr1to5::Atha_Chr4.8451271-8465772_P_Athila	Elk-1.ragtag_Chr1to5	Chr4	8451271	8465772	2	6b(353)>6(42)	6,6b	0
Est-0.ragtag_Chr1to5::Atha_Chr2.6518726-6530115_P_Athila	Est-0.ragtag_Chr1to5	Chr2	6518726	6530115	2	6b(31)>6a(516)	6a,6b	7
Est-0.ragtag_Chr1to5::Atha_Chr3.17471613-17480498_D_Athila	Est-0.ragtag_Chr1to5	Chr3	17471613	17480498	2	1(17)>6(71)	1,6	5
Est-0.ragtag_Chr1to5::Atha_Chr3.17736003-17744841_D_Athila	Est-0.ragtag_Chr1to5	Chr3	17736003	17744841	2	2(95)>4c(32)	2,4c	0
Est-0.ragtag_Chr1to5::Atha_Chr4.6657333-6664394_D_Athila	Est-0.ragtag_Chr1to5	Chr4	6657333	6664394	2	1(19)>6(27)	1,6	0
Est-1.ragtag_Chr1to5::Atha_Chr1.14277170-14289441_D_Athila	Est-1.ragtag_Chr1to5	Chr1	14277170	14289441	2	2(226)>4c(21)	2,4c	0
Est-1.ragtag_Chr1to5::Atha_Chr3.13328695-13339112_P_Athila	Est-1.ragtag_Chr1to5	Chr3	13328695	13339112	2	6a(127)>6(71)	6,6a	0
Est-1.ragtag_Chr1to5::Atha_Chr5.14686578-14697983_P_Athila	Est-1.ragtag_Chr1to5	Chr5	14686578	14697983	2	6b(19)>6a(559)	6a,6b	7
Est-1.ragtag_Chr1to5::Atha_Chr5.14851511-14862939_D_Athila	Est-1.ragtag_Chr1to5	Chr5	14851511	14862939	2	6b(23)>6a(482)	6a,6b	6
Est-1.ragtag_Chr1to5::Atha_Chr5.14861133-14872562_D_Athila	Est-1.ragtag_Chr1to5	Chr5	14861133	14872562	2	6b(31)>6a(520)	6a,6b	7
Est-1.ragtag_Chr1to5::Atha_Chr5.14965949-14977352_D_Athila	Est-1.ragtag_Chr1to5	Chr5	14965949	14977352	2	6a(12)>6b(778)	6a,6b	4
Etna-2.ragtag_Chr1to5::Atha_Chr3.16210186-16221085_D_Athila	Etna-2.ragtag_Chr1to5	Chr3	16210186	16221085	3	6a(65)>2(8)>6a(33)	2,6a	14;20
Etna-2.ragtag_Chr1to5::Atha_Chr3.17336271-17345328_D_Athila	Etna-2.ragtag_Chr1to5	Chr3	17336271	17345328	2	1(17)>6(71)	1,6	5
Etna-2.ragtag_Chr1to5::Atha_Chr4.1672557-1683876_P_Athila	Etna-2.ragtag_Chr1to5	Chr4	1672557	1683876	2	6a(10)>6b(1744)	6a,6b	4
Etna-2_kang_ragtag_Chr1to5::Atha_Chr3.16210936-16221835_D_Athila	Etna-2_kang_ragtag_Chr1to5	Chr3	16210936	16221835	3	6a(65)>2(8)>6a(33)	2,6a	14;20
Etna-2_kang_ragtag_Chr1to5::Atha_Chr3.17771944-17781001_D_Athila	Etna-2_kang_ragtag_Chr1to5	Chr3	17771944	17781001	2	1(17)>6(71)	1,6	5
Etna-2_kang_ragtag_Chr1to5::Atha_Chr4.1754811-1766130_P_Athila	Etna-2_kang_ragtag_Chr1to5	Chr4	1754811	1766130	2	6a(10)>6b(1744)	6a,6b	4
Got-22.ragtag_Chr1to5::Atha_Chr4.8736316-8744202_D_Athila	Got-22.ragtag_Chr1to5	Chr4	8736316	8744202	2	2(14)>6b(43)	2,6b	0
Got-22.ragtag_Chr1to5::Atha_Chr5.16365203-16376613_D_Athila	Got-22.ragtag_Chr1to5	Chr5	16365203	16376613	2	6a(12)>6b(803)	6a,6b	4
Hiroshima.ragtag_Chr1to5::Atha_Chr3.17950715-17959075_D_Athila	Hiroshima.ragtag_Chr1to5	Chr3	17950715	17959075	2	1(17)>6(51)	1,6	4
Hiroshima.ragtag_Chr1to5::Atha_Chr3.18213796-18221945_D_Athila	Hiroshima.ragtag_Chr1to5	Chr3	18213796	18221945	2	2(127)>4c(28)	2,4c	0
Hiroshima.ragtag_Chr1to5::Atha_Chr5.11119880-11131456_D_Athila	Hiroshima.ragtag_Chr1to5	Chr5	11119880	11131456	2	6a(62)>6b(4000)	6a,6b	0
Hiroshima.ragtag_Chr1to5::Atha_Chr5.11221853-11233103_D_Athila	Hiroshima.ragtag_Chr1to5	Chr5	11221853	11233103	2	6b(31)>6a(513)	6a,6b	7
Hs-0.ragtag_Chr1to5::Atha_Chr1.18570231-18580815_D_Athila	Hs-0.ragtag_Chr1to5	Chr1	18570231	18580815	2	6b(31)>6a(630)	6a,6b	7
Hs-0.ragtag_Chr1to5::Atha_Chr3.17548232-17557094_D_Athila	Hs-0.ragtag_Chr1to5	Chr3	17548232	17557094	2	1(17)>6(71)	1,6	5
Hs-0.ragtag_Chr1to5::Atha_Chr3.17811760-17820136_D_Athila	Hs-0.ragtag_Chr1to5	Chr3	17811760	17820136	2	2(8)>4c(32)	2,4c	1
Ishikawa.ragtag_Chr1to5::Atha_Chr3.17941400-17949760_D_Athila	Ishikawa.ragtag_Chr1to5	Chr3	17941400	17949760	2	1(17)>6(51)	1,6	4
Ishikawa.ragtag_Chr1to5::Atha_Chr3.18204499-18212648_D_Athila	Ishikawa.ragtag_Chr1to5	Chr3	18204499	18212648	2	2(127)>4c(28)	2,4c	0
Ishikawa.ragtag_Chr1to5::Atha_Chr5.11117916-11129492_D_Athila	Ishikawa.ragtag_Chr1to5	Chr5	11117916	11129492	2	6a(62)>6b(4000)	6a,6b	0
Ishikawa.ragtag_Chr1to5::Atha_Chr5.11219888-11231139_D_Athila	Ishikawa.ragtag_Chr1to5	Chr5	11219888	11231139	2	6b(31)>6a(513)	6a,6b	7
Kar-1.ragtag_Chr1to5::Atha_Chr3.16492087-16501188_D_Athila	Kar-1.ragtag_Chr1to5	Chr3	16492087	16501188	2	1(17)>6(57)	1,6	5
Kar-1.ragtag_Chr1to5::Atha_Chr3.16752297-16760668_D_Athila	Kar-1.ragtag_Chr1to5	Chr3	16752297	16760668	2	2(94)>4c(32)	2,4c	0
Kar-1.ragtag_Chr1to5::Atha_Chr4.8218560-8226552_D_Athila	Kar-1.ragtag_Chr1to5	Chr4	8218560	8226552	2	2(252)>6b(55)	2,6b	0
Kar-1.ragtag_Chr1to5::Atha_Chr5.19991221-20003546_D_Athila	Kar-1.ragtag_Chr1to5	Chr5	19991221	20003546	2	7a(338)>7(212)	7,7a	0
Kas-1.ragtag_Chr1to5::Atha_Chr1.18571889-18580661_D_Athila	Kas-1.ragtag_Chr1to5	Chr1	18571889	18580661	2	1(16)>6(13)	1,6	2
Kas-1.ragtag_Chr1to5::Atha_Chr3.12933917-12945227_P_Athila	Kas-1.ragtag_Chr1to5	Chr3	12933917	12945227	2	6b(31)>6a(500)	6a,6b	7
Kas-1.ragtag_Chr1to5::Atha_Chr3.17867902-17876763_D_Athila	Kas-1.ragtag_Chr1to5	Chr3	17867902	17876763	2	2(85)>4c(32)	2,4c	0
Kas-1.ragtag_Chr1to5::Atha_Chr3.18482252-18493635_D_Athila	Kas-1.ragtag_Chr1to5	Chr3	18482252	18493635	2	6b(31)>6a(515)	6a,6b	7
Kas-1.ragtag_Chr1to5::Atha_Chr5.15679372-15690797_P_Athila	Kas-1.ragtag_Chr1to5	Chr5	15679372	15690797	2	6b(31)>6a(559)	6a,6b	7
Kas-1.ragtag_Chr1to5::Atha_Chr5.15837125-15848551_D_Athila	Kas-1.ragtag_Chr1to5	Chr5	15837125	15848551	2	6b(31)>6a(499)	6a,6b	6
Kas-1.ragtag_Chr1to5::Atha_Chr5.15846745-15858174_D_Athila	Kas-1.ragtag_Chr1to5	Chr5	15846745	15858174	2	6b(31)>6a(491)	6a,6b	7
Kas-1.ragtag_Chr1to5::Atha_Chr5.15920705-15932080_D_Athila	Kas-1.ragtag_Chr1to5	Chr5	15920705	15932080	2	6a(12)>6b(791)	6a,6b	4
Kelsterbach-2.ragtag_Chr1to5::Atha_Chr1.18166194-18176778_D_Athila	Kelsterbach-2.ragtag_Chr1to5	Chr1	18166194	18176778	2	6b(31)>6a(630)	6a,6b	7
Kelsterbach-2.ragtag_Chr1to5::Atha_Chr1.19222173-19230947_D_Athila	Kelsterbach-2.ragtag_Chr1to5	Chr1	19222173	19230947	2	1(45)>6(13)	1,6	2
Kelsterbach-2.ragtag_Chr1to5::Atha_Chr3.13308863-13320275_D_Athila	Kelsterbach-2.ragtag_Chr1to5	Chr3	13308863	13320275	2	6b(31)>6a(553)	6a,6b	7
Kelsterbach-2.ragtag_Chr1to5::Atha_Chr3.16246647-16256890_D_Athila	Kelsterbach-2.ragtag_Chr1to5	Chr3	16246647	16256890	3	6a(69)>2(8)>6a(11)	2,6a	14;20
Kelsterbach-2.ragtag_Chr1to5::Atha_Chr3.16584016-16595412_P_Athila	Kelsterbach-2.ragtag_Chr1to5	Chr3	16584016	16595412	2	6b(31)>6a(472)	6a,6b	7
Kelsterbach-2.ragtag_Chr1to5::Atha_Chr3.16980683-16992089_D_Athila	Kelsterbach-2.ragtag_Chr1to5	Chr3	16980683	16992089	2	6b(25)>6a(522)	6a,6b	7
Kelsterbach-2.ragtag_Chr1to5::Atha_Chr3.17205262-17215996_D_Athila	Kelsterbach-2.ragtag_Chr1to5	Chr3	17205262	17215996	2	6b(26)>6a(557)	6a,6b	7
Kelsterbach-2.ragtag_Chr1to5::Atha_Chr3.18900288-18909315_P_Athila	Kelsterbach-2.ragtag_Chr1to5	Chr3	18900288	18909315	2	1(17)>6(26)	1,6	5
Kelsterbach-2.ragtag_Chr1to5::Atha_Chr3.18943322-18954751_D_Athila	Kelsterbach-2.ragtag_Chr1to5	Chr3	18943322	18954751	2	6b(31)>6a(560)	6a,6b	7
Kelsterbach-2.ragtag_Chr1to5::Atha_Chr5.12883343-12894642_D_Athila	Kelsterbach-2.ragtag_Chr1to5	Chr5	12883343	12894642	2	6b(31)>6a(604)	6a,6b	7
Kelsterbach-2.ragtag_Chr1to5::Atha_Chr5.14045763-14057189_P_Athila	Kelsterbach-2.ragtag_Chr1to5	Chr5	14045763	14057189	2	6b(31)>6a(545)	6a,6b	7
Kelsterbach-2.ragtag_Chr1to5::Atha_Chr5.14225454-14236885_D_Athila	Kelsterbach-2.ragtag_Chr1to5	Chr5	14225454	14236885	2	6b(23)>6a(499)	6a,6b	6
Kelsterbach-2.ragtag_Chr1to5::Atha_Chr5.14235079-14246508_D_Athila	Kelsterbach-2.ragtag_Chr1to5	Chr5	14235079	14246508	2	6b(31)>6a(520)	6a,6b	7
Kelsterbach-2.ragtag_Chr1to5::Atha_Chr5.14317991-14329394_D_Athila	Kelsterbach-2.ragtag_Chr1to5	Chr5	14317991	14329394	2	6a(12)>6b(783)	6a,6b	4
Ket-10.ragtag_Chr1to5::Atha_Chr3.18585101-18594201_D_Athila	Ket-10.ragtag_Chr1to5	Chr3	18585101	18594201	2	1(17)>6(57)	1,6	5
Ket-10.ragtag_Chr1to5::Atha_Chr3.18848402-18856801_D_Athila	Ket-10.ragtag_Chr1to5	Chr3	18848402	18856801	2	2(169)>4c(32)	2,4c	0
Kondara.ragtag_Chr1to5::Atha_Chr3.16403850-16412738_D_Athila	Kondara.ragtag_Chr1to5	Chr3	16403850	16412738	2	1(17)>6(71)	1,6	5
Kondara.ragtag_Chr1to5::Atha_Chr3.16662274-16670655_D_Athila	Kondara.ragtag_Chr1to5	Chr3	16662274	16670655	2	2(17)>4c(32)	2,4c	0
Kyr-1.ragtag_Chr1to5::Atha_Chr1.14257796-14270417_D_Athila	Kyr-1.ragtag_Chr1to5	Chr1	14257796	14270417	2	2(181)>4c(17)	2,4c	0
Kyr-1.ragtag_Chr1to5::Atha_Chr1.14602726-14614158_D_Athila	Kyr-1.ragtag_Chr1to5	Chr1	14602726	14614158	2	6b(31)>6a(552)	6a,6b	7
Kyr-1.ragtag_Chr1to5::Atha_Chr1.19090965-19099739_D_Athila	Kyr-1.ragtag_Chr1to5	Chr1	19090965	19099739	2	1(45)>6(13)	1,6	2
Kyr-1.ragtag_Chr1to5::Atha_Chr3.16148793-16157681_D_Athila	Kyr-1.ragtag_Chr1to5	Chr3	16148793	16157681	2	1(17)>6(71)	1,6	5
Kyr-1.ragtag_Chr1to5::Atha_Chr3.16407212-16415593_D_Athila	Kyr-1.ragtag_Chr1to5	Chr3	16407212	16415593	2	2(17)>4c(32)	2,4c	0
Kyr-1.ragtag_Chr1to5::Atha_Chr5.20285607-20297932_D_Athila	Kyr-1.ragtag_Chr1to5	Chr5	20285607	20297932	2	7a(338)>7(212)	7,7a	0
Kz-9.ragtag_Chr1to5::Atha_Chr3.13998053-14009423_P_Athila	Kz-9.ragtag_Chr1to5	Chr3	13998053	14009423	2	6b(31)>6a(549)	6a,6b	5
Kz-9.ragtag_Chr1to5::Atha_Chr3.14775524-14786918_P_Athila	Kz-9.ragtag_Chr1to5	Chr3	14775524	14786918	2	6b(31)>6a(513)	6a,6b	7
Kz-9.ragtag_Chr1to5::Atha_Chr3.14909446-14920861_D_Athila	Kz-9.ragtag_Chr1to5	Chr3	14909446	14920861	2	6b(31)>6a(492)	6a,6b	7
Kz-9.ragtag_Chr1to5::Atha_Chr3.15458876-15470281_P_Athila	Kz-9.ragtag_Chr1to5	Chr3	15458876	15470281	2	6b(10)>6a(509)	6a,6b	7
Kz-9.ragtag_Chr1to5::Atha_Chr3.15468475-15479883_P_Athila	Kz-9.ragtag_Chr1to5	Chr3	15468475	15479883	2	6b(31)>6a(497)	6a,6b	7
Kz-9.ragtag_Chr1to5::Atha_Chr3.16426898-16438300_P_Athila	Kz-9.ragtag_Chr1to5	Chr3	16426898	16438300	2	6b(31)>6a(480)	6a,6b	7
Kz-9.ragtag_Chr1to5::Atha_Chr3.16760860-16772223_P_Athila	Kz-9.ragtag_Chr1to5	Chr3	16760860	16772223	2	6b(31)>6a(565)	6a,6b	7
Kz-9.ragtag_Chr1to5::Atha_Chr3.17086369-17097781_D_Athila	Kz-9.ragtag_Chr1to5	Chr3	17086369	17097781	2	6b(31)>6a(442)	6a,6b	7
Kz-9.ragtag_Chr1to5::Atha_Chr4.6984970-6992962_D_Athila	Kz-9.ragtag_Chr1to5	Chr4	6984970	6992962	2	2(252)>6b(55)	2,6b	0
Kz-9.ragtag_Chr1to5::Atha_Chr5.15436676-15448079_D_Athila	Kz-9.ragtag_Chr1to5	Chr5	15436676	15448079	2	6a(12)>6b(865)	6a,6b	4
LI-OF-095.ragtag_Chr1to5::Atha_Chr2.6165631-6177020_P_Athila	LI-OF-095.ragtag_Chr1to5	Chr2	6165631	6177020	2	6b(31)>6a(516)	6a,6b	7
LI-OF-095.ragtag_Chr1to5::Atha_Chr3.17006717-17015788_D_Athila	LI-OF-095.ragtag_Chr1to5	Chr3	17006717	17015788	2	1(17)>6(71)	1,6	5
LI-OF-095.ragtag_Chr1to5::Atha_Chr3.17237601-17245936_D_Athila	LI-OF-095.ragtag_Chr1to5	Chr3	17237601	17245936	2	2(98)>4c(27)	2,4c	0
LI-OF-095.ragtag_Chr1to5::Atha_Chr5.14442000-14453410_D_Athila	LI-OF-095.ragtag_Chr1to5	Chr5	14442000	14453410	2	6a(12)>6b(803)	6a,6b	4
LL-0.ragtag_Chr1to5::Atha_Chr1.19793775-19805194_P_Athila	LL-0.ragtag_Chr1to5	Chr1	19793775	19805194	2	6b(31)>6a(445)	6a,6b	7
LL-0.ragtag_Chr1to5::Atha_Chr1.20134199-20142888_D_Athila	LL-0.ragtag_Chr1to5	Chr1	20134199	20142888	2	1(45)>6(11)	1,6	2
LL-0.ragtag_Chr1to5::Atha_Chr3.18466328-18474709_D_Athila	LL-0.ragtag_Chr1to5	Chr3	18466328	18474709	2	2(94)>4c(32)	2,4c	0
LL-0.ragtag_Chr1to5::Atha_Chr4.8173043-8181009_P_Athila	LL-0.ragtag_Chr1to5	Chr4	8173043	8181009	2	2(199)>6b(27)	2,6b	0
LL-0.ragtag_Chr1to5::Atha_Chr5.13013644-13024943_D_Athila	LL-0.ragtag_Chr1to5	Chr5	13013644	13024943	2	6b(31)>6a(573)	6a,6b	7
LL-0.ragtag_Chr1to5::Atha_Chr5.16519582-16531005_P_Athila	LL-0.ragtag_Chr1to5	Chr5	16519582	16531005	2	6b(31)>6a(559)	6a,6b	7
LL-0.ragtag_Chr1to5::Atha_Chr5.16677197-16688624_D_Athila	LL-0.ragtag_Chr1to5	Chr5	16677197	16688624	2	6b(23)>6a(510)	6a,6b	6
LL-0.ragtag_Chr1to5::Atha_Chr5.16686819-16698249_D_Athila	LL-0.ragtag_Chr1to5	Chr5	16686819	16698249	2	6b(31)>6a(515)	6a,6b	7
Ler_2026::Atha_Chr3.16691008-16701218_D_Athila	Ler_2026	Chr3	16691008	16701218	3	6a(69)>2(8)>6a(33)	2,6a	14;20
Ler_2026::Atha_Chr3.18284394-18293397_D_Athila	Ler_2026	Chr3	18284394	18293397	2	1(17)>6(57)	1,6	5
Mammo-1.ragtag_Chr1to5::Atha_Chr3.15811360-15822756_D_Athila	Mammo-1.ragtag_Chr1to5	Chr3	15811360	15822756	2	6b(31)>6a(438)	6a,6b	7
Mammo-1.ragtag_Chr1to5::Atha_Chr4.8197597-8205591_P_Athila	Mammo-1.ragtag_Chr1to5	Chr4	8197597	8205591	2	2(237)>6b(27)	2,6b	0
Mammo-1.ragtag_Chr1to5::Atha_Chr5.14831134-14842390_P_Athila	Mammo-1.ragtag_Chr1to5	Chr5	14831134	14842390	2	6b(31)>6a(670)	6a,6b	7
Mammo-1.ragtag_Chr1to5::Atha_Chr5.15418440-15429224_D_Athila	Mammo-1.ragtag_Chr1to5	Chr5	15418440	15429224	3	6a(10)>2(8)>6a(33)	2,6a	14;20
Meh-0.ragtag_Chr1to5::Atha_Chr3.16337277-16348172_D_Athila	Meh-0.ragtag_Chr1to5	Chr3	16337277	16348172	3	6a(69)>2(8)>6a(27)	2,6a	14;20
Meh-0.ragtag_Chr1to5::Atha_Chr3.17572838-17581945_D_Athila	Meh-0.ragtag_Chr1to5	Chr3	17572838	17581945	2	1(17)>6(71)	1,6	5
Meh-0.ragtag_Chr1to5::Atha_Chr4.9131654-9139648_P_Athila	Meh-0.ragtag_Chr1to5	Chr4	9131654	9139648	2	2(206)>6b(27)	2,6b	1
Mh-0.ragtag_Chr1to5::Atha_Chr1.17328502-17337345_P_Athila	Mh-0.ragtag_Chr1to5	Chr1	17328502	17337345	2	1(17)>6(30)	1,6	5
Ms-0.ragtag_Chr1to5::Atha_Chr1.18564672-18573444_D_Athila	Ms-0.ragtag_Chr1to5	Chr1	18564672	18573444	2	1(16)>6(13)	1,6	2
Ms-0.ragtag_Chr1to5::Atha_Chr3.16341560-16352870_P_Athila	Ms-0.ragtag_Chr1to5	Chr3	16341560	16352870	2	6b(31)>6a(500)	6a,6b	7
Ms-0.ragtag_Chr1to5::Atha_Chr3.17892601-17901462_D_Athila	Ms-0.ragtag_Chr1to5	Chr3	17892601	17901462	2	2(85)>4c(32)	2,4c	0
Ms-0.ragtag_Chr1to5::Atha_Chr3.18506955-18518338_D_Athila	Ms-0.ragtag_Chr1to5	Chr3	18506955	18518338	2	6b(31)>6a(515)	6a,6b	7
Ms-0.ragtag_Chr1to5::Atha_Chr5.15675502-15686925_P_Athila	Ms-0.ragtag_Chr1to5	Chr5	15675502	15686925	2	6b(31)>6a(559)	6a,6b	7
Ms-0.ragtag_Chr1to5::Atha_Chr5.15833253-15844679_D_Athila	Ms-0.ragtag_Chr1to5	Chr5	15833253	15844679	2	6b(31)>6a(499)	6a,6b	6
Ms-0.ragtag_Chr1to5::Atha_Chr5.15842873-15854301_D_Athila	Ms-0.ragtag_Chr1to5	Chr5	15842873	15854301	2	6b(31)>6a(491)	6a,6b	7
Ms-0.ragtag_Chr1to5::Atha_Chr5.15916832-15928207_D_Athila	Ms-0.ragtag_Chr1to5	Chr5	15916832	15928207	2	6a(12)>6b(791)	6a,6b	4
Ms-0_kang_ragtag_Chr1to5::Atha_Chr1.19103233-19112008_D_Athila	Ms-0_kang_ragtag_Chr1to5	Chr1	19103233	19112008	2	1(45)>6(13)	1,6	2
Ms-0_kang_ragtag_Chr1to5::Atha_Chr3.16987414-16996517_D_Athila	Ms-0_kang_ragtag_Chr1to5	Chr3	16987414	16996517	2	1(17)>6(71)	1,6	5
N13.ragtag_Chr1to5::Atha_Chr1.17694802-17703577_P_Athila	N13.ragtag_Chr1to5	Chr1	17694802	17703577	2	1(45)>6(13)	1,6	2
N13.ragtag_Chr1to5::Atha_Chr3.13413465-13424850_D_Athila	N13.ragtag_Chr1to5	Chr3	13413465	13424850	2	6b(31)>6a(559)	6a,6b	7
N13.ragtag_Chr1to5::Atha_Chr3.14066789-14078104_P_Athila	N13.ragtag_Chr1to5	Chr3	14066789	14078104	2	6b(31)>6a(518)	6a,6b	7
N13.ragtag_Chr1to5::Atha_Chr3.15145428-15156842_D_Athila	N13.ragtag_Chr1to5	Chr3	15145428	15156842	2	6b(31)>6a(562)	6a,6b	7
N13.ragtag_Chr1to5::Atha_Chr3.15155036-15163559_D_Athila	N13.ragtag_Chr1to5	Chr3	15155036	15163559	2	6b(31)>6a(541)	6a,6b	7
N13.ragtag_Chr1to5::Atha_Chr3.15690455-15701811_P_Athila	N13.ragtag_Chr1to5	Chr3	15690455	15701811	2	6b(31)>6a(515)	6a,6b	7
N13.ragtag_Chr1to5::Atha_Chr3.16186951-16197164_D_Athila	N13.ragtag_Chr1to5	Chr3	16186951	16197164	3	6a(69)>2(8)>6a(33)	2,6a	14;20
N13.ragtag_Chr1to5::Atha_Chr3.16995213-17006601_P_Athila	N13.ragtag_Chr1to5	Chr3	16995213	17006601	2	6b(31)>6a(559)	6a,6b	7
N13.ragtag_Chr1to5::Atha_Chr3.17349629-17361048_P_Athila	N13.ragtag_Chr1to5	Chr3	17349629	17361048	2	6b(31)>6a(548)	6a,6b	7
N13.ragtag_Chr1to5::Atha_Chr3.17671589-17682999_D_Athila	N13.ragtag_Chr1to5	Chr3	17671589	17682999	2	6b(31)>6a(480)	6a,6b	7
N13.ragtag_Chr1to5::Atha_Chr5.12787400-12798713_P_Athila	N13.ragtag_Chr1to5	Chr5	12787400	12798713	2	6b(31)>6a(646)	6a,6b	7
Nemrut-1.ragtag_Chr1to5::Atha_Chr3.16919942-16928830_D_Athila	Nemrut-1.ragtag_Chr1to5	Chr3	16919942	16928830	2	1(17)>6(71)	1,6	5
Nemrut-1.ragtag_Chr1to5::Atha_Chr5.13269465-13280896_D_Athila	Nemrut-1.ragtag_Chr1to5	Chr5	13269465	13280896	2	6b(31)>6a(516)	6a,6b	7
Nov-2.ragtag_Chr1to5::Atha_Chr3.16517715-16526603_D_Athila	Nov-2.ragtag_Chr1to5	Chr3	16517715	16526603	2	1(17)>6(71)	1,6	5
Nov-2.ragtag_Chr1to5::Atha_Chr3.16774580-16782961_D_Athila	Nov-2.ragtag_Chr1to5	Chr3	16774580	16782961	2	2(17)>4c(32)	2,4c	0
Nov-2.ragtag_Chr1to5::Atha_Chr5.11193217-11204793_D_Athila	Nov-2.ragtag_Chr1to5	Chr5	11193217	11204793	2	6a(62)>6b(3971)	6a,6b	0
Nov-2.ragtag_Chr1to5::Atha_Chr5.11294854-11306104_D_Athila	Nov-2.ragtag_Chr1to5	Chr5	11294854	11306104	2	6b(31)>6a(513)	6a,6b	7
Nz-1.ragtag_Chr1to5::Atha_Chr3.13198045-13208719_P_Athila	Nz-1.ragtag_Chr1to5	Chr3	13198045	13208719	2	6a(127)>6(71)	6,6a	0
Nz-1.ragtag_Chr1to5::Atha_Chr3.16067849-16078623_D_Athila	Nz-1.ragtag_Chr1to5	Chr3	16067849	16078623	3	6a(10)>2(8)>6a(33)	2,6a	14;20
Nz-1.ragtag_Chr1to5::Atha_Chr3.16180034-16194418_D_Athila	Nz-1.ragtag_Chr1to5	Chr3	16180034	16194418	2	2(126)>1(1015)	1,2	0
Nz-1.ragtag_Chr1to5::Atha_Chr3.18011748-18020125_D_Athila	Nz-1.ragtag_Chr1to5	Chr3	18011748	18020125	2	2(111)>4c(32)	2,4c	1
Per-1.ragtag_Chr1to5::Atha_Chr3.17275486-17284373_D_Athila	Per-1.ragtag_Chr1to5	Chr3	17275486	17284373	2	1(17)>6(71)	1,6	5
Per-1.ragtag_Chr1to5::Atha_Chr3.17539770-17548631_D_Athila	Per-1.ragtag_Chr1to5	Chr3	17539770	17548631	2	2(95)>4c(32)	2,4c	0
Per-1.ragtag_Chr1to5::Atha_Chr5.12693509-12704848_D_Athila	Per-1.ragtag_Chr1to5	Chr5	12693509	12704848	2	6b(31)>6a(403)	6a,6b	7
Per-1.ragtag_Chr1to5::Atha_Chr5.15870626-15881978_P_Athila	Per-1.ragtag_Chr1to5	Chr5	15870626	15881978	2	6b(17)>6a(486)	6a,6b	7
Per-1.ragtag_Chr1to5::Atha_Chr5.16372777-16384118_D_Athila	Per-1.ragtag_Chr1to5	Chr5	16372777	16384118	2	6a(12)>6b(824)	6a,6b	4
Pra-6.ragtag_Chr1to5::Atha_Chr1.14177246-14189505_D_Athila	Pra-6.ragtag_Chr1to5	Chr1	14177246	14189505	2	2(230)>4c(13)	2,4c	0
Pra-6.ragtag_Chr1to5::Atha_Chr3.16581808-16590876_D_Athila	Pra-6.ragtag_Chr1to5	Chr3	16581808	16590876	2	1(17)>6(71)	1,6	5
Pra-6.ragtag_Chr1to5::Atha_Chr4.13318886-13330456_D_Athila	Pra-6.ragtag_Chr1to5	Chr4	13318886	13330456	2	6a(62)>6b(3594)	6a,6b	0
Pra-6.ragtag_Chr1to5::Atha_Chr4.6613697-6621691_P_Athila	Pra-6.ragtag_Chr1to5	Chr4	6613697	6621691	2	2(178)>6b(27)	2,6b	1
Pra-6.ragtag_Chr1to5::Atha_Chr5.18322593-18334011_D_Athila	Pra-6.ragtag_Chr1to5	Chr5	18322593	18334011	2	6b(31)>6a(550)	6a,6b	7
Pu2-23_ragtagChr1to5::Atha_Chr1.14209858-14222117_D_Athila	Pu2-23_ragtagChr1to5	Chr1	14209858	14222117	2	2(230)>4c(13)	2,4c	0
Pu2-23_ragtagChr1to5::Atha_Chr1.18885089-18893863_D_Athila	Pu2-23_ragtagChr1to5	Chr1	18885089	18893863	2	1(45)>6(13)	1,6	2
Pu2-23_ragtagChr1to5::Atha_Chr3.16107859-16116969_D_Athila	Pu2-23_ragtagChr1to5	Chr3	16107859	16116969	2	1(17)>6(71)	1,6	5
Pu2-23_ragtagChr1to5::Atha_Chr3.16405779-16414088_D_Athila	Pu2-23_ragtagChr1to5	Chr3	16405779	16414088	2	2(39)>4c(32)	2,4c	0
Pu2-23_ragtagChr1to5::Atha_Chr4.2902201-2914622_D_Athila	Pu2-23_ragtagChr1to5	Chr4	2902201	2914622	2	3(9)>2(276)	2,3	5
Pu2-23_ragtagChr1to5::Atha_Chr4.9247597-9255590_D_Athila	Pu2-23_ragtagChr1to5	Chr4	9247597	9255590	2	2(244)>6b(43)	2,6b	0
Pyl-1.ragtag_Chr1to5::Atha_Chr1.17582995-17591838_P_Athila	Pyl-1.ragtag_Chr1to5	Chr1	17582995	17591838	2	1(17)>6(45)	1,6	5
Pyl-1.ragtag_Chr1to5::Atha_Chr2.8281218-8290073_D_Athila	Pyl-1.ragtag_Chr1to5	Chr2	8281218	8290073	3	6(69)>1(9)>6(344)	1,6	0;1
Pyl-1.ragtag_Chr1to5::Atha_Chr3.18323207-18332325_D_Athila	Pyl-1.ragtag_Chr1to5	Chr3	18323207	18332325	2	1(9)>6(71)	1,6	5
Pyl-1.ragtag_Chr1to5::Atha_Chr4.2952152-2964575_D_Athila	Pyl-1.ragtag_Chr1to5	Chr4	2952152	2964575	2	3(9)>2(276)	2,3	5
Pyl-1.ragtag_Chr1to5::Atha_Chr4.9120862-9128855_P_Athila	Pyl-1.ragtag_Chr1to5	Chr4	9120862	9128855	2	2(206)>6b(27)	2,6b	0
Pyl-1.ragtag_Chr1to5::Atha_Chr5.18712835-18724238_D_Athila	Pyl-1.ragtag_Chr1to5	Chr5	18712835	18724238	2	6a(12)>6b(820)	6a,6b	4
Qar-8a.ragtag_Chr1to5::Atha_Chr3.18535407-18543742_D_Athila	Qar-8a.ragtag_Chr1to5	Chr3	18535407	18543742	2	2(37)>4c(16)	2,4c	0
RRS10.ragtag_Chr1to5::Atha_Chr3.18465185-18474305_D_Athila	RRS10.ragtag_Chr1to5	Chr3	18465185	18474305	2	1(9)>6(71)	1,6	5
RRS10.ragtag_Chr1to5::Atha_Chr3.18725297-18733079_D_Athila	RRS10.ragtag_Chr1to5	Chr3	18725297	18733079	2	2(75)>4c(32)	2,4c	0
Rab-R1.ragtag_Chr1to5::Atha_Chr4.3095306-3103232_P_Athila	Rab-R1.ragtag_Chr1to5	Chr4	3095306	3103232	2	2(213)>6b(49)	2,6b	0
Rld-2.ragtag_Chr1to5::Atha_Chr1.14267223-14279494_D_Athila	Rld-2.ragtag_Chr1to5	Chr1	14267223	14279494	2	2(226)>4c(21)	2,4c	0
Rld-2.ragtag_Chr1to5::Atha_Chr3.13306361-13316778_P_Athila	Rld-2.ragtag_Chr1to5	Chr3	13306361	13316778	2	6a(127)>6(71)	6,6a	0
Rubezhnoe-1_fixed_Chr1to5::Atha_Chr1.14496528-14507948_D_Athila	Rubezhnoe-1_fixed_Chr1to5	Chr1	14496528	14507948	2	6b(31)>6a(534)	6a,6b	7
Rubezhnoe-1_fixed_Chr1to5::Atha_Chr1.17389788-17401058_D_Athila	Rubezhnoe-1_fixed_Chr1to5	Chr1	17389788	17401058	2	6b(31)>6a(568)	6a,6b	7
Rubezhnoe-1_fixed_Chr1to5::Atha_Chr3.13528860-13540246_D_Athila	Rubezhnoe-1_fixed_Chr1to5	Chr3	13528860	13540246	2	6b(31)>6a(559)	6a,6b	7
Rubezhnoe-1_fixed_Chr1to5::Atha_Chr3.13929673-13940989_D_Athila	Rubezhnoe-1_fixed_Chr1to5	Chr3	13929673	13940989	2	6b(31)>6a(518)	6a,6b	7
Rubezhnoe-1_fixed_Chr1to5::Atha_Chr3.14716855-14728270_D_Athila	Rubezhnoe-1_fixed_Chr1to5	Chr3	14716855	14728270	2	6b(31)>6a(527)	6a,6b	7
Rubezhnoe-1_fixed_Chr1to5::Atha_Chr3.14726464-14737872_D_Athila	Rubezhnoe-1_fixed_Chr1to5	Chr3	14726464	14737872	2	6b(31)>6a(452)	6a,6b	7
Rubezhnoe-1_fixed_Chr1to5::Atha_Chr3.15275986-15284509_P_Athila	Rubezhnoe-1_fixed_Chr1to5	Chr3	15275986	15284509	2	6b(31)>6a(541)	6a,6b	7
Rubezhnoe-1_fixed_Chr1to5::Atha_Chr3.15282703-15294119_P_Athila	Rubezhnoe-1_fixed_Chr1to5	Chr3	15282703	15294119	2	6b(31)>6a(531)	6a,6b	7
Rubezhnoe-1_fixed_Chr1to5::Atha_Chr3.16268276-16279660_D_Athila	Rubezhnoe-1_fixed_Chr1to5	Chr3	16268276	16279660	2	6b(31)>6a(430)	6a,6b	7
Rubezhnoe-1_fixed_Chr1to5::Atha_Chr4.10470607-10480338_P_Athila	Rubezhnoe-1_fixed_Chr1to5	Chr4	10470607	10480338	2	0(11)>3(14)	0,3	7
Rubezhnoe-1_fixed_Chr1to5::Atha_Chr5.11100824-11112400_D_Athila	Rubezhnoe-1_fixed_Chr1to5	Chr5	11100824	11112400	2	6a(62)>6b(4031)	6a,6b	0
Rubezhnoe-1_fixed_Chr1to5::Atha_Chr5.11202555-11213805_D_Athila	Rubezhnoe-1_fixed_Chr1to5	Chr5	11202555	11213805	2	6b(31)>6a(513)	6a,6b	7
Rubezhnoe-1_fixed_Chr1to5::Atha_Chr5.11962290-11972503_D_Athila	Rubezhnoe-1_fixed_Chr1to5	Chr5	11962290	11972503	3	6a(69)>2(8)>6a(33)	2,6a	14;20
Sah-0.ragtag_Chr1to5::Atha_Chr3.18045917-18054927_D_Athila	Sah-0.ragtag_Chr1to5	Chr3	18045917	18054927	2	1(17)>6(71)	1,6	5
Sah-0.ragtag_Chr1to5::Atha_Chr3.18304635-18313016_D_Athila	Sah-0.ragtag_Chr1to5	Chr3	18304635	18313016	2	2(17)>4c(32)	2,4c	0
Sf-2.ragtag_Chr1to5::Atha_Chr2.6866506-6877751_P_Athila	Sf-2.ragtag_Chr1to5	Chr2	6866506	6877751	2	6b(31)>6a(516)	6a,6b	7
Sf-2.ragtag_Chr1to5::Atha_Chr3.15666429-15677217_D_Athila	Sf-2.ragtag_Chr1to5	Chr3	15666429	15677217	3	6a(69)>2(8)>6a(33)	2,6a	14;20
Sf-2.ragtag_Chr1to5::Atha_Chr3.17331321-17339683_D_Athila	Sf-2.ragtag_Chr1to5	Chr3	17331321	17339683	2	2(93)>4c(32)	2,4c	0
Sf-2.ragtag_Chr1to5::Atha_Chr4.10508670-10516618_D_Athila	Sf-2.ragtag_Chr1to5	Chr4	10508670	10516618	2	2(228)>6b(51)	2,6b	0
Sf-2.ragtag_Chr1to5::Atha_Chr4.3486401-3497739_D_Athila	Sf-2.ragtag_Chr1to5	Chr4	3486401	3497739	2	6b(31)>6a(497)	6a,6b	7
Sha.ragtag_Chr1to5::Atha_Chr1.14226716-14239337_D_Athila	Sha.ragtag_Chr1to5	Chr1	14226716	14239337	2	2(182)>4c(17)	2,4c	0
Sha.ragtag_Chr1to5::Atha_Chr1.14752168-14763600_D_Athila	Sha.ragtag_Chr1to5	Chr1	14752168	14763600	2	6b(31)>6a(552)	6a,6b	7
Sha.ragtag_Chr1to5::Atha_Chr1.19700543-19709317_D_Athila	Sha.ragtag_Chr1to5	Chr1	19700543	19709317	2	1(45)>6(13)	1,6	2
Sha.ragtag_Chr1to5::Atha_Chr3.16772930-16781818_D_Athila	Sha.ragtag_Chr1to5	Chr3	16772930	16781818	2	1(17)>6(71)	1,6	5
Sha.ragtag_Chr1to5::Atha_Chr3.17031302-17039683_D_Athila	Sha.ragtag_Chr1to5	Chr3	17031302	17039683	2	2(17)>4c(32)	2,4c	0
Sha.ragtag_Chr1to5::Atha_Chr5.11138154-11149730_D_Athila	Sha.ragtag_Chr1to5	Chr5	11138154	11149730	2	6a(62)>6b(4001)	6a,6b	0
Sha.ragtag_Chr1to5::Atha_Chr5.11240757-11252006_D_Athila	Sha.ragtag_Chr1to5	Chr5	11240757	11252006	2	6b(31)>6a(513)	6a,6b	7
Sha.ragtag_Chr1to5::Atha_Chr5.20821371-20833697_D_Athila	Sha.ragtag_Chr1to5	Chr5	20821371	20833697	2	7a(338)>7(212)	7,7a	0
Sij-1.ragtag_Chr1to5::Atha_Chr3.16206745-16215633_D_Athila	Sij-1.ragtag_Chr1to5	Chr3	16206745	16215633	2	1(17)>6(71)	1,6	5
Sij-1.ragtag_Chr1to5::Atha_Chr3.16465068-16473449_D_Athila	Sij-1.ragtag_Chr1to5	Chr3	16465068	16473449	2	2(17)>4c(32)	2,4c	0
Sij-2.ragtag_Chr1to5::Atha_Chr3.16213987-16222875_D_Athila	Sij-2.ragtag_Chr1to5	Chr3	16213987	16222875	2	1(17)>6(71)	1,6	5
Sij-2.ragtag_Chr1to5::Atha_Chr3.16472303-16480684_D_Athila	Sij-2.ragtag_Chr1to5	Chr3	16472303	16480684	2	2(17)>4c(32)	2,4c	0
Sorbo.ragtag_Chr1to5::Atha_Chr3.16409570-16418457_D_Athila	Sorbo.ragtag_Chr1to5	Chr3	16409570	16418457	2	1(17)>6(71)	1,6	5
Sorbo.ragtag_Chr1to5::Atha_Chr3.16668016-16676397_D_Athila	Sorbo.ragtag_Chr1to5	Chr3	16668016	16676397	2	2(17)>4c(32)	2,4c	0
Sorbo.ragtag_Chr1to5::Atha_Chr5.19551895-19564222_D_Athila	Sorbo.ragtag_Chr1to5	Chr5	19551895	19564222	2	7a(338)>7(212)	7,7a	0
St-0.ragtag_Chr1to5::Atha_Chr1.14255605-14267864_D_Athila	St-0.ragtag_Chr1to5	Chr1	14255605	14267864	2	2(230)>4c(13)	2,4c	0
St-0.ragtag_Chr1to5::Atha_Chr2.5186064-5197334_P_Athila	St-0.ragtag_Chr1to5	Chr2	5186064	5197334	2	6b(31)>6a(614)	6a,6b	7
St-0.ragtag_Chr1to5::Atha_Chr3.16364166-16375055_D_Athila	St-0.ragtag_Chr1to5	Chr3	16364166	16375055	3	6a(43)>2(8)>6a(33)	2,6a	14;20
St-0.ragtag_Chr1to5::Atha_Chr3.18776119-18788253_D_Athila	St-0.ragtag_Chr1to5	Chr3	18776119	18788253	2	1(98)>2(236)	1,2	0
St-0.ragtag_Chr1to5::Atha_Chr4.8801411-8809405_P_Athila	St-0.ragtag_Chr1to5	Chr4	8801411	8809405	2	2(225)>6b(27)	2,6b	0
St-0.ragtag_Chr1to5::Atha_Chr5.13543198-13554496_D_Athila	St-0.ragtag_Chr1to5	Chr5	13543198	13554496	2	6b(31)>6a(616)	6a,6b	7
St-0.ragtag_Chr1to5::Atha_Chr5.15609510-15620940_D_Athila	St-0.ragtag_Chr1to5	Chr5	15609510	15620940	2	6b(23)>6a(519)	6a,6b	6
St-0_kang_ragtag_Chr1to5::Atha_Chr1.14236963-14249222_D_Athila	St-0_kang_ragtag_Chr1to5	Chr1	14236963	14249222	2	2(230)>4c(13)	2,4c	0
St-0_kang_ragtag_Chr1to5::Atha_Chr2.4105125-4116395_P_Athila	St-0_kang_ragtag_Chr1to5	Chr2	4105125	4116395	2	6b(31)>6a(614)	6a,6b	7
St-0_kang_ragtag_Chr1to5::Atha_Chr3.15992939-16005073_D_Athila	St-0_kang_ragtag_Chr1to5	Chr3	15992939	16005073	2	1(98)>2(236)	1,2	0
St-0_kang_ragtag_Chr1to5::Atha_Chr4.8240457-8248451_P_Athila	St-0_kang_ragtag_Chr1to5	Chr4	8240457	8248451	2	2(225)>6b(27)	2,6b	0
St-0_kang_ragtag_Chr1to5::Atha_Chr5.13618856-13630154_D_Athila	St-0_kang_ragtag_Chr1to5	Chr5	13618856	13630154	2	6b(31)>6a(616)	6a,6b	7
St-0_kang_ragtag_Chr1to5::Atha_Chr5.15030235-15041665_D_Athila	St-0_kang_ragtag_Chr1to5	Chr5	15030235	15041665	2	6b(23)>6a(519)	6a,6b	6
Stw-0_Chr1to5_2026::Atha_Chr1.14243109-14254527_D_Athila	Stw-0_Chr1to5_2026	Chr1	14243109	14254527	2	6b(31)>6a(598)	6a,6b	7
Stw-0_Chr1to5_2026::Atha_Chr1.17714667-17725783_P_Athila	Stw-0_Chr1to5_2026	Chr1	17714667	17725783	2	6b(31)>6a(601)	6a,6b	7
Stw-0_Chr1to5_2026::Atha_Chr1.18707097-18718519_D_Athila	Stw-0_Chr1to5_2026	Chr1	18707097	18718519	2	6b(31)>6a(582)	6a,6b	7
Stw-0_Chr1to5_2026::Atha_Chr2.7549096-7560667_P_Athila	Stw-0_Chr1to5_2026	Chr2	7549096	7560667	2	6b(31)>6a(662)	6a,6b	7
Stw-0_Chr1to5_2026::Atha_Chr4.7621813-7629807_P_Athila	Stw-0_Chr1to5_2026	Chr4	7621813	7629807	2	2(188)>6b(27)	2,6b	1
Stw-0_Chr1to5_2026::Atha_Chr5.14487617-14498405_P_Athila	Stw-0_Chr1to5_2026	Chr5	14487617	14498405	3	6a(64)>2(8)>6a(33)	2,6a	14;20
Sus-1.ragtag_Chr1to5::Atha_Chr1.14216545-14229167_D_Athila	Sus-1.ragtag_Chr1to5	Chr1	14216545	14229167	2	2(208)>4c(15)	2,4c	0
Sus-1.ragtag_Chr1to5::Atha_Chr1.19099654-19108428_D_Athila	Sus-1.ragtag_Chr1to5	Chr1	19099654	19108428	2	1(27)>6(13)	1,6	2
Sus-1.ragtag_Chr1to5::Atha_Chr3.16813478-16821849_D_Athila	Sus-1.ragtag_Chr1to5	Chr3	16813478	16821849	2	2(94)>4c(32)	2,4c	0
Sus-1.ragtag_Chr1to5::Atha_Chr5.18847091-18859419_D_Athila	Sus-1.ragtag_Chr1to5	Chr5	18847091	18859419	2	7a(338)>7(212)	7,7a	0
Tanz_merc.ragtag_Chr1to5::Atha_Chr3.19545659-19554060_D_Athila	Tanz_merc.ragtag_Chr1to5	Chr3	19545659	19554060	2	2(146)>4c(32)	2,4c	0
Tanz_merc.ragtag_Chr1to5::Atha_Chr4.8306687-8314035_D_Athila	Tanz_merc.ragtag_Chr1to5	Chr4	8306687	8314035	2	2(223)>6b(39)	2,6b	0
Tanz_wlod.ragtag_Chr1to5::Atha_Chr3.19760968-19769369_D_Athila	Tanz_wlod.ragtag_Chr1to5	Chr3	19760968	19769369	2	2(146)>4c(32)	2,4c	0
Tanz_wlod.ragtag_Chr1to5::Atha_Chr4.8418486-8425834_D_Athila	Tanz_wlod.ragtag_Chr1to5	Chr4	8418486	8425834	2	2(223)>6b(39)	2,6b	0
Taz-0.ragtag_Chr1to5::Atha_Chr3.15813801-15824697_D_Athila	Taz-0.ragtag_Chr1to5	Chr3	15813801	15824697	3	6a(69)>2(8)>6a(27)	2,6a	14;20
Taz-0.ragtag_Chr1to5::Atha_Chr3.17054737-17063845_D_Athila	Taz-0.ragtag_Chr1to5	Chr3	17054737	17063845	2	1(17)>6(71)	1,6	5
Taz-0.ragtag_Chr1to5::Atha_Chr4.3406921-3416851_P_Athila	Taz-0.ragtag_Chr1to5	Chr4	3406921	3416851	2	6a(12)>6b(1322)	6a,6b	6
Taz-0.ragtag_Chr1to5::Atha_Chr4.7334785-7343061_P_Athila	Taz-0.ragtag_Chr1to5	Chr4	7334785	7343061	2	1(10)>6(75)	1,6	2
Tibet-0.ragtag_Chr1to5::Atha_Chr3.17146893-17159789_D_Athila	Tibet-0.ragtag_Chr1to5	Chr3	17146893	17159789	2	0(11)>4(50)	0,4	8
Tibet-0.ragtag_Chr1to5::Atha_Chr4.8208436-8216431_D_Athila	Tibet-0.ragtag_Chr1to5	Chr4	8208436	8216431	2	2(260)>6b(10)	2,6b	0
Toufl-1.ragtag_Chr1to5::Atha_Chr1.17829099-17837942_P_Athila	Toufl-1.ragtag_Chr1to5	Chr1	17829099	17837942	2	1(17)>6(45)	1,6	5
Toufl-1.ragtag_Chr1to5::Atha_Chr5.18239639-18251923_P_Athila	Toufl-1.ragtag_Chr1to5	Chr5	18239639	18251923	2	7a(400)>7(437)	7,7a	0
TueSB30-3.ragtag_Chr1to5::Atha_Chr1.14202077-14214336_D_Athila	TueSB30-3.ragtag_Chr1to5	Chr1	14202077	14214336	2	2(230)>4c(13)	2,4c	0
TueSB30-3.ragtag_Chr1to5::Atha_Chr3.13418599-13429016_P_Athila	TueSB30-3.ragtag_Chr1to5	Chr3	13418599	13429016	2	6a(127)>6(71)	6,6a	0
TueSB30-3.ragtag_Chr1to5::Atha_Chr3.16108525-16118760_D_Athila	TueSB30-3.ragtag_Chr1to5	Chr3	16108525	16118760	3	6a(69)>2(8)>6a(33)	2,6a	14;20
TueSB30-3.ragtag_Chr1to5::Atha_Chr4.2871333-2882668_D_Athila	TueSB30-3.ragtag_Chr1to5	Chr4	2871333	2882668	2	6b(31)>6a(441)	6a,6b	7
Tul-0.ragtag_Chr1to5::Atha_Chr3.18333547-18342667_D_Athila	Tul-0.ragtag_Chr1to5	Chr3	18333547	18342667	2	1(9)>6(71)	1,6	5
Tul-0.ragtag_Chr1to5::Atha_Chr3.18593259-18601041_D_Athila	Tul-0.ragtag_Chr1to5	Chr3	18593259	18601041	2	2(75)>4c(32)	2,4c	0
Valsi-1.ragtag_Chr1to5::Atha_Chr1.18945165-18954623_P_Athila	Valsi-1.ragtag_Chr1to5	Chr1	18945165	18954623	2	6(8)>6b(34)	6,6b	0
Valsi-1.ragtag_Chr1to5::Atha_Chr3.15221576-15232459_P_Athila	Valsi-1.ragtag_Chr1to5	Chr3	15221576	15232459	3	6a(64)>2(8)>6a(30)	2,6a	14;20
Valsi-1.ragtag_Chr1to5::Atha_Chr4.3380802-3392437_P_Athila	Valsi-1.ragtag_Chr1to5	Chr4	3380802	3392437	2	6a(8)>6b(2242)	6a,6b	4
Valsi-1.ragtag_Chr1to5::Atha_Chr4.8038912-8046837_P_Athila	Valsi-1.ragtag_Chr1to5	Chr4	8038912	8046837	2	2(217)>6b(19)	2,6b	0
Valsi-1.ragtag_Chr1to5::Atha_Chr5.10902845-10914276_D_Athila	Valsi-1.ragtag_Chr1to5	Chr5	10902845	10914276	2	6b(31)>6a(506)	6a,6b	6
Yilong-0.ragtag_Chr1to5::Atha_Chr3.18293154-18301514_D_Athila	Yilong-0.ragtag_Chr1to5	Chr3	18293154	18301514	2	1(17)>6(51)	1,6	4
Yilong-0.ragtag_Chr1to5::Atha_Chr3.18556230-18564379_D_Athila	Yilong-0.ragtag_Chr1to5	Chr3	18556230	18564379	2	2(127)>4c(28)	2,4c	0
Yilong-0.ragtag_Chr1to5::Atha_Chr5.11122061-11133637_D_Athila	Yilong-0.ragtag_Chr1to5	Chr5	11122061	11133637	2	6a(62)>6b(4000)	6a,6b	0
Yilong-0.ragtag_Chr1to5::Atha_Chr5.11223793-11235044_D_Athila	Yilong-0.ragtag_Chr1to5	Chr5	11223793	11235044	2	6b(31)>6a(513)	6a,6b	7
Zal-1_Chr1to5_2026::Atha_Chr1.14187402-14200023_D_Athila	Zal-1_Chr1to5_2026	Chr1	14187402	14200023	2	2(180)>4c(17)	2,4c	0
Zal-1_Chr1to5_2026::Atha_Chr1.14553649-14565081_D_Athila	Zal-1_Chr1to5_2026	Chr1	14553649	14565081	2	6b(31)>6a(552)	6a,6b	7
Zal-1_Chr1to5_2026::Atha_Chr3.16071036-16079924_D_Athila	Zal-1_Chr1to5_2026	Chr3	16071036	16079924	2	1(17)>6(71)	1,6	5
Zal-1_Chr1to5_2026::Atha_Chr3.16322324-16330705_D_Athila	Zal-1_Chr1to5_2026	Chr3	16322324	16330705	2	2(17)>4c(32)	2,4c	0
Zal-1_Chr1to5_2026::Atha_Chr5.19265181-19277507_D_Athila	Zal-1_Chr1to5_2026	Chr5	19265181	19277507	2	7a(338)>7(212)	7,7a	0
Zin9_Mercier_Chr1to5::Atha_Chr2.8443294-8455103_D_Athila	Zin9_Mercier_Chr1to5	Chr2	8443294	8455103	3	2(478)>6a(8)>2(25)	2,6a	0;14
_1158_Chr1to5::Atha_Chr3.12951517-12965044_P_Athila	_1158_Chr1to5	Chr3	12951517	12965044	2	3(736)>0(32)	0,3	0
_1158_Chr1to5::Atha_Chr3.15945960-15957279_D_Athila	_1158_Chr1to5	Chr3	15945960	15957279	2	6b(31)>6a(528)	6a,6b	7
_1158_Chr1to5::Atha_Chr3.16483447-16494207_D_Athila	_1158_Chr1to5	Chr3	16483447	16494207	3	6a(69)>2(8)>6a(33)	2,6a	14;20
_1158_Chr1to5::Atha_Chr3.16722128-16733457_P_Athila	_1158_Chr1to5	Chr3	16722128	16733457	2	6b(31)>6a(508)	6a,6b	7
_1158_Chr1to5::Atha_Chr3.16844690-16855845_P_Athila	_1158_Chr1to5	Chr3	16844690	16855845	2	6b(31)>6a(527)	6a,6b	7
_1158_Chr1to5::Atha_Chr3.17919563-17930781_D_Athila	_1158_Chr1to5	Chr3	17919563	17930781	2	6b(31)>6a(550)	6a,6b	7
_1158_Chr1to5::Atha_Chr3.18004488-18013501_D_Athila	_1158_Chr1to5	Chr3	18004488	18013501	2	1(17)>6(123)	1,6	5
_1158_Chr1to5::Atha_Chr3.18111071-18122459_P_Athila	_1158_Chr1to5	Chr3	18111071	18122459	2	6b(31)>6a(478)	6a,6b	7
_1158_Chr1to5::Atha_Chr3.18127658-18138898_D_Athila	_1158_Chr1to5	Chr3	18127658	18138898	2	6b(31)>6a(501)	6a,6b	7
_1158_Chr1to5::Atha_Chr5.15917566-15928895_P_Athila	_1158_Chr1to5	Chr5	15917566	15928895	2	6b(31)>6a(559)	6a,6b	7
_1158_Chr1to5::Atha_Chr5.16473655-16485057_D_Athila	_1158_Chr1to5	Chr5	16473655	16485057	2	6a(12)>6b(825)	6a,6b	4
_6024_Chr1to5::Atha_Chr3.17511647-17520533_D_Athila	_6024_Chr1to5	Chr3	17511647	17520533	2	1(17)>6(71)	1,6	5
_6024_Chr1to5::Atha_Chr3.17776000-17784860_D_Athila	_6024_Chr1to5	Chr3	17776000	17784860	2	2(95)>4c(32)	2,4c	0
_6024_Chr1to5::Atha_Chr4.9583005-9590999_D_Athila	_6024_Chr1to5	Chr4	9583005	9590999	2	2(233)>6b(43)	2,6b	0
_6024_Chr1to5::Atha_Chr5.11329798-11341004_P_Athila	_6024_Chr1to5	Chr5	11329798	11341004	2	6b(31)>6a(370)	6a,6b	7
_6024_Chr1to5::Atha_Chr5.11348268-11359589_D_Athila	_6024_Chr1to5	Chr5	11348268	11359589	2	6b(31)>6a(402)	6a,6b	7
_6184_Chr1to5::Atha_Chr3.12185810-12197094_D_Athila	_6184_Chr1to5	Chr3	12185810	12197094	2	6b(31)>6a(528)	6a,6b	7
_6184_Chr1to5::Atha_Chr4.2870195-2882618_D_Athila	_6184_Chr1to5	Chr4	2870195	2882618	2	3(9)>2(276)	2,3	5
_6184_Chr1to5::Atha_Chr4.8940665-8948659_D_Athila	_6184_Chr1to5	Chr4	8940665	8948659	2	2(244)>6b(43)	2,6b	0
_6184_Chr1to5::Atha_Chr5.16718633-16729981_D_Athila	_6184_Chr1to5	Chr5	16718633	16729981	2	6a(12)>6b(821)	6a,6b	4
_Altai-5_ColChr1to5ragtag_Chr1to5::Atha_Chr1.14105976-14118597_D_Athila	_Altai-5_ColChr1to5ragtag_Chr1to5	Chr1	14105976	14118597	2	2(182)>4c(17)	2,4c	0
_Altai-5_ColChr1to5ragtag_Chr1to5::Atha_Chr1.14451531-14462963_D_Athila	_Altai-5_ColChr1to5ragtag_Chr1to5	Chr1	14451531	14462963	2	6b(31)>6a(552)	6a,6b	7
_Altai-5_ColChr1to5ragtag_Chr1to5::Atha_Chr1.18596886-18605660_D_Athila	_Altai-5_ColChr1to5ragtag_Chr1to5	Chr1	18596886	18605660	2	1(45)>6(13)	1,6	2
_Altai-5_ColChr1to5ragtag_Chr1to5::Atha_Chr3.15987606-15996494_D_Athila	_Altai-5_ColChr1to5ragtag_Chr1to5	Chr3	15987606	15996494	2	1(17)>6(71)	1,6	5
_Altai-5_ColChr1to5ragtag_Chr1to5::Atha_Chr3.16245997-16254378_D_Athila	_Altai-5_ColChr1to5ragtag_Chr1to5	Chr3	16245997	16254378	2	2(17)>4c(32)	2,4c	0
_Altai-5_ColChr1to5ragtag_Chr1to5::Atha_Chr5.18526410-18539070_P_Athila	_Altai-5_ColChr1to5ragtag_Chr1to5	Chr5	18526410	18539070	2	7a(372)>7(159)	7,7a	0
_Altai-5_ColChr1to5ragtag_Chr1to5::Atha_Chr5.19317810-19330138_D_Athila	_Altai-5_ColChr1to5ragtag_Chr1to5	Chr5	19317810	19330138	2	7a(338)>7(212)	7,7a	0
_Anz-0_ColChr1to5ragtag_Chr1to5::Atha_Chr3.14708132-14718444_P_Athila	_Anz-0_ColChr1to5ragtag_Chr1to5	Chr3	14708132	14718444	3	6a(10)>2(8)>6a(33)	2,6a	14;20
_Anz-0_ColChr1to5ragtag_Chr1to5::Atha_Chr3.17237680-17246703_D_Athila	_Anz-0_ColChr1to5ragtag_Chr1to5	Chr3	17237680	17246703	2	1(17)>6(109)	1,6	5
_Anz-0_ColChr1to5ragtag_Chr1to5::Atha_Chr4.9198025-9209308_P_Athila	_Anz-0_ColChr1to5ragtag_Chr1to5	Chr4	9198025	9209308	2	6b(31)>6a(435)	6a,6b	7
_Anz-0_ColChr1to5ragtag_Chr1to5::Atha_Chr5.13611090-13622496_D_Athila	_Anz-0_ColChr1to5ragtag_Chr1to5	Chr5	13611090	13622496	2	6b(31)>6a(486)	6a,6b	7
_Dog-4_ColChr1to5ragtag_Chr1to5::Atha_Chr3.13327976-13339362_D_Athila	_Dog-4_ColChr1to5ragtag_Chr1to5	Chr3	13327976	13339362	2	6b(31)>6a(559)	6a,6b	7
_Dog-4_ColChr1to5ragtag_Chr1to5::Atha_Chr3.13970534-13981850_P_Athila	_Dog-4_ColChr1to5ragtag_Chr1to5	Chr3	13970534	13981850	2	6b(31)>6a(514)	6a,6b	7
_Dog-4_ColChr1to5ragtag_Chr1to5::Atha_Chr3.15051999-15063399_D_Athila	_Dog-4_ColChr1to5ragtag_Chr1to5	Chr3	15051999	15063399	2	6b(31)>6a(562)	6a,6b	7
_Dog-4_ColChr1to5ragtag_Chr1to5::Atha_Chr3.15648775-15660181_P_Athila	_Dog-4_ColChr1to5ragtag_Chr1to5	Chr3	15648775	15660181	2	6b(31)>6a(483)	6a,6b	7
_Dog-4_ColChr1to5ragtag_Chr1to5::Atha_Chr3.15658375-15669790_P_Athila	_Dog-4_ColChr1to5ragtag_Chr1to5	Chr3	15658375	15669790	2	6b(31)>6a(527)	6a,6b	7
_Dog-4_ColChr1to5ragtag_Chr1to5::Atha_Chr3.16142662-16152875_D_Athila	_Dog-4_ColChr1to5ragtag_Chr1to5	Chr3	16142662	16152875	3	6a(69)>2(8)>6a(33)	2,6a	14;20
_Dog-4_ColChr1to5ragtag_Chr1to5::Atha_Chr3.16886414-16897831_P_Athila	_Dog-4_ColChr1to5ragtag_Chr1to5	Chr3	16886414	16897831	2	6b(31)>6a(313)	6a,6b	7
_Dog-4_ColChr1to5ragtag_Chr1to5::Atha_Chr3.16956042-16967431_P_Athila	_Dog-4_ColChr1to5ragtag_Chr1to5	Chr3	16956042	16967431	2	6b(31)>6a(534)	6a,6b	7
_Dog-4_ColChr1to5ragtag_Chr1to5::Atha_Chr3.17650033-17661443_D_Athila	_Dog-4_ColChr1to5ragtag_Chr1to5	Chr3	17650033	17661443	2	6b(31)>6a(480)	6a,6b	7
_Dog-4_ColChr1to5ragtag_Chr1to5::Atha_Chr4.8613500-8621434_D_Athila	_Dog-4_ColChr1to5ragtag_Chr1to5	Chr4	8613500	8621434	2	2(256)>6b(43)	2,6b	0
_Dog-4_ColChr1to5ragtag_Chr1to5::Atha_Chr5.15086696-15098118_P_Athila	_Dog-4_ColChr1to5ragtag_Chr1to5	Chr5	15086696	15098118	2	6b(31)>6a(528)	6a,6b	7
_Dog-4_ColChr1to5ragtag_Chr1to5::Atha_Chr5.15251451-15262878_D_Athila	_Dog-4_ColChr1to5ragtag_Chr1to5	Chr5	15251451	15262878	2	6b(31)>6a(472)	6a,6b	6
_Geg-14_ColChr1to5ragtag_Chr1to5::Atha_Chr1.18363696-18372469_D_Athila	_Geg-14_ColChr1to5ragtag_Chr1to5	Chr1	18363696	18372469	2	1(45)>6(13)	1,6	2
_Geg-14_ColChr1to5ragtag_Chr1to5::Atha_Chr3.17076446-17084817_D_Athila	_Geg-14_ColChr1to5ragtag_Chr1to5	Chr3	17076446	17084817	2	2(94)>4c(32)	2,4c	0
_Geg-14_ColChr1to5ragtag_Chr1to5::Atha_Chr4.7129327-7137320_P_Athila	_Geg-14_ColChr1to5ragtag_Chr1to5	Chr4	7129327	7137320	2	2(192)>6b(27)	2,6b	1
_Had-6b_ColChr1to5ragtag_Chr1to5::Atha_Chr3.16809029-16817383_D_Athila	_Had-6b_ColChr1to5ragtag_Chr1to5	Chr3	16809029	16817383	2	1(17)>6(51)	1,6	4
_Had-6b_ColChr1to5ragtag_Chr1to5::Atha_Chr4.4664029-4675693_P_Athila	_Had-6b_ColChr1to5ragtag_Chr1to5	Chr4	4664029	4675693	3	4c(12)>1(14)>4c(47)	1,4c	0;12
_Had-6b_ColChr1to5ragtag_Chr1to5::Atha_Chr4.4882538-4891479_D_Athila	_Had-6b_ColChr1to5ragtag_Chr1to5	Chr4	4882538	4891479	2	4c(12)>9(26)	4c,9	8
_Ice-1_ColChr1to5ragtag_Chr1to5::Atha_Chr3.16121624-16129933_D_Athila	_Ice-1_ColChr1to5ragtag_Chr1to5	Chr3	16121624	16129933	2	2(90)>4c(32)	2,4c	0
_Ice-1_ColChr1to5ragtag_Chr1to5::Atha_Chr5.14784848-14796247_D_Athila	_Ice-1_ColChr1to5ragtag_Chr1to5	Chr5	14784848	14796247	2	6a(12)>6b(803)	6a,6b	4
_No-0_ColChr1to5ragtag_Chr1to5::Atha_Chr1.14397493-14409752_D_Athila	_No-0_ColChr1to5ragtag_Chr1to5	Chr1	14397493	14409752	2	2(230)>4c(13)	2,4c	0
_No-0_ColChr1to5ragtag_Chr1to5::Atha_Chr3.13203085-13213502_P_Athila	_No-0_ColChr1to5ragtag_Chr1to5	Chr3	13203085	13213502	2	6a(127)>6(71)	6,6a	0
_No-0_ColChr1to5ragtag_Chr1to5::Atha_Chr3.17035606-17046056_D_Athila	_No-0_ColChr1to5ragtag_Chr1to5	Chr3	17035606	17046056	3	6a(10)>2(8)>6a(33)	2,6a	14;20
_No-0_ColChr1to5ragtag_Chr1to5::Atha_Chr4.8277871-8285862_D_Athila	_No-0_ColChr1to5ragtag_Chr1to5	Chr4	8277871	8285862	2	2(14)>6b(39)	2,6b	0
ragtag6137_ColChr1to5_Chr1to5::Atha_Chr1.18511084-18522495_D_Athila	ragtag6137_ColChr1to5_Chr1to5	Chr1	18511084	18522495	2	6b(31)>6a(553)	6a,6b	7
ragtag6137_ColChr1to5_Chr1to5::Atha_Chr3.12142705-12154052_D_Athila	ragtag6137_ColChr1to5_Chr1to5	Chr3	12142705	12154052	2	6b(31)>6a(528)	6a,6b	7
ragtag6137_ColChr1to5_Chr1to5::Atha_Chr4.3011737-3023072_D_Athila	ragtag6137_ColChr1to5_Chr1to5	Chr4	3011737	3023072	2	6b(31)>6a(441)	6a,6b	7
ragtag6137_ColChr1to5_Chr1to5::Atha_Chr5.13284240-13295537_D_Athila	ragtag6137_ColChr1to5_Chr1to5	Chr5	13284240	13295537	2	6b(17)>6a(616)	6a,6b	7
ragtag6137_ColChr1to5_Chr1to5::Atha_Chr5.15939103-15950532_D_Athila	ragtag6137_ColChr1to5_Chr1to5	Chr5	15939103	15950532	2	6b(23)>6a(519)	6a,6b	6
ragtag6137_ColChr1to5_Chr1to5::Atha_Chr5.15948727-15960153_D_Athila	ragtag6137_ColChr1to5_Chr1to5	Chr5	15948727	15960153	2	6b(31)>6a(489)	6a,6b	7
ragtag7143_ColChr1to5_Chr1to5::Atha_Chr3.16443623-16452509_D_Athila	ragtag7143_ColChr1to5_Chr1to5	Chr3	16443623	16452509	2	1(17)>6(71)	1,6	5
ragtag7143_ColChr1to5_Chr1to5::Atha_Chr3.16707844-16716705_D_Athila	ragtag7143_ColChr1to5_Chr1to5	Chr3	16707844	16716705	2	2(95)>4c(32)	2,4c	0
ragtag9336_ColChr1to5_Chr1to5::Atha_Chr1.18722270-18732854_D_Athila	ragtag9336_ColChr1to5_Chr1to5	Chr1	18722270	18732854	2	6b(31)>6a(630)	6a,6b	7
ragtag9336_ColChr1to5_Chr1to5::Atha_Chr3.17587363-17596250_D_Athila	ragtag9336_ColChr1to5_Chr1to5	Chr3	17587363	17596250	2	1(17)>6(71)	1,6	5
ragtag9336_ColChr1to5_Chr1to5::Atha_Chr3.17851800-17860660_D_Athila	ragtag9336_ColChr1to5_Chr1to5	Chr3	17851800	17860660	2	2(95)>4c(32)	2,4c	0
ragtag9503_ColChr1to5_fixed::Atha_Chr4.11536444-11547833_D_Athila	ragtag9503_ColChr1to5_fixed	Chr4	11536444	11547833	2	6b(31)>6a(516)	6a,6b	7
ragtag9744_ColChr1to5_Chr1to5::Atha_Chr2.6980553-6991969_D_Athila	ragtag9744_ColChr1to5_Chr1to5	Chr2	6980553	6991969	2	6b(31)>6a(770)	6a,6b	7
ragtag9744_ColChr1to5_Chr1to5::Atha_Chr3.16388848-16399744_D_Athila	ragtag9744_ColChr1to5_Chr1to5	Chr3	16388848	16399744	3	6a(34)>2(8)>6a(12)	2,6a	16;20
ragtag9744_ColChr1to5_Chr1to5::Atha_Chr3.17769631-17778700_D_Athila	ragtag9744_ColChr1to5_Chr1to5	Chr3	17769631	17778700	2	1(17)>6(71)	1,6	5
ragtag9762_ColChr1to5_Chr1to5::Atha_Chr3.16214402-16225303_D_Athila	ragtag9762_ColChr1to5_Chr1to5	Chr3	16214402	16225303	3	6a(65)>2(8)>6a(33)	2,6a	14;20
ragtag9762_ColChr1to5_Chr1to5::Atha_Chr3.17743626-17752685_D_Athila	ragtag9762_ColChr1to5_Chr1to5	Chr3	17743626	17752685	2	1(17)>6(71)	1,6	5
ragtag9762_ColChr1to5_Chr1to5::Atha_Chr4.3274473-3285792_D_Athila	ragtag9762_ColChr1to5_Chr1to5	Chr4	3274473	3285792	2	6a(10)>6b(1744)	6a,6b	4
ragtag9852_Chr1to5::Atha_Chr1.19354325-19363112_D_Athila	ragtag9852_Chr1to5	Chr1	19354325	19363112	2	1(45)>6(13)	1,6	2
ragtag9852_Chr1to5::Atha_Chr3.15592913-15603702_D_Athila	ragtag9852_Chr1to5	Chr3	15592913	15603702	3	6a(69)>2(8)>6a(33)	2,6a	14;20
ragtag9852_Chr1to5::Atha_Chr3.17299200-17305944_D_Athila	ragtag9852_Chr1to5	Chr3	17299200	17305944	2	2(17)>4c(28)	2,4c	1
ragtag9879_ColChr1to5_Chr1to5::Atha_Chr3.17360686-17369702_D_Athila	ragtag9879_ColChr1to5_Chr1to5	Chr3	17360686	17369702	2	1(17)>6(42)	1,6	4
ragtag9879_ColChr1to5_Chr1to5::Atha_Chr3.17655039-17663391_D_Athila	ragtag9879_ColChr1to5_Chr1to5	Chr3	17655039	17663391	2	2(35)>4c(30)	2,4c	0
ragtag9883_ColChr1to5_Chr1to5::Atha_Chr1.19523633-19532420_D_Athila	ragtag9883_ColChr1to5_Chr1to5	Chr1	19523633	19532420	2	1(45)>6(13)	1,6	2
ragtag9883_ColChr1to5_Chr1to5::Atha_Chr3.13409362-13423130_D_Athila	ragtag9883_ColChr1to5_Chr1to5	Chr3	13409362	13423130	2	2(452)>1(974)	1,2	0
ragtag9883_ColChr1to5_Chr1to5::Atha_Chr3.16535207-16544276_D_Athila	ragtag9883_ColChr1to5_Chr1to5	Chr3	16535207	16544276	2	1(17)>6(71)	1,6	5
ragtag9883_ColChr1to5_Chr1to5::Atha_Chr3.17445066-17456475_D_Athila	ragtag9883_ColChr1to5_Chr1to5	Chr3	17445066	17456475	2	6b(31)>6a(500)	6a,6b	7
ragtag9883_ColChr1to5_Chr1to5::Atha_Chr5.13166653-13178059_D_Athila	ragtag9883_ColChr1to5_Chr1to5	Chr5	13166653	13178059	2	6b(31)>6a(446)	6a,6b	7
ragtag9900_ColChr1to5_Chr1to5::Atha_Chr1.19024498-19035875_P_Athila	ragtag9900_ColChr1to5_Chr1to5	Chr1	19024498	19035875	2	6b(31)>6a(459)	6a,6b	7
ragtag9900_ColChr1to5_Chr1to5::Atha_Chr3.17835186-17844070_D_Athila	ragtag9900_ColChr1to5_Chr1to5	Chr3	17835186	17844070	2	1(17)>6(71)	1,6	5
ragtag9900_ColChr1to5_Chr1to5::Atha_Chr3.18030148-18038529_D_Athila	ragtag9900_ColChr1to5_Chr1to5	Chr3	18030148	18038529	2	2(17)>4c(32)	2,4c	0
ragtag9900_ColChr1to5_Chr1to5::Atha_Chr5.12943972-12955378_D_Athila	ragtag9900_ColChr1to5_Chr1to5	Chr5	12943972	12955378	2	6b(31)>6a(475)	6a,6b	7
ragtagANGE-B-2_ColChr1to5_Chr1to5::Atha_Chr3.18073402-18081754_D_Athila	ragtagANGE-B-2_ColChr1to5_Chr1to5	Chr3	18073402	18081754	2	2(35)>4c(29)	2,4c	0
ragtagAUZE-A-5_ColChr1to5_Chr1to5::Atha_Chr1.18236485-18245272_D_Athila	ragtagAUZE-A-5_ColChr1to5_Chr1to5	Chr1	18236485	18245272	2	1(45)>6(13)	1,6	2
ragtagAUZE-A-5_ColChr1to5_Chr1to5::Atha_Chr3.13320916-13332267_D_Athila	ragtagAUZE-A-5_ColChr1to5_Chr1to5	Chr3	13320916	13332267	2	6b(31)>6a(439)	6a,6b	7
ragtagAUZE-A-5_ColChr1to5_Chr1to5::Atha_Chr3.14909037-14920452_P_Athila	ragtagAUZE-A-5_ColChr1to5_Chr1to5	Chr3	14909037	14920452	2	6b(31)>6a(477)	6a,6b	7
ragtagAUZE-A-5_ColChr1to5_Chr1to5::Atha_Chr3.16048760-16060175_P_Athila	ragtagAUZE-A-5_ColChr1to5_Chr1to5	Chr3	16048760	16060175	2	6b(31)>6a(477)	6a,6b	7
ragtagAUZE-A-5_ColChr1to5_Chr1to5::Atha_Chr3.17843167-17853752_P_Athila	ragtagAUZE-A-5_ColChr1to5_Chr1to5	Chr3	17843167	17853752	2	6b(31)>6a(508)	6a,6b	7
ragtagAUZE-A-5_ColChr1to5_Chr1to5::Atha_Chr3.17904299-17915695_P_Athila	ragtagAUZE-A-5_ColChr1to5_Chr1to5	Chr3	17904299	17915695	2	6b(31)>6a(508)	6a,6b	7
ragtagAUZE-A-5_ColChr1to5_Chr1to5::Atha_Chr3.18440547-18451645_D_Athila	ragtagAUZE-A-5_ColChr1to5_Chr1to5	Chr3	18440547	18451645	2	6b(31)>6a(423)	6a,6b	7
ragtagAUZE-A-5_ColChr1to5_Chr1to5::Atha_Chr3.18504381-18515816_D_Athila	ragtagAUZE-A-5_ColChr1to5_Chr1to5	Chr3	18504381	18515816	2	6b(31)>6a(88)	6a,6b	7
ragtagAUZE-A-5_ColChr1to5_Chr1to5::Atha_Chr3.18614718-18623836_D_Athila	ragtagAUZE-A-5_ColChr1to5_Chr1to5	Chr3	18614718	18623836	2	1(14)>6(71)	1,6	5
ragtagAUZE-A-5_ColChr1to5_Chr1to5::Atha_Chr4.7533131-7541124_D_Athila	ragtagAUZE-A-5_ColChr1to5_Chr1to5	Chr4	7533131	7541124	2	2(237)>6b(20)	2,6b	0
ragtagAlo-0_ColChr1to5_Chr1to5::Atha_Chr3.13399006-13412760_D_Athila	ragtagAlo-0_ColChr1to5_Chr1to5	Chr3	13399006	13412760	2	2(455)>1(964)	1,2	0
ragtagAlo-0_ColChr1to5_Chr1to5::Atha_Chr3.16281576-16290646_D_Athila	ragtagAlo-0_ColChr1to5_Chr1to5	Chr3	16281576	16290646	2	1(17)>6(62)	1,6	5
ragtagAlo-19_ColChr1to5_Chr1to5::Atha_Chr3.17977670-17986682_D_Athila	ragtagAlo-19_ColChr1to5_Chr1to5	Chr3	17977670	17986682	2	1(17)>6(44)	1,6	5
ragtagAlo-19_ColChr1to5_Chr1to5::Atha_Chr4.9157877-9165919_D_Athila	ragtagAlo-19_ColChr1to5_Chr1to5	Chr4	9157877	9165919	2	2(291)>6b(51)	2,6b	0
ragtagBANI-C-12_ColChr1to5_Chr1to5::Atha_Chr1.18286257-18295100_P_Athila	ragtagBANI-C-12_ColChr1to5_Chr1to5	Chr1	18286257	18295100	2	1(17)>6(45)	1,6	5
ragtagBANI-C-12_ColChr1to5_Chr1to5::Atha_Chr2.7223965-7235353_D_Athila	ragtagBANI-C-12_ColChr1to5_Chr1to5	Chr2	7223965	7235353	2	6b(31)>6a(474)	6a,6b	7
ragtagBANI-C-12_ColChr1to5_Chr1to5::Atha_Chr3.18071314-18079666_D_Athila	ragtagBANI-C-12_ColChr1to5_Chr1to5	Chr3	18071314	18079666	2	2(35)>4c(29)	2,4c	0
ragtagBANI-C-12_ColChr1to5_Chr1to5::Atha_Chr4.15356560-15368130_D_Athila	ragtagBANI-C-12_ColChr1to5_Chr1to5	Chr4	15356560	15368130	2	6a(62)>6b(3634)	6a,6b	0
ragtagBANI-C-12_ColChr1to5_Chr1to5::Atha_Chr4.8509799-8517793_P_Athila	ragtagBANI-C-12_ColChr1to5_Chr1to5	Chr4	8509799	8517793	2	2(237)>6b(20)	2,6b	0
ragtagBANI-C-1_ColChr1to5_Chr1to5::Atha_Chr3.13078777-13090033_P_Athila	ragtagBANI-C-1_ColChr1to5_Chr1to5	Chr3	13078777	13090033	2	6b(31)>6a(507)	6a,6b	7
ragtagBANI-C-1_ColChr1to5_Chr1to5::Atha_Chr3.13200671-13211915_P_Athila	ragtagBANI-C-1_ColChr1to5_Chr1to5	Chr3	13200671	13211915	2	6b(31)>6a(551)	6a,6b	7
ragtagBANI-C-1_ColChr1to5_Chr1to5::Atha_Chr3.17356080-17365045_D_Athila	ragtagBANI-C-1_ColChr1to5_Chr1to5	Chr3	17356080	17365045	2	1(17)>6(47)	1,6	5
ragtagBARA-C-3_ColChr1to5_Chr1to5::Atha_Chr1.19594286-19605703_P_Athila	ragtagBARA-C-3_ColChr1to5_Chr1to5	Chr1	19594286	19605703	2	6b(31)>6a(465)	6a,6b	7
ragtagBARA-C-3_ColChr1to5_Chr1to5::Atha_Chr4.7148914-7156908_D_Athila	ragtagBARA-C-3_ColChr1to5_Chr1to5	Chr4	7148914	7156908	2	2(237)>6b(20)	2,6b	0
ragtagBARA-C-5_ColChr1to5_Chr1to5::Atha_Chr3.19291531-19302940_D_Athila	ragtagBARA-C-5_ColChr1to5_Chr1to5	Chr3	19291531	19302940	2	6b(31)>6a(500)	6a,6b	7
ragtagBARA-C-5_ColChr1to5_Chr1to5::Atha_Chr5.14058742-14070040_D_Athila	ragtagBARA-C-5_ColChr1to5_Chr1to5	Chr5	14058742	14070040	2	6b(31)>6a(616)	6a,6b	7
ragtagBARA-C-5_ColChr1to5_Chr1to5::Atha_Chr5.16697873-16709302_D_Athila	ragtagBARA-C-5_ColChr1to5_Chr1to5	Chr5	16697873	16709302	2	6b(23)>6a(519)	6a,6b	6
ragtagBARA-C-5_ColChr1to5_Chr1to5::Atha_Chr5.16707496-16718922_D_Athila	ragtagBARA-C-5_ColChr1to5_Chr1to5	Chr5	16707496	16718922	2	6b(31)>6a(489)	6a,6b	7
ragtagBARC-A-12_ColChr1to5_Chr1to5::Atha_Chr2.6731229-6742618_P_Athila	ragtagBARC-A-12_ColChr1to5_Chr1to5	Chr2	6731229	6742618	2	6b(31)>6a(516)	6a,6b	7
ragtagBARC-A-12_ColChr1to5_Chr1to5::Atha_Chr3.16166151-16175039_D_Athila	ragtagBARC-A-12_ColChr1to5_Chr1to5	Chr3	16166151	16175039	2	1(17)>6(71)	1,6	5
ragtagBARC-A-12_ColChr1to5_Chr1to5::Atha_Chr3.16432067-16440459_D_Athila	ragtagBARC-A-12_ColChr1to5_Chr1to5	Chr3	16432067	16440459	2	2(17)>4c(32)	2,4c	0
ragtagBARC-A-12_ColChr1to5_Chr1to5::Atha_Chr4.9347366-9355357_D_Athila	ragtagBARC-A-12_ColChr1to5_Chr1to5	Chr4	9347366	9355357	2	2(14)>6b(39)	2,6b	0
ragtagBARC-A-17_ColChr1to5_Chr1to5::Atha_Chr2.7763119-7774444_P_Athila	ragtagBARC-A-17_ColChr1to5_Chr1to5	Chr2	7763119	7774444	2	6b(31)>6a(516)	6a,6b	7
ragtagBARC-A-17_ColChr1to5_Chr1to5::Atha_Chr2.8838609-8849999_D_Athila	ragtagBARC-A-17_ColChr1to5_Chr1to5	Chr2	8838609	8849999	2	6b(31)>6a(641)	6a,6b	7
ragtagBARC-A-17_ColChr1to5_Chr1to5::Atha_Chr3.16163571-16172459_D_Athila	ragtagBARC-A-17_ColChr1to5_Chr1to5	Chr3	16163571	16172459	2	1(17)>6(71)	1,6	5
ragtagBARC-A-17_ColChr1to5_Chr1to5::Atha_Chr3.16429489-16437881_D_Athila	ragtagBARC-A-17_ColChr1to5_Chr1to5	Chr3	16429489	16437881	2	2(17)>4c(32)	2,4c	0
ragtagBARC-A-17_ColChr1to5_Chr1to5::Atha_Chr4.9380767-9388758_D_Athila	ragtagBARC-A-17_ColChr1to5_Chr1to5	Chr4	9380767	9388758	2	2(14)>6b(39)	2,6b	0
ragtagBELC-C-10_ColChr1to5_Chr1to5::Atha_Chr1.13964317-13975738_D_Athila	ragtagBELC-C-10_ColChr1to5_Chr1to5	Chr1	13964317	13975738	2	6b(31)>6a(630)	6a,6b	7
ragtagBELC-C-10_ColChr1to5_Chr1to5::Atha_Chr3.13237333-13251100_D_Athila	ragtagBELC-C-10_ColChr1to5_Chr1to5	Chr3	13237333	13251100	2	2(456)>1(966)	1,2	0
ragtagBELC-C-10_ColChr1to5_Chr1to5::Atha_Chr3.16741016-16750085_D_Athila	ragtagBELC-C-10_ColChr1to5_Chr1to5	Chr3	16741016	16750085	2	1(17)>6(71)	1,6	5
ragtagBELC-C-10_ColChr1to5_Chr1to5::Atha_Chr4.10008788-10016736_D_Athila	ragtagBELC-C-10_ColChr1to5_Chr1to5	Chr4	10008788	10016736	2	2(228)>6b(51)	2,6b	0
ragtagBELC-C-10_ColChr1to5_Chr1to5::Atha_Chr4.3478925-3490263_D_Athila	ragtagBELC-C-10_ColChr1to5_Chr1to5	Chr4	3478925	3490263	2	6b(31)>6a(559)	6a,6b	7
ragtagBROU-A-10_ColChr1to5_Chr1to5::Atha_Chr3.17003253-17012277_D_Athila	ragtagBROU-A-10_ColChr1to5_Chr1to5	Chr3	17003253	17012277	2	1(17)>6(47)	1,6	5
ragtagBROU-A-10_ColChr1to5_Chr1to5::Atha_Chr4.7208396-7216390_P_Athila	ragtagBROU-A-10_ColChr1to5_Chr1to5	Chr4	7208396	7216390	2	2(237)>6b(20)	2,6b	0
ragtagCAMA-C-2_ColChr1to5_Chr1to5::Atha_Chr3.17560455-17568791_D_Athila	ragtagCAMA-C-2_ColChr1to5_Chr1to5	Chr3	17560455	17568791	2	2(37)>4c(16)	2,4c	0
ragtagCAMA-C-2_ColChr1to5_Chr1to5::Atha_Chr4.9267415-9275365_P_Athila	ragtagCAMA-C-2_ColChr1to5_Chr1to5	Chr4	9267415	9275365	2	2(211)>6b(27)	2,6b	0
ragtagCAMA-C-9_ColChr1to5_Chr1to5::Atha_Chr3.17564115-17572451_D_Athila	ragtagCAMA-C-9_ColChr1to5_Chr1to5	Chr3	17564115	17572451	2	2(37)>4c(16)	2,4c	0
ragtagCAMA-C-9_ColChr1to5_Chr1to5::Atha_Chr4.9214807-9222757_P_Athila	ragtagCAMA-C-9_ColChr1to5_Chr1to5	Chr4	9214807	9222757	2	2(211)>6b(27)	2,6b	0
ragtagCas-0_ColChr1to5_Chr1to5::Atha_Chr3.18933957-18942944_D_Athila	ragtagCas-0_ColChr1to5_Chr1to5	Chr3	18933957	18942944	2	1(17)>6(42)	1,6	4
ragtagCas-0_ColChr1to5_Chr1to5::Atha_Chr3.19208025-19216386_D_Athila	ragtagCas-0_ColChr1to5_Chr1to5	Chr3	19208025	19216386	2	2(36)>4c(32)	2,4c	1
ragtagCas-0_ColChr1to5_Chr1to5::Atha_Chr4.8347855-8355849_P_Athila	ragtagCas-0_ColChr1to5_Chr1to5	Chr4	8347855	8355849	2	2(237)>6b(20)	2,6b	0
ragtagCas-0_ColChr1to5_Chr1to5::Atha_Chr5.12781061-12792470_D_Athila	ragtagCas-0_ColChr1to5_Chr1to5	Chr5	12781061	12792470	2	6b(31)>6a(507)	6a,6b	7
ragtagCas-6_ColChr1to5_Chr1to5::Atha_Chr3.18098240-18106602_D_Athila	ragtagCas-6_ColChr1to5_Chr1to5	Chr3	18098240	18106602	2	2(45)>4c(32)	2,4c	0
ragtagCat-0_ColChr1to5_Chr1to5::Atha_Chr3.17837887-17846250_D_Athila	ragtagCat-0_ColChr1to5_Chr1to5	Chr3	17837887	17846250	2	2(45)>4c(32)	2,4c	0
ragtagCol-0_ColChr1to5_Chr1to5::Atha_Chr1.14327742-14340322_D_Athila	ragtagCol-0_ColChr1to5_Chr1to5	Chr1	14327742	14340322	2	2(234)>4c(21)	2,4c	0
ragtagCol-0_ColChr1to5_Chr1to5::Atha_Chr1.17648454-17657234_D_Athila	ragtagCol-0_ColChr1to5_Chr1to5	Chr1	17648454	17657234	3	6(11)>1(21)>6(60)	1,6	0;1
ragtagCol-0_ColChr1to5_Chr1to5::Atha_Chr2.6157229-6168545_D_Athila	ragtagCol-0_ColChr1to5_Chr1to5	Chr2	6157229	6168545	2	6b(31)>6a(603)	6a,6b	7
ragtagCol-0_ColChr1to5_Chr1to5::Atha_Chr2.6647888-6659221_P_Athila	ragtagCol-0_ColChr1to5_Chr1to5	Chr2	6647888	6659221	2	6b(31)>6a(594)	6a,6b	7
ragtagCol-0_ColChr1to5_Chr1to5::Atha_Chr5.14740492-14751896_P_Athila	ragtagCol-0_ColChr1to5_Chr1to5	Chr5	14740492	14751896	2	6b(19)>6a(559)	6a,6b	7
ragtagCol-0_ColChr1to5_Chr1to5::Atha_Chr5.14910047-14921475_D_Athila	ragtagCol-0_ColChr1to5_Chr1to5	Chr5	14910047	14921475	2	6b(23)>6a(482)	6a,6b	6
ragtagCol-0_ColChr1to5_Chr1to5::Atha_Chr5.14919669-14931098_D_Athila	ragtagCol-0_ColChr1to5_Chr1to5	Chr5	14919669	14931098	2	6b(31)>6a(520)	6a,6b	7
ragtagCol-0_ColChr1to5_Chr1to5::Atha_Chr5.15026269-15037672_D_Athila	ragtagCol-0_ColChr1to5_Chr1to5	Chr5	15026269	15037672	2	6a(12)>6b(778)	6a,6b	4
ragtagCvi-0_ColChr1to5_Chr1to5::Atha_Chr1.19790500-19801648_P_Athila	ragtagCvi-0_ColChr1to5_Chr1to5	Chr1	19790500	19801648	2	6(8)>6b(55)	6,6b	0
ragtagCvi-0_ColChr1to5_Chr1to5::Atha_Chr4.10121096-10129089_D_Athila	ragtagCvi-0_ColChr1to5_Chr1to5	Chr4	10121096	10129089	2	2(228)>6b(54)	2,6b	0
ragtagCvi-0_ColChr1to5_Chr1to5::Atha_Chr4.8870125-8881122_D_Athila	ragtagCvi-0_ColChr1to5_Chr1to5	Chr4	8870125	8881122	3	4c(17)>1(12)>4c(15)	1,4c	3;16
ragtagERR8705874_ColChr1to5_Chr1to5::Atha_Chr1.19187330-19196070_D_Athila	ragtagERR8705874_ColChr1to5_Chr1to5	Chr1	19187330	19196070	2	1(45)>6(13)	1,6	2
ragtagERR8705874_ColChr1to5_Chr1to5::Atha_Chr2.6054881-6066868_P_Athila	ragtagERR8705874_ColChr1to5_Chr1to5	Chr2	6054881	6066868	2	2(87)>6a(147)	2,6a	0
ragtagERR8705874_ColChr1to5_Chr1to5::Atha_Chr3.13261595-13275372_D_Athila	ragtagERR8705874_ColChr1to5_Chr1to5	Chr3	13261595	13275372	2	2(445)>1(943)	1,2	0
ragtagERR8705874_ColChr1to5_Chr1to5::Atha_Chr3.18161533-18170599_D_Athila	ragtagERR8705874_ColChr1to5_Chr1to5	Chr3	18161533	18170599	2	1(17)>6(71)	1,6	5
ragtagERR8705874_ColChr1to5_Chr1to5::Atha_Chr3.18428854-18437687_D_Athila	ragtagERR8705874_ColChr1to5_Chr1to5	Chr3	18428854	18437687	2	2(102)>4c(32)	2,4c	0
ragtagERR8705874_ColChr1to5_Chr1to5::Atha_Chr5.13258546-13269844_D_Athila	ragtagERR8705874_ColChr1to5_Chr1to5	Chr5	13258546	13269844	2	6b(31)>6a(616)	6a,6b	7
ragtagERR8705874_ColChr1to5_Chr1to5::Atha_Chr5.15892162-15903592_D_Athila	ragtagERR8705874_ColChr1to5_Chr1to5	Chr5	15892162	15903592	2	6b(23)>6a(488)	6a,6b	6
ragtagERR8705874_ColChr1to5_Chr1to5::Atha_Chr5.15901786-15913214_D_Athila	ragtagERR8705874_ColChr1to5_Chr1to5	Chr5	15901786	15913214	2	6b(11)>6a(468)	6a,6b	7
ragtagEvs-0_ColChr1to5_Chr1to5::Atha_Chr1.18965544-18974330_D_Athila	ragtagEvs-0_ColChr1to5_Chr1to5	Chr1	18965544	18974330	2	1(45)>6(13)	1,6	2
ragtagEvs-0_ColChr1to5_Chr1to5::Atha_Chr3.17458399-17467377_D_Athila	ragtagEvs-0_ColChr1to5_Chr1to5	Chr3	17458399	17467377	2	1(17)>6(42)	1,6	4
ragtagEvs-0_ColChr1to5_Chr1to5::Atha_Chr4.9225668-9233661_P_Athila	ragtagEvs-0_ColChr1to5_Chr1to5	Chr4	9225668	9233661	2	2(219)>6b(27)	2,6b	0
ragtagEvs-12_ColChr1to5_Chr1to5::Atha_Chr2.7683394-7692103_P_Athila	ragtagEvs-12_ColChr1to5_Chr1to5	Chr2	7683394	7692103	2	1(75)>6(15)	1,6	0
ragtagEvs-12_ColChr1to5_Chr1to5::Atha_Chr3.16331346-16340363_D_Athila	ragtagEvs-12_ColChr1to5_Chr1to5	Chr3	16331346	16340363	2	1(17)>6(71)	1,6	5
ragtagEvs-12_ColChr1to5_Chr1to5::Atha_Chr3.16599339-16606083_D_Athila	ragtagEvs-12_ColChr1to5_Chr1to5	Chr3	16599339	16606083	2	2(17)>4c(28)	2,4c	1
ragtagEvs-12_ColChr1to5_Chr1to5::Atha_Chr4.8986431-8994424_P_Athila	ragtagEvs-12_ColChr1to5_Chr1to5	Chr4	8986431	8994424	2	2(219)>6b(27)	2,6b	0
ragtagFERR-A-12_ColChr1to5_Chr1to5::Atha_Chr1.14236081-14247502_D_Athila	ragtagFERR-A-12_ColChr1to5_Chr1to5	Chr1	14236081	14247502	2	6b(31)>6a(630)	6a,6b	7
ragtagFERR-A-12_ColChr1to5_Chr1to5::Atha_Chr3.17418396-17427284_D_Athila	ragtagFERR-A-12_ColChr1to5_Chr1to5	Chr3	17418396	17427284	2	1(17)>6(71)	1,6	5
ragtagFERR-A-12_ColChr1to5_Chr1to5::Atha_Chr3.17676692-17685084_D_Athila	ragtagFERR-A-12_ColChr1to5_Chr1to5	Chr3	17676692	17685084	2	2(17)>4c(32)	2,4c	0
ragtagFERR-A-8_ColChr1to5_Chr1to5::Atha_Chr1.18349162-18357936_D_Athila	ragtagFERR-A-8_ColChr1to5_Chr1to5	Chr1	18349162	18357936	2	1(43)>6(13)	1,6	2
ragtagFERR-A-8_ColChr1to5_Chr1to5::Atha_Chr3.17407717-17416580_D_Athila	ragtagFERR-A-8_ColChr1to5_Chr1to5	Chr3	17407717	17416580	2	1(17)>6(71)	1,6	5
ragtagFERR-A-8_ColChr1to5_Chr1to5::Atha_Chr3.17665472-17673853_D_Athila	ragtagFERR-A-8_ColChr1to5_Chr1to5	Chr3	17665472	17673853	2	2(17)>4c(32)	2,4c	0
ragtagFERR-A-8_ColChr1to5_Chr1to5::Atha_Chr3.18341998-18353408_D_Athila	ragtagFERR-A-8_ColChr1to5_Chr1to5	Chr3	18341998	18353408	2	6b(31)>6a(500)	6a,6b	7
ragtagGAIL-B-11_ColChr1to5_Chr1to5::Atha_Chr1.14167878-14179299_D_Athila	ragtagGAIL-B-11_ColChr1to5_Chr1to5	Chr1	14167878	14179299	2	6b(31)>6a(630)	6a,6b	7
ragtagGAIL-B-11_ColChr1to5_Chr1to5::Atha_Chr3.13512941-13526708_D_Athila	ragtagGAIL-B-11_ColChr1to5_Chr1to5	Chr3	13512941	13526708	2	2(456)>1(960)	1,2	0
ragtagGAIL-B-11_ColChr1to5_Chr1to5::Atha_Chr3.17291168-17300237_D_Athila	ragtagGAIL-B-11_ColChr1to5_Chr1to5	Chr3	17291168	17300237	2	1(17)>6(71)	1,6	5
ragtagHom-0_ColChr1to5_Chr1to5::Atha_Chr1.22111321-22118577_D_Athila	ragtagHom-0_ColChr1to5_Chr1to5	Chr1	22111321	22118577	3	7a(96)>7(21)>7a(598)	7,7a	0;2
ragtagHom-0_ColChr1to5_Chr1to5::Atha_Chr3.13186369-13197043_P_Athila	ragtagHom-0_ColChr1to5_Chr1to5	Chr3	13186369	13197043	2	6a(127)>6(71)	6,6a	0
ragtagHom-0_ColChr1to5_Chr1to5::Atha_Chr3.16527245-16538560_D_Athila	ragtagHom-0_ColChr1to5_Chr1to5	Chr3	16527245	16538560	2	6b(31)>6a(750)	6a,6b	7
ragtagHom-0_ColChr1to5_Chr1to5::Atha_Chr3.17203175-17213948_D_Athila	ragtagHom-0_ColChr1to5_Chr1to5	Chr3	17203175	17213948	3	6a(10)>2(8)>6a(33)	2,6a	14;20
ragtagHom-0_ColChr1to5_Chr1to5::Atha_Chr3.17321185-17335568_D_Athila	ragtagHom-0_ColChr1to5_Chr1to5	Chr3	17321185	17335568	2	2(126)>1(1015)	1,2	0
ragtagHom-0_ColChr1to5_Chr1to5::Atha_Chr3.19133772-19142173_D_Athila	ragtagHom-0_ColChr1to5_Chr1to5	Chr3	19133772	19142173	2	2(130)>4c(32)	2,4c	1
ragtagHom-4_ColChr1to5_Chr1to5::Atha_Chr1.19947006-19955720_D_Athila	ragtagHom-4_ColChr1to5_Chr1to5	Chr1	19947006	19955720	2	1(45)>6(13)	1,6	2
ragtagHom-4_ColChr1to5_Chr1to5::Atha_Chr2.5152068-5163402_P_Athila	ragtagHom-4_ColChr1to5_Chr1to5	Chr2	5152068	5163402	2	6b(31)>6a(630)	6a,6b	7
ragtagHom-4_ColChr1to5_Chr1to5::Atha_Chr3.17991613-17999885_D_Athila	ragtagHom-4_ColChr1to5_Chr1to5	Chr3	17991613	17999885	2	2(88)>4c(32)	2,4c	0
ragtagHom-4_ColChr1to5_Chr1to5::Atha_Chr3.18698884-18710294_D_Athila	ragtagHom-4_ColChr1to5_Chr1to5	Chr3	18698884	18710294	2	6b(31)>6a(500)	6a,6b	7
ragtagHum-2_ColChr1to5_Chr1to5::Atha_Chr3.18397278-18406294_D_Athila	ragtagHum-2_ColChr1to5_Chr1to5	Chr3	18397278	18406294	2	1(17)>6(42)	1,6	4
ragtagHum-2_ColChr1to5_Chr1to5::Atha_Chr3.18665765-18674116_D_Athila	ragtagHum-2_ColChr1to5_Chr1to5	Chr3	18665765	18674116	2	2(35)>4c(30)	2,4c	0
ragtagHum-2_ColChr1to5_Chr1to5::Atha_Chr4.10791131-10799047_D_Athila	ragtagHum-2_ColChr1to5_Chr1to5	Chr4	10791131	10799047	2	2(210)>6b(54)	2,6b	2
ragtagHum-4_ColChr1to5_Chr1to5::Atha_Chr2.6887515-6898904_P_Athila	ragtagHum-4_ColChr1to5_Chr1to5	Chr2	6887515	6898904	2	6b(31)>6a(516)	6a,6b	7
ragtagHum-4_ColChr1to5_Chr1to5::Atha_Chr3.13473243-13481907_D_Athila	ragtagHum-4_ColChr1to5_Chr1to5	Chr3	13473243	13481907	2	6b(8)>6a(667)	6a,6b	7
ragtagHum-4_ColChr1to5_Chr1to5::Atha_Chr3.16430501-16439389_D_Athila	ragtagHum-4_ColChr1to5_Chr1to5	Chr3	16430501	16439389	2	1(17)>6(71)	1,6	5
ragtagHum-4_ColChr1to5_Chr1to5::Atha_Chr3.16689894-16698275_D_Athila	ragtagHum-4_ColChr1to5_Chr1to5	Chr3	16689894	16698275	2	2(17)>4c(32)	2,4c	0
ragtagHum-4_ColChr1to5_Chr1to5::Atha_Chr5.13917096-13928502_D_Athila	ragtagHum-4_ColChr1to5_Chr1to5	Chr5	13917096	13928502	2	6b(31)>6a(456)	6a,6b	7
ragtagLACR-C-14_ColChr1to5_Chr1to5::Atha_Chr3.13113794-13127559_D_Athila	ragtagLACR-C-14_ColChr1to5_Chr1to5	Chr3	13113794	13127559	2	2(456)>1(974)	1,2	0
ragtagLACR-C-14_ColChr1to5_Chr1to5::Atha_Chr3.18062870-18071939_D_Athila	ragtagLACR-C-14_ColChr1to5_Chr1to5	Chr3	18062870	18071939	2	1(17)>6(71)	1,6	5
ragtagLACR-C-14_ColChr1to5_Chr1to5::Atha_Chr4.7307265-7315259_D_Athila	ragtagLACR-C-14_ColChr1to5_Chr1to5	Chr4	7307265	7315259	2	2(237)>6b(20)	2,6b	0
ragtagMERE-A-13_ColChr1to5_Chr1to5::Atha_Chr1.19940055-19951473_P_Athila	ragtagMERE-A-13_ColChr1to5_Chr1to5	Chr1	19940055	19951473	2	6b(31)>6a(465)	6a,6b	7
ragtagMERE-A-13_ColChr1to5_Chr1to5::Atha_Chr3.18116398-18124750_D_Athila	ragtagMERE-A-13_ColChr1to5_Chr1to5	Chr3	18116398	18124750	2	2(35)>4c(29)	2,4c	0
ragtagMONTM-B-16_ColChr1to5_Chr1to5::Atha_Chr1.18244897-18256254_P_Athila	ragtagMONTM-B-16_ColChr1to5_Chr1to5	Chr1	18244897	18256254	2	6b(31)>6a(630)	6a,6b	7
ragtagMONTM-B-16_ColChr1to5_Chr1to5::Atha_Chr1.19530021-19541446_D_Athila	ragtagMONTM-B-16_ColChr1to5_Chr1to5	Chr1	19530021	19541446	2	6b(31)>6a(577)	6a,6b	7
ragtagMONTM-B-16_ColChr1to5_Chr1to5::Atha_Chr1.20665974-20674762_D_Athila	ragtagMONTM-B-16_ColChr1to5_Chr1to5	Chr1	20665974	20674762	2	1(45)>6(13)	1,6	2
ragtagMONTM-B-7_ColChr1to5_Chr1to5::Atha_Chr1.14371764-14382080_D_Athila	ragtagMONTM-B-7_ColChr1to5_Chr1to5	Chr1	14371764	14382080	2	6b(31)>6a(606)	6a,6b	7
ragtagMONTM-B-7_ColChr1to5_Chr1to5::Atha_Chr1.16402599-16414137_D_Athila	ragtagMONTM-B-7_ColChr1to5_Chr1to5	Chr1	16402599	16414137	2	6b(31)>6a(565)	6a,6b	7
ragtagMONTM-B-7_ColChr1to5_Chr1to5::Atha_Chr3.16298054-16308914_D_Athila	ragtagMONTM-B-7_ColChr1to5_Chr1to5	Chr3	16298054	16308914	3	6a(10)>2(8)>6a(33)	2,6a	15;20
ragtagMONTM-B-7_ColChr1to5_Chr1to5::Atha_Chr3.18425639-18436977_D_Athila	ragtagMONTM-B-7_ColChr1to5_Chr1to5	Chr3	18425639	18436977	2	6b(31)>6a(368)	6a,6b	7
ragtagMONTM-B-7_ColChr1to5_Chr1to5::Atha_Chr3.18854666-18866143_D_Athila	ragtagMONTM-B-7_ColChr1to5_Chr1to5	Chr3	18854666	18866143	2	6b(31)>6a(527)	6a,6b	7
ragtagMONTM-B-7_ColChr1to5_Chr1to5::Atha_Chr5.14826332-14837661_P_Athila	ragtagMONTM-B-7_ColChr1to5_Chr1to5	Chr5	14826332	14837661	2	6b(31)>6a(558)	6a,6b	7
ragtagMONTM-B-7_ColChr1to5_Chr1to5::Atha_Chr5.15328561-15339987_D_Athila	ragtagMONTM-B-7_ColChr1to5_Chr1to5	Chr5	15328561	15339987	2	6a(12)>6b(810)	6a,6b	4
ragtagMdc-14_ColChr1to5_Chr1to5::Atha_Chr3.18669850-18678866_D_Athila	ragtagMdc-14_ColChr1to5_Chr1to5	Chr3	18669850	18678866	2	1(17)>6(42)	1,6	4
ragtagMdc-14_ColChr1to5_Chr1to5::Atha_Chr3.18940581-18948943_D_Athila	ragtagMdc-14_ColChr1to5_Chr1to5	Chr3	18940581	18948943	2	2(35)>4c(29)	2,4c	0
ragtagMdc-14_ColChr1to5_Chr1to5::Atha_Chr4.9212033-9220021_D_Athila	ragtagMdc-14_ColChr1to5_Chr1to5	Chr4	9212033	9220021	2	2(14)>6b(39)	2,6b	0
ragtagMdc-14_ColChr1to5_Chr1to5::Atha_Chr5.12722655-12734062_D_Athila	ragtagMdc-14_ColChr1to5_Chr1to5	Chr5	12722655	12734062	2	6b(31)>6a(507)	6a,6b	7
ragtagMed-0_ColChr1to5_Chr1to5::Atha_Chr3.17915306-17923637_D_Athila	ragtagMed-0_ColChr1to5_Chr1to5	Chr3	17915306	17923637	2	2(45)>4c(32)	2,4c	0
ragtagMed-0_ColChr1to5_Chr1to5::Atha_Chr4.8864452-8872371_D_Athila	ragtagMed-0_ColChr1to5_Chr1to5	Chr4	8864452	8872371	2	2(254)>6b(54)	2,6b	0
ragtagMed-3_ColChr1to5_Chr1to5::Atha_Chr2.5165457-5176727_P_Athila	ragtagMed-3_ColChr1to5_Chr1to5	Chr2	5165457	5176727	2	6b(31)>6a(630)	6a,6b	7
ragtagMed-3_ColChr1to5_Chr1to5::Atha_Chr3.15781181-15791448_D_Athila	ragtagMed-3_ColChr1to5_Chr1to5	Chr3	15781181	15791448	3	6a(69)>2(8)>6a(33)	2,6a	14;20
ragtagMed-3_ColChr1to5_Chr1to5::Atha_Chr3.17227124-17236140_D_Athila	ragtagMed-3_ColChr1to5_Chr1to5	Chr3	17227124	17236140	2	1(17)>6(44)	1,6	5
ragtagMet-6_ColChr1to5_Chr1to5::Atha_Chr3.18038631-18046967_D_Athila	ragtagMet-6_ColChr1to5_Chr1to5	Chr3	18038631	18046967	2	2(37)>4c(16)	2,4c	0
ragtagMos-5_ColChr1to5_Chr1to5::Atha_Chr3.15514519-15524786_D_Athila	ragtagMos-5_ColChr1to5_Chr1to5	Chr3	15514519	15524786	3	6a(69)>2(8)>6a(33)	2,6a	14;20
ragtagMos-5_ColChr1to5_Chr1to5::Atha_Chr3.16960633-16969648_D_Athila	ragtagMos-5_ColChr1to5_Chr1to5	Chr3	16960633	16969648	2	1(17)>6(51)	1,6	5
ragtagMos-9_ColChr1to5_Chr1to5::Atha_Chr3.17962583-17971588_D_Athila	ragtagMos-9_ColChr1to5_Chr1to5	Chr3	17962583	17971588	2	1(17)>6(42)	1,6	4
ragtagMos-9_ColChr1to5_Chr1to5::Atha_Chr4.9781497-9788714_D_Athila	ragtagMos-9_ColChr1to5_Chr1to5	Chr4	9781497	9788714	2	2(251)>6b(44)	2,6b	0
ragtagMr-0_ColChr1to5ragtag_Chr1to5::Atha_Chr3.15211104-15221975_D_Athila	ragtagMr-0_ColChr1to5ragtag_Chr1to5	Chr3	15211104	15221975	3	6a(64)>2(8)>6a(33)	2,6a	14;20
ragtagMr-0_ColChr1to5ragtag_Chr1to5::Atha_Chr3.16807700-16816759_D_Athila	ragtagMr-0_ColChr1to5ragtag_Chr1to5	Chr3	16807700	16816759	2	1(17)>6(71)	1,6	5
ragtagMr-0_ColChr1to5ragtag_Chr1to5::Atha_Chr3.17058671-17067009_D_Athila	ragtagMr-0_ColChr1to5ragtag_Chr1to5	Chr3	17058671	17067009	2	2(74)>4c(27)	2,4c	0
ragtagMr-0_ColChr1to5ragtag_Chr1to5::Atha_Chr4.8143267-8151297_D_Athila	ragtagMr-0_ColChr1to5ragtag_Chr1to5	Chr4	8143267	8151297	2	2(26)>6b(54)	2,6b	0
ragtagMr-0_ColChr1to5ragtag_Chr1to5::Atha_Chr4.8292674-8300704_D_Athila	ragtagMr-0_ColChr1to5ragtag_Chr1to5	Chr4	8292674	8300704	2	2(26)>6b(54)	2,6b	0
ragtagMr-0_ColChr1to5ragtag_Chr1to5::Atha_Chr5.12981796-12995820_P_Athila	ragtagMr-0_ColChr1to5ragtag_Chr1to5	Chr5	12981796	12995820	3	2(458)>6b(8)>2(10)	2,6b	0;21
ragtagMr-0_ColChr1to5ragtag_Chr1to5::Atha_Chr5.18566776-18580233_P_Athila	ragtagMr-0_ColChr1to5ragtag_Chr1to5	Chr5	18566776	18580233	2	1(25)>6(11)	1,6	0
ragtagPREI-A-14_ColChr1to5_Chr1to5::Atha_Chr1.14314519-14324771_D_Athila	ragtagPREI-A-14_ColChr1to5_Chr1to5	Chr1	14314519	14324771	2	6b(31)>6a(606)	6a,6b	7
ragtagPREI-A-14_ColChr1to5_Chr1to5::Atha_Chr1.16516537-16528029_D_Athila	ragtagPREI-A-14_ColChr1to5_Chr1to5	Chr1	16516537	16528029	2	6b(31)>6a(575)	6a,6b	7
ragtagPREI-A-14_ColChr1to5_Chr1to5::Atha_Chr3.16916499-16925562_D_Athila	ragtagPREI-A-14_ColChr1to5_Chr1to5	Chr3	16916499	16925562	2	1(17)>6(148)	1,6	5
ragtagPREI-A-14_ColChr1to5_Chr1to5::Atha_Chr4.8136862-8144856_D_Athila	ragtagPREI-A-14_ColChr1to5_Chr1to5	Chr4	8136862	8144856	2	2(237)>6b(20)	2,6b	0
ragtagSALE-A-10_ColChr1to5_Chr1to5::Atha_Chr1.20057327-20066113_D_Athila	ragtagSALE-A-10_ColChr1to5_Chr1to5	Chr1	20057327	20066113	2	1(45)>6(13)	1,6	2
ragtagSALE-A-10_ColChr1to5_Chr1to5::Atha_Chr3.17669021-17677909_D_Athila	ragtagSALE-A-10_ColChr1to5_Chr1to5	Chr3	17669021	17677909	2	1(17)>6(71)	1,6	5
ragtagSALE-A-10_ColChr1to5_Chr1to5::Atha_Chr3.17927223-17935615_D_Athila	ragtagSALE-A-10_ColChr1to5_Chr1to5	Chr3	17927223	17935615	2	2(17)>4c(32)	2,4c	0
ragtagSALE-A-17_ColChr1to5_Chr1to5::Atha_Chr1.20095309-20104095_D_Athila	ragtagSALE-A-17_ColChr1to5_Chr1to5	Chr1	20095309	20104095	2	1(45)>6(13)	1,6	2
ragtagSALE-A-17_ColChr1to5_Chr1to5::Atha_Chr3.17737861-17746749_D_Athila	ragtagSALE-A-17_ColChr1to5_Chr1to5	Chr3	17737861	17746749	2	1(17)>6(71)	1,6	5
ragtagSALE-A-17_ColChr1to5_Chr1to5::Atha_Chr3.17996061-18004453_D_Athila	ragtagSALE-A-17_ColChr1to5_Chr1to5	Chr3	17996061	18004453	2	2(17)>4c(32)	2,4c	0
ragtagSan-9_ColChr1to5_Chr1to5::Atha_Chr1.14374739-14383504_D_Athila	ragtagSan-9_ColChr1to5_Chr1to5	Chr1	14374739	14383504	3	1(100)>6(10)>1(26)	1,6	0;9
ragtagSan-9_ColChr1to5_Chr1to5::Atha_Chr3.17010882-17019188_D_Athila	ragtagSan-9_ColChr1to5_Chr1to5	Chr3	17010882	17019188	2	2(45)>4c(32)	2,4c	0
ws-4.ragtag_Chr1to5::Atha_Chr1.14147592-14159863_D_Athila	ws-4.ragtag_Chr1to5	Chr1	14147592	14159863	2	2(230)>4c(21)	2,4c	0
ws-4.ragtag_Chr1to5::Atha_Chr2.7307314-7318885_P_Athila	ws-4.ragtag_Chr1to5	Chr2	7307314	7318885	2	6b(31)>6a(662)	6a,6b	7
ws-4.ragtag_Chr1to5::Atha_Chr3.17159108-17167994_D_Athila	ws-4.ragtag_Chr1to5	Chr3	17159108	17167994	2	1(17)>6(71)	1,6	5
ws-4.ragtag_Chr1to5::Atha_Chr3.17423380-17432241_D_Athila	ws-4.ragtag_Chr1to5	Chr3	17423380	17432241	2	2(95)>4c(32)	2,4c	0
ws-4.ragtag_Chr1to5::Atha_Chr4.8248112-8256149_P_Athila	ws-4.ragtag_Chr1to5	Chr4	8248112	8256149	2	2(219)>6b(27)	2,6b	1
ws-4.ragtag_Chr1to5::Atha_Chr5.13244534-13255936_D_Athila	ws-4.ragtag_Chr1to5	Chr5	13244534	13255936	2	6b(31)>6a(403)	6a,6b	7
ws-4.ragtag_Chr1to5::Atha_Chr5.16414623-16425975_P_Athila	ws-4.ragtag_Chr1to5	Chr5	16414623	16425975	2	6b(17)>6a(486)	6a,6b	7
ws-4.ragtag_Chr1to5::Atha_Chr5.16917604-16929008_D_Athila	ws-4.ragtag_Chr1to5	Chr5	16917604	16929008	2	6a(12)>6b(824)	6a,6b	4
