unit	pair	observed	exp_abundance	oe_abundance	q_enrich_abundance	q_deplete_abundance	exp_degree	oe_degree	q_enrich_degree	q_deplete_degree	p_enrich_abundance	p_deplete_abundance	p_enrich_degree	p_deplete_degree
elements	6a-6b	246	4.49	54.79	0.009095	1	107.8	2.281	0.009095	1	0.0004998	1	0.0004998	1
elements	1-6	141	7.651	18.43	0.009095	1	18.74	7.523	0.009095	1	0.0004998	1	0.0004998	1
elements	2-4c	101	12.56	8.043	0.009095	1	20.9	4.832	0.009095	1	0.0004998	1	0.0004998	1
elements	2-6a	65	48.3	1.346	0.1364	1	77.88	0.8346	1	0.1061	0.008996	0.9935	0.991	0.01399
elements	2-6b	57	23.06	2.472	0.009095	1	74.08	0.7694	1	0.02729	0.0004998	1	0.9985	0.002999
elements	1-2	16	121.7	0.1314	1	0.003248	32.87	0.4867	1	0.01011	1	0.0004998	1	0.0009995
elements	7-7a	13	0.0065	2000	0.009095	1	0.087	149.4	0.009095	1	0.0004998	1	0.0004998	1
elements	6-6a	6	2.957	2.029	0.9323	1	44.14	0.1359	1	0.005685	0.08196	0.9685	1	0.0004998
elements	1-4c	4	6.359	0.6291	1	0.6263	12.54	0.319	1	0.03721	0.8716	0.2409	1	0.004498
elements	6-6b	4	1.391	2.875	0.7016	1	42.07	0.09507	1	0.005685	0.05397	0.981	1	0.0004998
elements	2-3	3	41.35	0.07254	1	0.003248	0.916	3.275	0.6562	1	1	0.0004998	0.05047	0.993
elements	0-3	2	0.6345	3.152	1	1	0.0095	210.5	0.009095	1	0.1314	0.974	0.0004998	1
elements	0-4	1	0.857	1.167	1	1	0.003	333.3	0.05306	1	0.5872	0.7926	0.003498	1
elements	2-4	1	56.52	0.01769	1	0.003248	0.358	2.793	1	1	1	0.0004998	0.3233	0.965
elements	4c-9	1	0.331	3.021	1	1	0.0655	15.27	0.7504	1	0.2779	0.954	0.06597	1
elements	0-1	0	1.884	0	1	0.4342	0.3265	0	1	1	1	0.1479	1	0.7101
elements	0-2	0	3.89	0	1	0.09312	0.541	0	1	1	1	0.02149	1	0.5442
elements	0-4a	0	0	nan	1	1	0	nan	1	1	1	1	1	1
elements	0-4c	0	0.19	0	1	1	0.211	0	1	1	1	0.8266	1	0.8011
elements	0-5	0	0.979	0	1	0.8816	0	nan	1	1	1	0.3778	1	1
elements	0-6	0	0.2395	0	1	1	0.319	0	1	1	1	0.7861	1	0.7171
elements	0-6a	0	0.743	0	1	1	0.8105	0	1	1	1	0.4773	1	0.3808
elements	0-6b	0	0.3425	0	1	1	0.737	0	1	1	1	0.7051	1	0.4208
elements	0-7	0	0.006	0	1	1	0.017	0	1	1	1	0.994	1	0.983
elements	0-7a	0	0.0565	0	1	1	0.0235	0	1	1	1	0.9455	1	0.977
elements	0-9	0	0.0975	0	1	1	0.002	0	1	1	1	0.907	1	0.998
elements	1-3	0	20.71	0	1	0.003248	0.551	0	1	1	1	0.0004998	1	0.5587
elements	1-4	0	28.59	0	1	0.003248	0.221	0	1	1	1	0.0004998	1	0.7936
elements	1-4a	0	0.031	0	1	1	0	nan	1	1	1	0.9695	1	1
elements	1-5	0	31.37	0	1	0.003248	0	nan	1	1	1	0.0004998	1	1
elements	1-6a	0	24.25	0	1	0.003248	47.46	0	1	0.005685	1	0.0004998	1	0.0004998
elements	1-6b	0	11.41	0	1	0.003248	45.23	0	1	0.005685	1	0.0004998	1	0.0004998
elements	1-7	0	0.1675	0	1	1	1.456	0	1	0.9355	1	0.8426	1	0.2084
elements	1-7a	0	1.726	0	1	0.5415	1.491	0	1	0.9355	1	0.1904	1	0.1999
elements	1-9	0	3.102	0	1	0.1469	0.1075	0	1	1	1	0.04098	1	0.8926
elements	2-4a	0	0.062	0	1	1	0	nan	1	1	1	0.9385	1	1
elements	2-5	0	63.41	0	1	0.003248	0	nan	1	1	1	0.0004998	1	1
elements	2-6	0	15.13	0	1	0.003248	30.52	0	1	0.005685	1	0.0004998	1	0.0004998
elements	2-7	0	0.3505	0	1	1	2.391	0	1	0.3992	1	0.7016	1	0.07896
elements	2-7a	0	3.611	0	1	0.1048	2.363	0	1	0.3718	1	0.02649	1	0.06947
elements	2-9	0	6.282	0	1	0.01605	0.176	0	1	1	1	0.002999	1	0.8241
elements	3-4	0	9.502	0	1	0.006064	0.0055	0	1	1	1	0.0009995	1	0.9945
elements	3-4a	0	0.0085	0	1	1	0	nan	1	1	1	0.9915	1	1
elements	3-4c	0	2.087	0	1	0.3881	0.3615	0	1	1	1	0.1279	1	0.6802
elements	3-5	0	10.59	0	1	0.003248	0	nan	1	1	1	0.0004998	1	1
elements	3-6	0	2.537	0	1	0.2615	0.51	0	1	1	1	0.08046	1	0.5862
elements	3-6a	0	7.905	0	1	0.008527	1.315	0	1	0.9355	1	0.001499	1	0.2159
elements	3-6b	0	3.787	0	1	0.1061	1.244	0	1	0.938	1	0.02799	1	0.2474
elements	3-7	0	0.0575	0	1	1	0.0415	0	1	1	1	0.944	1	0.959
elements	3-7a	0	0.566	0	1	1	0.0415	0	1	1	1	0.5822	1	0.959
elements	3-9	0	1.071	0	1	0.8377	0.004	0	1	1	1	0.3498	1	0.996
elements	4-4a	0	0.014	0	1	1	0	nan	1	1	1	0.986	1	1
elements	4-4c	0	2.933	0	1	0.1988	0.1305	0	1	1	1	0.05897	1	0.8761
elements	4-5	0	14.62	0	1	0.003248	0	nan	1	1	1	0.0004998	1	1
elements	4-6	0	3.546	0	1	0.1013	0.203	0	1	1	1	0.02449	1	0.8056
elements	4-6a	0	11.24	0	1	0.003248	0.5495	0	1	1	1	0.0004998	1	0.5327
elements	4-6b	0	5.279	0	1	0.01915	0.4995	0	1	1	1	0.003998	1	0.5612
elements	4-7	0	0.0775	0	1	1	0.014	0	1	1	1	0.9255	1	0.986
elements	4-7a	0	0.815	0	1	0.9702	0.015	0	1	1	1	0.4478	1	0.985
elements	4-9	0	1.472	0	1	0.618	0.001	0	1	1	1	0.2309	1	0.999
elements	4a-4c	0	0.0035	0	1	1	0	nan	1	1	1	0.9965	1	1
elements	4a-5	0	0.012	0	1	1	0	nan	1	1	1	0.988	1	1
elements	4a-6	0	0.0055	0	1	1	0	nan	1	1	1	0.9945	1	1
elements	4a-6a	0	0.0095	0	1	1	0	nan	1	1	1	0.9905	1	1
elements	4a-6b	0	0.007	0	1	1	0	nan	1	1	1	0.993	1	1
elements	4a-7	0	0	nan	1	1	0	nan	1	1	1	1	1	1
elements	4a-7a	0	0.0005	0	1	1	0	nan	1	1	1	0.9995	1	1
elements	4a-9	0	0	nan	1	1	0	nan	1	1	1	1	1	1
elements	4c-5	0	3.184	0	1	0.1469	0	nan	1	1	1	0.04198	1	1
elements	4c-6	0	0.8235	0	1	0.9628	11.69	0	1	0.005685	1	0.4338	1	0.0004998
elements	4c-6a	0	2.436	0	1	0.2713	29.88	0	1	0.005685	1	0.08646	1	0.0004998
elements	4c-6b	0	1.172	0	1	0.7534	28.43	0	1	0.005685	1	0.3063	1	0.0004998
elements	4c-7	0	0.0195	0	1	1	0.8915	0	1	1	1	0.9815	1	0.3958
elements	4c-7a	0	0.176	0	1	1	0.898	0	1	1	1	0.8396	1	0.3923
elements	5-6	0	3.856	0	1	0.09095	0	nan	1	1	1	0.01999	1	1
elements	5-6a	0	12.37	0	1	0.003248	0	nan	1	1	1	0.0004998	1	1
elements	5-6b	0	5.797	0	1	0.01915	0	nan	1	1	1	0.003998	1	1
elements	5-7	0	0.094	0	1	1	0	nan	1	1	1	0.9085	1	1
elements	5-7a	0	0.903	0	1	0.9118	0	nan	1	1	1	0.4008	1	1
elements	5-9	0	1.609	0	1	0.5705	0	nan	1	1	1	0.2069	1	1
elements	6-7	0	0.0225	0	1	1	1.349	0	1	0.938	1	0.9775	1	0.2394
elements	6-7a	0	0.227	0	1	1	1.354	0	1	0.938	1	0.7946	1	0.2334
elements	6-9	0	0.387	0	1	1	0.108	0	1	1	1	0.6787	1	0.8921
elements	6a-7	0	0.067	0	1	1	3.425	0	1	0.1169	1	0.9355	1	0.01799
elements	6a-7a	0	0.6665	0	1	1	3.438	0	1	0.1154	1	0.5192	1	0.01649
elements	6a-9	0	1.206	0	1	0.7534	0.2615	0	1	1	1	0.3048	1	0.7386
elements	6b-7	0	0.0295	0	1	1	3.32	0	1	0.1393	1	0.9705	1	0.02449
elements	6b-7a	0	0.309	0	1	1	3.28	0	1	0.1393	1	0.7301	1	0.02449
elements	6b-9	0	0.57	0	1	1	0.2575	0	1	1	1	0.5562	1	0.7426
elements	7-9	0	0.008	0	1	1	0.008	0	1	1	1	0.992	1	0.992
elements	7a-9	0	0.087	0	1	1	0.009	0	1	1	1	0.9165	1	0.991
loci	6a-6b	59	0.988	59.72	0.01516	1	29.64	1.991	0.01137	1	0.0004998	1	0.0004998	1
loci	1-6	23	1.632	14.09	0.01516	1	3.003	7.659	0.01137	1	0.0004998	1	0.0004998	1
loci	2-6a	12	10.62	1.13	1	1	13.42	0.8941	1	1	0.3793	0.7316	0.7756	0.3588
loci	2-6b	12	4.886	2.456	0.06822	1	14.53	0.8258	1	1	0.004498	0.9985	0.8836	0.2149
loci	2-4c	9	2.707	3.325	0.02729	1	1.69	5.325	0.01137	1	0.001499	1	0.0004998	1
loci	7-7a	8	0.0015	5333	0.01516	1	0.1975	40.51	0.01137	1	0.0004998	1	0.0004998	1
loci	1-2	7	26.39	0.2652	1	0.01516	4.79	1.461	1	1	1	0.0004998	0.1724	0.924
loci	6-6b	4	0.2755	14.52	0.02274	1	9.027	0.4431	1	0.1971	0.0009995	1	0.9985	0.01299
loci	0-3	2	0.151	13.25	0.1624	1	0.0255	78.43	0.01819	1	0.01249	1	0.0009995	1
loci	1-4c	2	1.386	1.443	1	1	1.214	1.647	1	1	0.3998	0.8381	0.3478	0.8876
loci	0-4	1	0.187	5.348	1	1	0.013	76.92	0.2046	1	0.1744	0.988	0.01349	1
loci	2-3	1	8.824	0.1133	1	0.04548	0.4185	2.389	1	1	0.9995	0.001999	0.3588	0.942
loci	2-4	1	12.25	0.08163	1	0.01516	0.274	3.65	1	1	1	0.0004998	0.2534	0.979
loci	4c-9	1	0.07	14.29	0.7504	1	0.0355	28.17	0.4678	1	0.06597	0.9955	0.03598	1
loci	6-6a	1	0.625	1.6	1	1	8.575	0.1166	1	0.03032	0.4733	0.8731	0.9995	0.0009995
loci	0-1	0	0.399	0	1	1	0.3165	0	1	1	1	0.6632	1	0.7146
loci	0-2	0	0.8435	0	1	1	0.39	0	1	1	1	0.4303	1	0.6537
loci	0-4a	0	0.0005	0	1	1	0	nan	1	1	1	0.9995	1	1
loci	0-4c	0	0.049	0	1	1	0.1085	0	1	1	1	0.9525	1	0.8951
loci	0-5	0	0.2195	0	1	1	0	nan	1	1	1	0.8031	1	1
loci	0-6	0	0.0525	0	1	1	0.2635	0	1	1	1	0.95	1	0.7551
loci	0-6a	0	0.1535	0	1	1	0.8755	0	1	1	1	0.8571	1	0.3473
loci	0-6b	0	0.0875	0	1	1	0.8595	0	1	1	1	0.9165	1	0.3608
loci	0-7	0	0.0005	0	1	1	0.077	0	1	1	1	0.9995	1	0.9255
loci	0-7a	0	0.01	0	1	1	0.0615	0	1	1	1	0.99	1	0.941
loci	0-9	0	0.0195	0	1	1	0.0095	0	1	1	1	0.9805	1	0.9905
loci	1-3	0	4.46	0	1	0.1307	0.2905	0	1	1	1	0.01149	1	0.7356
loci	1-4	0	6.123	0	1	0.04548	0.204	0	1	1	1	0.002999	1	0.8076
loci	1-4a	0	0.006	0	1	1	0	nan	1	1	1	0.994	1	1
loci	1-5	0	6.837	0	1	0.04548	0	nan	1	1	1	0.002499	1	1
loci	1-6a	0	5.207	0	1	0.07146	9.882	0	1	0.02274	1	0.005497	1	0.0004998
loci	1-6b	0	2.48	0	1	0.6139	10.55	0	1	0.02274	1	0.08096	1	0.0004998
loci	1-7	0	0.0465	0	1	1	0.824	0	1	1	1	0.954	1	0.4213
loci	1-7a	0	0.3745	0	1	1	0.821	0	1	1	1	0.6822	1	0.4148
loci	1-9	0	0.6705	0	1	1	0.1075	0	1	1	1	0.5052	1	0.8926
loci	2-4a	0	0.0195	0	1	1	0	nan	1	1	1	0.9815	1	1
loci	2-5	0	13.73	0	1	0.01516	0	nan	1	1	1	0.0004998	1	1
loci	2-6	0	3.319	0	1	0.3957	4.151	0	1	0.1478	1	0.04298	1	0.006497
loci	2-7	0	0.073	0	1	1	1.1	0	1	1	1	0.928	1	0.3013
loci	2-7a	0	0.7935	0	1	1	1.097	0	1	1	1	0.4493	1	0.3038
loci	2-9	0	1.403	0	1	1	0.136	0	1	1	1	0.2389	1	0.8641
loci	3-4	0	2.034	0	1	0.7761	0.0145	0	1	1	1	0.1279	1	0.9855
loci	3-4a	0	0.0025	0	1	1	0	nan	1	1	1	0.9975	1	1
loci	3-4c	0	0.468	0	1	1	0.103	0	1	1	1	0.6202	1	0.8981
loci	3-5	0	2.231	0	1	0.6464	0	nan	1	1	1	0.09945	1	1
loci	3-6	0	0.5345	0	1	1	0.2535	0	1	1	1	0.5967	1	0.7686
loci	3-6a	0	1.732	0	1	0.955	0.8485	0	1	1	1	0.1679	1	0.3648
loci	3-6b	0	0.795	0	1	1	0.903	0	1	1	1	0.4583	1	0.3333
loci	3-7	0	0.015	0	1	1	0.0675	0	1	1	1	0.985	1	0.933
loci	3-7a	0	0.124	0	1	1	0.067	0	1	1	1	0.8831	1	0.9345
loci	3-9	0	0.221	0	1	1	0.0085	0	1	1	1	0.7976	1	0.9915
loci	4-4a	0	0.003	0	1	1	0	nan	1	1	1	0.997	1	1
loci	4-4c	0	0.649	0	1	1	0.065	0	1	1	1	0.5217	1	0.936
loci	4-5	0	3.154	0	1	0.3957	0	nan	1	1	1	0.04348	1	1
loci	4-6	0	0.75	0	1	1	0.169	0	1	1	1	0.4713	1	0.8361
loci	4-6a	0	2.408	0	1	0.6157	0.541	0	1	1	1	0.08796	1	0.5307
loci	4-6b	0	1.119	0	1	1	0.615	0	1	1	1	0.3253	1	0.4778
loci	4-7	0	0.016	0	1	1	0.055	0	1	1	1	0.984	1	0.9465
loci	4-7a	0	0.1745	0	1	1	0.0455	0	1	1	1	0.8371	1	0.955
loci	4-9	0	0.3115	0	1	1	0.004	0	1	1	1	0.7251	1	0.996
loci	4a-4c	0	0.0005	0	1	1	0	nan	1	1	1	0.9995	1	1
loci	4a-5	0	0.0025	0	1	1	0	nan	1	1	1	0.9975	1	1
loci	4a-6	0	0.0005	0	1	1	0	nan	1	1	1	0.9995	1	1
loci	4a-6a	0	0.005	0	1	1	0	nan	1	1	1	0.995	1	1
loci	4a-6b	0	0.001	0	1	1	0	nan	1	1	1	0.999	1	1
loci	4a-7	0	0	nan	1	1	0	nan	1	1	1	1	1	1
loci	4a-7a	0	0	nan	1	1	0	nan	1	1	1	1	1	1
loci	4a-9	0	0	nan	1	1	0	nan	1	1	1	1	1	1
loci	4c-5	0	0.6765	0	1	1	0	nan	1	1	1	0.5142	1	1
loci	4c-6	0	0.163	0	1	1	1.079	0	1	1	1	0.8496	1	0.3193
loci	4c-6a	0	0.526	0	1	1	3.439	0	1	0.2404	1	0.5877	1	0.01849
loci	4c-6b	0	0.254	0	1	1	3.702	0	1	0.1971	1	0.7741	1	0.01099
loci	4c-7	0	0.003	0	1	1	0.283	0	1	1	1	0.997	1	0.7481
loci	4c-7a	0	0.0335	0	1	1	0.28	0	1	1	1	0.967	1	0.7566
loci	5-6	0	0.878	0	1	1	0	nan	1	1	1	0.4138	1	1
loci	5-6a	0	2.694	0	1	0.5375	0	nan	1	1	1	0.06497	1	1
loci	5-6b	0	1.3	0	1	1	0	nan	1	1	1	0.2704	1	1
loci	5-7	0	0.025	0	1	1	0	nan	1	1	1	0.976	1	1
loci	5-7a	0	0.213	0	1	1	0	nan	1	1	1	0.8011	1	1
loci	5-9	0	0.3575	0	1	1	0	nan	1	1	1	0.7086	1	1
loci	6-7	0	0.0035	0	1	1	0.702	0	1	1	1	0.9965	1	0.4788
loci	6-7a	0	0.046	0	1	1	0.689	0	1	1	1	0.957	1	0.4898
loci	6-9	0	0.078	0	1	1	0.0885	0	1	1	1	0.9235	1	0.9115
loci	6a-7	0	0.012	0	1	1	2.24	0	1	0.5581	1	0.988	1	0.06747
loci	6a-7a	0	0.123	0	1	1	2.272	0	1	0.5581	1	0.8831	1	0.06147
loci	6a-9	0	0.262	0	1	1	0.2675	0	1	1	1	0.7646	1	0.7326
loci	6b-7	0	0.0065	0	1	1	2.431	0	1	0.5356	1	0.9935	1	0.05297
loci	6b-7a	0	0.074	0	1	1	2.447	0	1	0.5059	1	0.929	1	0.04448
loci	6b-9	0	0.124	0	1	1	0.299	0	1	1	1	0.8841	1	0.7011
loci	7-9	0	0.0055	0	1	1	0.0225	0	1	1	1	0.9945	1	0.9775
loci	7a-9	0	0.0205	0	1	1	0.0215	0	1	1	1	0.9795	1	0.9785
