category	ns_id	accession	chrom	start	end	architecture	event	swapped	partners	confidence	full5
inter_clade	ragtagCas-6_ColChr1to5_Chr1to5::Atha_Chr3.17625690-17635778_D_Athila	ragtagCas-6_ColChr1to5_Chr1to5	Chr3	17625690	17635778	GAG:Athila PROT:Athila INT:CRM	INT=CRM	INT	Athila+CRM	TEsorter clade	0
inter_clade	ASS3_AT::Atha_Chr4.10134551-10146787_P_Athila	ASS3_AT	Chr4	10134551	10146787	GAG:Athila PROT:Athila	CHDCR=CRM	CHDCR	Athila+CRM	TEsorter clade	0
inter_clade	Etna-2.ragtag_Chr1to5::Atha_Chr4.10367893-10379745_P_Athila	Etna-2.ragtag_Chr1to5	Chr4	10367893	10379745	GAG:Athila PROT:Athila	CHDCR=CRM	CHDCR	Athila+CRM	TEsorter clade	0
inter_clade	Etna-2_kang_ragtag_Chr1to5::Atha_Chr4.10368859-10380711_P_Athila	Etna-2_kang_ragtag_Chr1to5	Chr4	10368859	10380711	GAG:Athila PROT:Athila	CHDCR=CRM	CHDCR	Athila+CRM	TEsorter clade	0
inter_clade	Rubezhnoe-1_fixed_Chr1to5::Atha_Chr4.10470607-10480338_P_Athila	Rubezhnoe-1_fixed_Chr1to5	Chr4	10470607	10480338	GAG:Tork RT:Athila RH:Athila INT:Athila	GAG=Tork	GAG	Athila+Tork	TEsorter clade	0
inter_clade	ragtagMed-0_ColChr1to5_Chr1to5::Atha_Chr4.8305988-8318269_P_Athila	ragtagMed-0_ColChr1to5_Chr1to5	Chr4	8305988	8318269	GAG:Athila PROT:Athila	CHDCR=CRM	CHDCR	Athila+CRM	TEsorter clade	0
inter_clade	ragtagBELC-C-10_ColChr1to5_Chr1to5::Atha_Chr4.9092803-9104815_P_Athila	ragtagBELC-C-10_ColChr1to5_Chr1to5	Chr4	9092803	9104815	GAG:Athila PROT:Athila	CHDCR=CRM	CHDCR	Athila+CRM	TEsorter clade	0
inter_clade	ragtagCvi-0_ColChr1to5_Chr1to5::Atha_Chr4.9092838-9104415_P_Athila	ragtagCvi-0_ColChr1to5_Chr1to5	Chr4	9092838	9104415	GAG:Athila PROT:Athila	CHDCR=CRM	CHDCR	Athila+CRM	TEsorter clade	0
inter_clade	BELC-C-12.ragtag_Chr1to5::Atha_Chr4.9099461-9111473_P_Athila	BELC-C-12.ragtag_Chr1to5	Chr4	9099461	9111473	GAG:Athila PROT:Athila	CHDCR=CRM	CHDCR	Athila+CRM	TEsorter clade	0
inter_clade	ragtag9762_ColChr1to5_Chr1to5::Atha_Chr4.9344328-9356180_P_Athila	ragtag9762_ColChr1to5_Chr1to5	Chr4	9344328	9356180	GAG:Athila PROT:Athila	CHDCR=CRM	CHDCR	Athila+CRM	TEsorter clade	0
inter_clade	_Anz-0_ColChr1to5ragtag_Chr1to5::Atha_Chr4.9493670-9505870_P_Athila	_Anz-0_ColChr1to5ragtag_Chr1to5	Chr4	9493670	9505870	GAG:Athila PROT:Athila	CHDCR=CRM	CHDCR	Athila+CRM	TEsorter clade	0
inter_clade	Sf-2.ragtag_Chr1to5::Atha_Chr4.9600249-9612261_P_Athila	Sf-2.ragtag_Chr1to5	Chr4	9600249	9612261	GAG:Athila PROT:Athila	CHDCR=CRM	CHDCR	Athila+CRM	TEsorter clade	0
inter_clade	AS530_AT::Atha_Chr4.9832191-9844427_P_Athila	AS530_AT	Chr4	9832191	9844427	GAG:Athila PROT:Athila	CHDCR=CRM	CHDCR	Athila+CRM	TEsorter clade	0
inter_clade	Tibet-0.ragtag_Chr1to5::Atha_Chr5.11312710-11322876_D_Athila	Tibet-0.ragtag_Chr1to5	Chr5	11312710	11322876	GAG:Athila PROT:Athila	CHDCR=CRM	CHDCR	Athila+CRM	TEsorter clade	0
inter_clade	Got-22.ragtag_Chr1to5::Atha_Chr5.11946063-11956104_D_Athila	Got-22.ragtag_Chr1to5	Chr5	11946063	11956104	GAG:Athila PROT:Athila	CHDCR=CRM	CHDCR	Athila+CRM	TEsorter clade	0
inter_clade	LI-OF-095.ragtag_Chr1to5::Atha_Chr5.12487630-12497661_D_Athila	LI-OF-095.ragtag_Chr1to5	Chr5	12487630	12497661	GAG:Athila PROT:Athila	CHDCR=CRM	CHDCR	Athila+CRM	TEsorter clade	0
inter_clade	Hs-0.ragtag_Chr1to5::Atha_Chr5.12674576-12684657_D_Athila	Hs-0.ragtag_Chr1to5	Chr5	12674576	12684657	GAG:Athila PROT:Athila	CHDCR=CRM	CHDCR	Athila+CRM	TEsorter clade	0
inter_clade	_6184_Chr1to5::Atha_Chr5.13239502-13249634_D_Athila	_6184_Chr1to5	Chr5	13239502	13249634	GAG:Athila PROT:Athila	CHDCR=CRM	CHDCR	Athila+CRM	TEsorter clade	0
inter_clade	Rab-R1.ragtag_Chr1to5::Atha_Chr5.13594790-13602063_D_Athila	Rab-R1.ragtag_Chr1to5	Chr5	13594790	13602063	GAG:Athila PROT:Athila INT:Ivana	INT=Ivana	INT	Athila+Ivana	TEsorter clade	0
inter_clade	22005.ragtag_Chr1to5::Atha_Chr5.13595757-13603030_D_Athila	22005.ragtag_Chr1to5	Chr5	13595757	13603030	GAG:Athila PROT:Athila INT:Ivana	INT=Ivana	INT	Athila+Ivana	TEsorter clade	0
inter_clade	Kelsterbach-2.ragtag_Chr1to5::Atha_Chr5.15393193-15403812_D_Athila	Kelsterbach-2.ragtag_Chr1to5	Chr5	15393193	15403812	GAG:Athila PROT:Athila INT:Retand	INT=Retand;aRH=Retand	INT;aRH	Athila+Retand	TEsorter clade	0
inter_clade	Dra-2.ragtag_Chr1to5::Atha_Chr5.15739333-15748675_P_Athila	Dra-2.ragtag_Chr1to5	Chr5	15739333	15748675	GAG:Athila PROT:Athila INT:Retand	INT=Retand;aRH=Retand	INT;aRH	Athila+Retand	TEsorter clade	0
inter_clade	Est-0.ragtag_Chr1to5::Atha_Chr5.15915508-15924851_P_Athila	Est-0.ragtag_Chr1to5	Chr5	15915508	15924851	GAG:Athila PROT:Athila INT:Retand	INT=Retand;aRH=Retand	INT;aRH	Athila+Retand	TEsorter clade	0
inter_clade	_No-0_ColChr1to5ragtag_Chr1to5::Atha_Chr5.16146685-16156027_P_Athila	_No-0_ColChr1to5ragtag_Chr1to5	Chr5	16146685	16156027	GAG:Athila PROT:Athila INT:Retand	INT=Retand;aRH=Retand	INT;aRH	Athila+Retand	TEsorter clade	0
inter_clade	St-0_kang_ragtag_Chr1to5::Atha_Chr5.16162089-16172715_D_Athila	St-0_kang_ragtag_Chr1to5	Chr5	16162089	16172715	GAG:Athila PROT:Athila INT:Retand	INT=Retand;aRH=Retand	INT;aRH	Athila+Retand	TEsorter clade	0
inter_clade	9994.ragtag_Chr1to5::Atha_Chr5.16533472-16544109_D_Athila	9994.ragtag_Chr1to5	Chr5	16533472	16544109	GAG:Athila PROT:Athila INT:Retand	INT=Retand;aRH=Retand	INT;aRH	Athila+Retand	TEsorter clade	0
inter_clade	ragtagMed-3_ColChr1to5_Chr1to5::Atha_Chr5.16874362-16885159_P_Athila	ragtagMed-3_ColChr1to5_Chr1to5	Chr5	16874362	16885159	GAG:Athila PROT:Athila INT:Retand	INT=Retand;aRH=Retand	INT;aRH	Athila+Retand	TEsorter clade	0
inter_clade	ragtagERR8705874_ColChr1to5_Chr1to5::Atha_Chr5.17027210-17037836_D_Athila	ragtagERR8705874_ColChr1to5_Chr1to5	Chr5	17027210	17037836	GAG:Athila PROT:Athila INT:Retand	INT=Retand;aRH=Retand	INT;aRH	Athila+Retand	TEsorter clade	0
inter_clade	Nz-1.ragtag_Chr1to5::Atha_Chr5.17135180-17144521_P_Athila	Nz-1.ragtag_Chr1to5	Chr5	17135180	17144521	GAG:Athila PROT:Athila INT:Retand	INT=Retand;aRH=Retand	INT;aRH	Athila+Retand	TEsorter clade	0
inter_clade	Stw-0_Chr1to5_2026::Atha_Chr5.17311503-17320847_P_Athila	Stw-0_Chr1to5_2026	Chr5	17311503	17320847	GAG:Athila PROT:Athila INT:Retand	INT=Retand;aRH=Retand	INT;aRH	Athila+Retand	TEsorter clade	0
inter_clade	LL-0.ragtag_Chr1to5::Atha_Chr5.17812374-17822997_D_Athila	LL-0.ragtag_Chr1to5	Chr5	17812374	17822997	GAG:Athila PROT:Athila INT:Retand	INT=Retand;aRH=Retand	INT;aRH	Athila+Retand	TEsorter clade	0
inter_clade	ragtagBARA-C-5_ColChr1to5_Chr1to5::Atha_Chr5.17842294-17852922_D_Athila	ragtagBARA-C-5_ColChr1to5_Chr1to5	Chr5	17842294	17852922	GAG:Athila PROT:Athila INT:Retand	INT=Retand;aRH=Retand	INT;aRH	Athila+Retand	TEsorter clade	0
inter_clade	ragtagMr-0_ColChr1to5ragtag_Chr1to5::Atha_Chr5.18674618-18685251_P_Athila	ragtagMr-0_ColChr1to5ragtag_Chr1to5	Chr5	18674618	18685251	GAG:Athila PROT:Athila INT:Retand	INT=Retand;aRH=Retand	INT;aRH	Athila+Retand	TEsorter clade	0
intra_athila	Meh-0.ragtag_Chr1to5::Atha_Chr1.18796693-18807805_P_Athila	Meh-0.ragtag_Chr1to5	Chr1	18796693	18807805	GAG:ATHILA1;INT:ATHILA6b	GAG->ATHILA1,ATHILA6b	GAG	ATHILA1,ATHILA6b	nt margin>=1.3	0
intra_athila	_Ice-1_ColChr1to5ragtag_Chr1to5::Atha_Chr3.16121624-16129933_D_Athila	_Ice-1_ColChr1to5ragtag_Chr1to5	Chr3	16121624	16129933	GAG:ATHILA2;RT:ATHILA4c;RH:ATHILA4c	GAG->ATHILA2,ATHILA4c	GAG	ATHILA2,ATHILA4c	nt margin>=1.3	0
intra_athila	_Altai-5_ColChr1to5ragtag_Chr1to5::Atha_Chr3.16245997-16254378_D_Athila	_Altai-5_ColChr1to5ragtag_Chr1to5	Chr3	16245997	16254378	GAG:ATHILA2;RT:ATHILA4c;RH:ATHILA4c	GAG->ATHILA2,ATHILA4c	GAG	ATHILA2,ATHILA4c	nt margin>=1.3	0
intra_athila	Zal-1_Chr1to5_2026::Atha_Chr3.16322324-16330705_D_Athila	Zal-1_Chr1to5_2026	Chr3	16322324	16330705	GAG:ATHILA2;RT:ATHILA4c;RH:ATHILA4c	GAG->ATHILA2,ATHILA4c	GAG	ATHILA2,ATHILA4c	nt margin>=1.3	0
intra_athila	Pu2-23_ragtagChr1to5::Atha_Chr3.16405779-16414088_D_Athila	Pu2-23_ragtagChr1to5	Chr3	16405779	16414088	GAG:ATHILA2;RT:ATHILA4c;RH:ATHILA4c	GAG->ATHILA2,ATHILA4c	GAG	ATHILA2,ATHILA4c	nt margin>=1.3	0
intra_athila	Kyr-1.ragtag_Chr1to5::Atha_Chr3.16407212-16415593_D_Athila	Kyr-1.ragtag_Chr1to5	Chr3	16407212	16415593	GAG:ATHILA2;RT:ATHILA4c;RH:ATHILA4c	GAG->ATHILA2,ATHILA4c	GAG	ATHILA2,ATHILA4c	nt margin>=1.3	0
intra_athila	ragtagBARC-A-17_ColChr1to5_Chr1to5::Atha_Chr3.16429489-16437881_D_Athila	ragtagBARC-A-17_ColChr1to5_Chr1to5	Chr3	16429489	16437881	GAG:ATHILA2;RT:ATHILA4c;RH:ATHILA4c	GAG->ATHILA2,ATHILA4c	GAG	ATHILA2,ATHILA4c	nt margin>=1.3	0
intra_athila	ragtagBARC-A-12_ColChr1to5_Chr1to5::Atha_Chr3.16432067-16440459_D_Athila	ragtagBARC-A-12_ColChr1to5_Chr1to5	Chr3	16432067	16440459	GAG:ATHILA2;RT:ATHILA4c;RH:ATHILA4c	GAG->ATHILA2,ATHILA4c	GAG	ATHILA2,ATHILA4c	nt margin>=1.3	0
intra_athila	Sij-1.ragtag_Chr1to5::Atha_Chr3.16465068-16473449_D_Athila	Sij-1.ragtag_Chr1to5	Chr3	16465068	16473449	GAG:ATHILA2;RT:ATHILA4c;RH:ATHILA4c	GAG->ATHILA2,ATHILA4c	GAG	ATHILA2,ATHILA4c	nt margin>=1.3	0
intra_athila	Sij-2.ragtag_Chr1to5::Atha_Chr3.16472303-16480684_D_Athila	Sij-2.ragtag_Chr1to5	Chr3	16472303	16480684	GAG:ATHILA2;RT:ATHILA4c;RH:ATHILA4c	GAG->ATHILA2,ATHILA4c	GAG	ATHILA2,ATHILA4c	nt margin>=1.3	0
intra_athila	AH-7.ragtag_Chr1to5::Atha_Chr3.16538225-16546606_D_Athila	AH-7.ragtag_Chr1to5	Chr3	16538225	16546606	GAG:ATHILA2;RT:ATHILA4c;RH:ATHILA4c	GAG->ATHILA2,ATHILA4c	GAG	ATHILA2,ATHILA4c	nt margin>=1.3	0
intra_athila	ragtagEvs-12_ColChr1to5_Chr1to5::Atha_Chr3.16599339-16606083_D_Athila	ragtagEvs-12_ColChr1to5_Chr1to5	Chr3	16599339	16606083	GAG:ATHILA2;RT:ATHILA4c;RH:ATHILA4c	GAG->ATHILA2,ATHILA4c	GAG	ATHILA2,ATHILA4c	nt margin>=1.3	0
intra_athila	Kondara.ragtag_Chr1to5::Atha_Chr3.16662274-16670655_D_Athila	Kondara.ragtag_Chr1to5	Chr3	16662274	16670655	GAG:ATHILA2;RT:ATHILA4c;RH:ATHILA4c	GAG->ATHILA2,ATHILA4c	GAG	ATHILA2,ATHILA4c	nt margin>=1.3	0
intra_athila	Sorbo.ragtag_Chr1to5::Atha_Chr3.16668016-16676397_D_Athila	Sorbo.ragtag_Chr1to5	Chr3	16668016	16676397	GAG:ATHILA2;RT:ATHILA4c;RH:ATHILA4c	GAG->ATHILA2,ATHILA4c	GAG	ATHILA2,ATHILA4c	nt margin>=1.3	0
intra_athila	ragtagHum-4_ColChr1to5_Chr1to5::Atha_Chr3.16689894-16698275_D_Athila	ragtagHum-4_ColChr1to5_Chr1to5	Chr3	16689894	16698275	GAG:ATHILA2;RT:ATHILA4c;RH:ATHILA4c	GAG->ATHILA2,ATHILA4c	GAG	ATHILA2,ATHILA4c	nt margin>=1.3	0
intra_athila	ragtag7143_ColChr1to5_Chr1to5::Atha_Chr3.16707844-16716705_D_Athila	ragtag7143_ColChr1to5_Chr1to5	Chr3	16707844	16716705	GAG:ATHILA2;RT:ATHILA4c;RH:ATHILA4c	GAG->ATHILA2,ATHILA4c	GAG	ATHILA2,ATHILA4c	nt margin>=1.3	0
intra_athila	Kar-1.ragtag_Chr1to5::Atha_Chr3.16752297-16760668_D_Athila	Kar-1.ragtag_Chr1to5	Chr3	16752297	16760668	GAG:ATHILA2;RT:ATHILA4c;RH:ATHILA4c	GAG->ATHILA2,ATHILA4c	GAG	ATHILA2,ATHILA4c	nt margin>=1.3	0
intra_athila	Nov-2.ragtag_Chr1to5::Atha_Chr3.16774580-16782961_D_Athila	Nov-2.ragtag_Chr1to5	Chr3	16774580	16782961	GAG:ATHILA2;RT:ATHILA4c;RH:ATHILA4c	GAG->ATHILA2,ATHILA4c	GAG	ATHILA2,ATHILA4c	nt margin>=1.3	0
intra_athila	Sus-1.ragtag_Chr1to5::Atha_Chr3.16813478-16821849_D_Athila	Sus-1.ragtag_Chr1to5	Chr3	16813478	16821849	GAG:ATHILA2;RT:ATHILA4c;RH:ATHILA4c	GAG->ATHILA2,ATHILA4c	GAG	ATHILA2,ATHILA4c	nt margin>=1.3	0
intra_athila	Cdm-0.ragtag_Chr1to5::Atha_Chr3.16888913-16897275_D_Athila	Cdm-0.ragtag_Chr1to5	Chr3	16888913	16897275	GAG:ATHILA2;RT:ATHILA4c;RH:ATHILA4c	GAG->ATHILA2,ATHILA4c	GAG	ATHILA2,ATHILA4c	nt margin>=1.3	0
intra_athila	ragtagSan-9_ColChr1to5_Chr1to5::Atha_Chr3.17010882-17019188_D_Athila	ragtagSan-9_ColChr1to5_Chr1to5	Chr3	17010882	17019188	GAG:ATHILA2;RT:ATHILA4c;RH:ATHILA4c	GAG->ATHILA2,ATHILA4c	GAG	ATHILA2,ATHILA4c	nt margin>=1.3	0
intra_athila	Sha.ragtag_Chr1to5::Atha_Chr3.17031302-17039683_D_Athila	Sha.ragtag_Chr1to5	Chr3	17031302	17039683	GAG:ATHILA2;RT:ATHILA4c;RH:ATHILA4c	GAG->ATHILA2,ATHILA4c	GAG	ATHILA2,ATHILA4c	nt margin>=1.3	0
intra_athila	ragtagMr-0_ColChr1to5ragtag_Chr1to5::Atha_Chr3.17058671-17067009_D_Athila	ragtagMr-0_ColChr1to5ragtag_Chr1to5	Chr3	17058671	17067009	GAG:ATHILA2;RT:ATHILA4c;RH:ATHILA4c	GAG->ATHILA2,ATHILA4c	GAG	ATHILA2,ATHILA4c	nt margin>=1.3	0
intra_athila	Elh-2.ragtag_Chr1to5::Atha_Chr3.17059426-17067826_D_Athila	Elh-2.ragtag_Chr1to5	Chr3	17059426	17067826	GAG:ATHILA2;RT:ATHILA4c;RH:ATHILA4c	GAG->ATHILA2,ATHILA4c	GAG	ATHILA2,ATHILA4c	nt margin>=1.3	0
intra_athila	_Geg-14_ColChr1to5ragtag_Chr1to5::Atha_Chr3.17076446-17084817_D_Athila	_Geg-14_ColChr1to5ragtag_Chr1to5	Chr3	17076446	17084817	GAG:ATHILA2;RT:ATHILA4c;RH:ATHILA4c	GAG->ATHILA2,ATHILA4c	GAG	ATHILA2,ATHILA4c	nt margin>=1.3	0
intra_athila	LI-OF-095.ragtag_Chr1to5::Atha_Chr3.17237601-17245936_D_Athila	LI-OF-095.ragtag_Chr1to5	Chr3	17237601	17245936	GAG:ATHILA2;RT:ATHILA4c;RH:ATHILA4c	GAG->ATHILA2,ATHILA4c	GAG	ATHILA2,ATHILA4c	nt margin>=1.3	0
intra_athila	ragtag9852_Chr1to5::Atha_Chr3.17299200-17305944_D_Athila	ragtag9852_Chr1to5	Chr3	17299200	17305944	GAG:ATHILA2;RT:ATHILA4c;RH:ATHILA4c	GAG->ATHILA2,ATHILA4c	GAG	ATHILA2,ATHILA4c	nt margin>=1.3	0
intra_athila	Sf-2.ragtag_Chr1to5::Atha_Chr3.17331321-17339683_D_Athila	Sf-2.ragtag_Chr1to5	Chr3	17331321	17339683	GAG:ATHILA2;RT:ATHILA4c;RH:ATHILA4c	GAG->ATHILA2,ATHILA4c	GAG	ATHILA2,ATHILA4c	nt margin>=1.3	0
intra_athila	ws-4.ragtag_Chr1to5::Atha_Chr3.17423380-17432241_D_Athila	ws-4.ragtag_Chr1to5	Chr3	17423380	17432241	GAG:ATHILA2;RT:ATHILA4c;RH:ATHILA4c	GAG->ATHILA2,ATHILA4c	GAG	ATHILA2,ATHILA4c	nt margin>=1.3	0
intra_athila	Per-1.ragtag_Chr1to5::Atha_Chr3.17539770-17548631_D_Athila	Per-1.ragtag_Chr1to5	Chr3	17539770	17548631	GAG:ATHILA2;RT:ATHILA4c;RH:ATHILA4c	GAG->ATHILA2,ATHILA4c	GAG	ATHILA2,ATHILA4c	nt margin>=1.3	0
intra_athila	ragtagCAMA-C-2_ColChr1to5_Chr1to5::Atha_Chr3.17560455-17568791_D_Athila	ragtagCAMA-C-2_ColChr1to5_Chr1to5	Chr3	17560455	17568791	GAG:ATHILA2;RT:ATHILA4c;RH:ATHILA4c	GAG->ATHILA2,ATHILA4c	GAG	ATHILA2,ATHILA4c	nt margin>=1.3	0
intra_athila	ragtagCAMA-C-9_ColChr1to5_Chr1to5::Atha_Chr3.17564115-17572451_D_Athila	ragtagCAMA-C-9_ColChr1to5_Chr1to5	Chr3	17564115	17572451	GAG:ATHILA2;RT:ATHILA4c;RH:ATHILA4c	GAG->ATHILA2,ATHILA4c	GAG	ATHILA2,ATHILA4c	nt margin>=1.3	0
intra_athila	Belmonte-4-94.ragtag_Chr1to5::Atha_Chr3.17623601-17631981_D_Athila	Belmonte-4-94.ragtag_Chr1to5	Chr3	17623601	17631981	GAG:ATHILA2;RT:ATHILA4c;RH:ATHILA4c	GAG->ATHILA2,ATHILA4c	GAG	ATHILA2,ATHILA4c	nt margin>=1.3	0
intra_athila	ragtag9879_ColChr1to5_Chr1to5::Atha_Chr3.17655039-17663391_D_Athila	ragtag9879_ColChr1to5_Chr1to5	Chr3	17655039	17663391	GAG:ATHILA2;RT:ATHILA4c;RH:ATHILA4c	GAG->ATHILA2,ATHILA4c	GAG	ATHILA2,ATHILA4c	nt margin>=1.3	0
intra_athila	ragtagFERR-A-8_ColChr1to5_Chr1to5::Atha_Chr3.17665472-17673853_D_Athila	ragtagFERR-A-8_ColChr1to5_Chr1to5	Chr3	17665472	17673853	GAG:ATHILA2;RT:ATHILA4c;RH:ATHILA4c	GAG->ATHILA2,ATHILA4c	GAG	ATHILA2,ATHILA4c	nt margin>=1.3	0
intra_athila	ragtagFERR-A-12_ColChr1to5_Chr1to5::Atha_Chr3.17676692-17685084_D_Athila	ragtagFERR-A-12_ColChr1to5_Chr1to5	Chr3	17676692	17685084	GAG:ATHILA2;RT:ATHILA4c;RH:ATHILA4c	GAG->ATHILA2,ATHILA4c	GAG	ATHILA2,ATHILA4c	nt margin>=1.3	0
intra_athila	9994.ragtag_Chr1to5::Atha_Chr3.17724292-17732673_D_Athila	9994.ragtag_Chr1to5	Chr3	17724292	17732673	GAG:ATHILA2;RT:ATHILA4c;RH:ATHILA4c	GAG->ATHILA2,ATHILA4c	GAG	ATHILA2,ATHILA4c	nt margin>=1.3	0
intra_athila	Est-0.ragtag_Chr1to5::Atha_Chr3.17736003-17744841_D_Athila	Est-0.ragtag_Chr1to5	Chr3	17736003	17744841	GAG:ATHILA2;RT:ATHILA4c;RH:ATHILA4c	GAG->ATHILA2,ATHILA4c	GAG	ATHILA2,ATHILA4c	nt margin>=1.3	0
intra_athila	_6024_Chr1to5::Atha_Chr3.17776000-17784860_D_Athila	_6024_Chr1to5	Chr3	17776000	17784860	GAG:ATHILA2;RT:ATHILA4c;RH:ATHILA4c	GAG->ATHILA2,ATHILA4c	GAG	ATHILA2,ATHILA4c	nt margin>=1.3	0
intra_athila	Hs-0.ragtag_Chr1to5::Atha_Chr3.17811760-17820136_D_Athila	Hs-0.ragtag_Chr1to5	Chr3	17811760	17820136	GAG:ATHILA2;RT:ATHILA4c;RH:ATHILA4c	GAG->ATHILA2,ATHILA4c	GAG	ATHILA2,ATHILA4c	nt margin>=1.3	0
intra_athila	ragtagCat-0_ColChr1to5_Chr1to5::Atha_Chr3.17837887-17846250_D_Athila	ragtagCat-0_ColChr1to5_Chr1to5	Chr3	17837887	17846250	GAG:ATHILA2;RT:ATHILA4c;RH:ATHILA4c	GAG->ATHILA2,ATHILA4c	GAG	ATHILA2,ATHILA4c	nt margin>=1.3	0
intra_athila	ragtag9336_ColChr1to5_Chr1to5::Atha_Chr3.17851800-17860660_D_Athila	ragtag9336_ColChr1to5_Chr1to5	Chr3	17851800	17860660	GAG:ATHILA2;RT:ATHILA4c;RH:ATHILA4c	GAG->ATHILA2,ATHILA4c	GAG	ATHILA2,ATHILA4c	nt margin>=1.3	0
intra_athila	Kas-1.ragtag_Chr1to5::Atha_Chr3.17867902-17876763_D_Athila	Kas-1.ragtag_Chr1to5	Chr3	17867902	17876763	GAG:ATHILA2;RT:ATHILA4c;RH:ATHILA4c	GAG->ATHILA2,ATHILA4c	GAG	ATHILA2,ATHILA4c	nt margin>=1.3	0
intra_athila	100620.Chr_scaffolds::Atha_Chr3.17870809-17877553_D_Athila	100620.Chr_scaffolds	Chr3	17870809	17877553	GAG:ATHILA2;RT:ATHILA4c;RH:ATHILA4c	GAG->ATHILA2,ATHILA4c	GAG	ATHILA2,ATHILA4c	nt margin>=1.3	0
intra_athila	Ms-0.ragtag_Chr1to5::Atha_Chr3.17892601-17901462_D_Athila	Ms-0.ragtag_Chr1to5	Chr3	17892601	17901462	GAG:ATHILA2;RT:ATHILA4c;RH:ATHILA4c	GAG->ATHILA2,ATHILA4c	GAG	ATHILA2,ATHILA4c	nt margin>=1.3	0
intra_athila	ragtagMed-0_ColChr1to5_Chr1to5::Atha_Chr3.17915306-17923637_D_Athila	ragtagMed-0_ColChr1to5_Chr1to5	Chr3	17915306	17923637	GAG:ATHILA2;RT:ATHILA4c;RH:ATHILA4c	GAG->ATHILA2,ATHILA4c	GAG	ATHILA2,ATHILA4c	nt margin>=1.3	0
intra_athila	ragtagSALE-A-10_ColChr1to5_Chr1to5::Atha_Chr3.17927223-17935615_D_Athila	ragtagSALE-A-10_ColChr1to5_Chr1to5	Chr3	17927223	17935615	GAG:ATHILA2;RT:ATHILA4c;RH:ATHILA4c	GAG->ATHILA2,ATHILA4c	GAG	ATHILA2,ATHILA4c	nt margin>=1.3	0
intra_athila	100622.Chr_scaffolds::Atha_Chr3.17957438-17964182_D_Athila	100622.Chr_scaffolds	Chr3	17957438	17964182	GAG:ATHILA2;RT:ATHILA4c;RH:ATHILA4c	GAG->ATHILA2,ATHILA4c	GAG	ATHILA2,ATHILA4c	nt margin>=1.3	0
intra_athila	ragtagHom-4_ColChr1to5_Chr1to5::Atha_Chr3.17991613-17999885_D_Athila	ragtagHom-4_ColChr1to5_Chr1to5	Chr3	17991613	17999885	GAG:ATHILA2;RT:ATHILA4c;RH:ATHILA4c	GAG->ATHILA2,ATHILA4c	GAG	ATHILA2,ATHILA4c	nt margin>=1.3	0
intra_athila	ragtagSALE-A-17_ColChr1to5_Chr1to5::Atha_Chr3.17996061-18004453_D_Athila	ragtagSALE-A-17_ColChr1to5_Chr1to5	Chr3	17996061	18004453	GAG:ATHILA2;RT:ATHILA4c;RH:ATHILA4c	GAG->ATHILA2,ATHILA4c	GAG	ATHILA2,ATHILA4c	nt margin>=1.3	0
intra_athila	Nz-1.ragtag_Chr1to5::Atha_Chr3.18011748-18020125_D_Athila	Nz-1.ragtag_Chr1to5	Chr3	18011748	18020125	GAG:ATHILA2;RT:ATHILA4c;RH:ATHILA4c	GAG->ATHILA2,ATHILA4c	GAG	ATHILA2,ATHILA4c	nt margin>=1.3	0
intra_athila	Dra-2.ragtag_Chr1to5::Atha_Chr3.18017909-18026310_D_Athila	Dra-2.ragtag_Chr1to5	Chr3	18017909	18026310	GAG:ATHILA2;RT:ATHILA4c;RH:ATHILA4c	GAG->ATHILA2,ATHILA4c	GAG	ATHILA2,ATHILA4c	nt margin>=1.3	0
intra_athila	ragtag9900_ColChr1to5_Chr1to5::Atha_Chr3.18030148-18038529_D_Athila	ragtag9900_ColChr1to5_Chr1to5	Chr3	18030148	18038529	GAG:ATHILA2;RT:ATHILA4c;RH:ATHILA4c	GAG->ATHILA2,ATHILA4c	GAG	ATHILA2,ATHILA4c	nt margin>=1.3	0
intra_athila	ragtagMet-6_ColChr1to5_Chr1to5::Atha_Chr3.18038631-18046967_D_Athila	ragtagMet-6_ColChr1to5_Chr1to5	Chr3	18038631	18046967	GAG:ATHILA2;RT:ATHILA4c;RH:ATHILA4c	GAG->ATHILA2,ATHILA4c	GAG	ATHILA2,ATHILA4c	nt margin>=1.3	0
intra_athila	Bor-1.ragtag_Chr1to5::Atha_Chr3.18061664-18070065_D_Athila	Bor-1.ragtag_Chr1to5	Chr3	18061664	18070065	GAG:ATHILA2;RT:ATHILA4c;RH:ATHILA4c	GAG->ATHILA2,ATHILA4c	GAG	ATHILA2,ATHILA4c	nt margin>=1.3	0
intra_athila	ANGE-B-10.ragtag_Chr1to5::Atha_Chr3.18061875-18070227_D_Athila	ANGE-B-10.ragtag_Chr1to5	Chr3	18061875	18070227	GAG:ATHILA2;RT:ATHILA4c;RH:ATHILA4c	GAG->ATHILA2,ATHILA4c	GAG	ATHILA2,ATHILA4c	nt margin>=1.3	0
intra_athila	ragtagBANI-C-12_ColChr1to5_Chr1to5::Atha_Chr3.18071314-18079666_D_Athila	ragtagBANI-C-12_ColChr1to5_Chr1to5	Chr3	18071314	18079666	GAG:ATHILA2;RT:ATHILA4c;RH:ATHILA4c	GAG->ATHILA2,ATHILA4c	GAG	ATHILA2,ATHILA4c	nt margin>=1.3	0
intra_athila	ragtagANGE-B-2_ColChr1to5_Chr1to5::Atha_Chr3.18073402-18081754_D_Athila	ragtagANGE-B-2_ColChr1to5_Chr1to5	Chr3	18073402	18081754	GAG:ATHILA2;RT:ATHILA4c;RH:ATHILA4c	GAG->ATHILA2,ATHILA4c	GAG	ATHILA2,ATHILA4c	nt margin>=1.3	0
intra_athila	ragtagCas-6_ColChr1to5_Chr1to5::Atha_Chr3.18098240-18106602_D_Athila	ragtagCas-6_ColChr1to5_Chr1to5	Chr3	18098240	18106602	GAG:ATHILA2;RT:ATHILA4c;RH:ATHILA4c	GAG->ATHILA2,ATHILA4c	GAG	ATHILA2,ATHILA4c	nt margin>=1.3	0
intra_athila	Elk-1.ragtag_Chr1to5::Atha_Chr3.18098377-18106716_D_Athila	Elk-1.ragtag_Chr1to5	Chr3	18098377	18106716	GAG:ATHILA2;RT:ATHILA4c;RH:ATHILA4c	GAG->ATHILA2,ATHILA4c	GAG	ATHILA2,ATHILA4c	nt margin>=1.3	0
intra_athila	ragtagMERE-A-13_ColChr1to5_Chr1to5::Atha_Chr3.18116398-18124750_D_Athila	ragtagMERE-A-13_ColChr1to5_Chr1to5	Chr3	18116398	18124750	GAG:ATHILA2;RT:ATHILA4c;RH:ATHILA4c	GAG->ATHILA2,ATHILA4c	GAG	ATHILA2,ATHILA4c	nt margin>=1.3	0
intra_athila	Ishikawa.ragtag_Chr1to5::Atha_Chr3.18204499-18212648_D_Athila	Ishikawa.ragtag_Chr1to5	Chr3	18204499	18212648	GAG:ATHILA2;RT:ATHILA4c;RH:ATHILA4c	GAG->ATHILA2,ATHILA4c	GAG	ATHILA2,ATHILA4c	nt margin>=1.3	0
intra_athila	Hiroshima.ragtag_Chr1to5::Atha_Chr3.18213796-18221945_D_Athila	Hiroshima.ragtag_Chr1to5	Chr3	18213796	18221945	GAG:ATHILA2;RT:ATHILA4c;RH:ATHILA4c	GAG->ATHILA2,ATHILA4c	GAG	ATHILA2,ATHILA4c	nt margin>=1.3	0
intra_athila	Sah-0.ragtag_Chr1to5::Atha_Chr3.18304635-18313016_D_Athila	Sah-0.ragtag_Chr1to5	Chr3	18304635	18313016	GAG:ATHILA2;RT:ATHILA4c;RH:ATHILA4c	GAG->ATHILA2,ATHILA4c	GAG	ATHILA2,ATHILA4c	nt margin>=1.3	0
intra_athila	Abd-0.ragtag_Chr1to5::Atha_Chr3.18366754-18375587_D_Athila	Abd-0.ragtag_Chr1to5	Chr3	18366754	18375587	GAG:ATHILA2;RT:ATHILA4c;RH:ATHILA4c	GAG->ATHILA2,ATHILA4c	GAG	ATHILA2,ATHILA4c	nt margin>=1.3	0
intra_athila	ragtagERR8705874_ColChr1to5_Chr1to5::Atha_Chr3.18428854-18437687_D_Athila	ragtagERR8705874_ColChr1to5_Chr1to5	Chr3	18428854	18437687	GAG:ATHILA2;RT:ATHILA4c;RH:ATHILA4c	GAG->ATHILA2,ATHILA4c	GAG	ATHILA2,ATHILA4c	nt margin>=1.3	0
intra_athila	LL-0.ragtag_Chr1to5::Atha_Chr3.18466328-18474709_D_Athila	LL-0.ragtag_Chr1to5	Chr3	18466328	18474709	GAG:ATHILA2;RT:ATHILA4c;RH:ATHILA4c	GAG->ATHILA2,ATHILA4c	GAG	ATHILA2,ATHILA4c	nt margin>=1.3	0
intra_athila	Qar-8a.ragtag_Chr1to5::Atha_Chr3.18535407-18543742_D_Athila	Qar-8a.ragtag_Chr1to5	Chr3	18535407	18543742	GAG:ATHILA2;RT:ATHILA4c;RH:ATHILA4c	GAG->ATHILA2,ATHILA4c	GAG	ATHILA2,ATHILA4c	nt margin>=1.3	0
intra_athila	Yilong-0.ragtag_Chr1to5::Atha_Chr3.18556230-18564379_D_Athila	Yilong-0.ragtag_Chr1to5	Chr3	18556230	18564379	GAG:ATHILA2;RT:ATHILA4c;RH:ATHILA4c	GAG->ATHILA2,ATHILA4c	GAG	ATHILA2,ATHILA4c	nt margin>=1.3	0
intra_athila	Co-4.ragtag_Chr1to5::Atha_Chr3.18576738-18585141_P_Athila	Co-4.ragtag_Chr1to5	Chr3	18576738	18585141	GAG:ATHILA2;RT:ATHILA4c;RH:ATHILA4c	GAG->ATHILA2,ATHILA4c	GAG	ATHILA2,ATHILA4c	nt margin>=1.3	0
intra_athila	Tul-0.ragtag_Chr1to5::Atha_Chr3.18593259-18601041_D_Athila	Tul-0.ragtag_Chr1to5	Chr3	18593259	18601041	GAG:ATHILA2;RT:ATHILA4c;RH:ATHILA4c	GAG->ATHILA2,ATHILA4c	GAG	ATHILA2,ATHILA4c	nt margin>=1.3	0
intra_athila	ragtagHum-2_ColChr1to5_Chr1to5::Atha_Chr3.18665765-18674116_D_Athila	ragtagHum-2_ColChr1to5_Chr1to5	Chr3	18665765	18674116	GAG:ATHILA2;RT:ATHILA4c;RH:ATHILA4c	GAG->ATHILA2,ATHILA4c	GAG	ATHILA2,ATHILA4c	nt margin>=1.3	0
intra_athila	RRS10.ragtag_Chr1to5::Atha_Chr3.18725297-18733079_D_Athila	RRS10.ragtag_Chr1to5	Chr3	18725297	18733079	GAG:ATHILA2;RT:ATHILA4c;RH:ATHILA4c	GAG->ATHILA2,ATHILA4c	GAG	ATHILA2,ATHILA4c	nt margin>=1.3	0
intra_athila	Ket-10.ragtag_Chr1to5::Atha_Chr3.18848402-18856801_D_Athila	Ket-10.ragtag_Chr1to5	Chr3	18848402	18856801	GAG:ATHILA2;RT:ATHILA4c;RH:ATHILA4c	GAG->ATHILA2,ATHILA4c	GAG	ATHILA2,ATHILA4c	nt margin>=1.3	0
intra_athila	100621.Chr_scaffolds::Atha_Chr3.18892645-18900997_D_Athila	100621.Chr_scaffolds	Chr3	18892645	18900997	GAG:ATHILA2;RT:ATHILA4c;RH:ATHILA4c	GAG->ATHILA2,ATHILA4c	GAG	ATHILA2,ATHILA4c	nt margin>=1.3	0
intra_athila	ragtagMdc-14_ColChr1to5_Chr1to5::Atha_Chr3.18940581-18948943_D_Athila	ragtagMdc-14_ColChr1to5_Chr1to5	Chr3	18940581	18948943	GAG:ATHILA2;RT:ATHILA4c;RH:ATHILA4c	GAG->ATHILA2,ATHILA4c	GAG	ATHILA2,ATHILA4c	nt margin>=1.3	0
intra_athila	9806.ragtag_Chr1to5::Atha_Chr3.18941716-18950068_P_Athila	9806.ragtag_Chr1to5	Chr3	18941716	18950068	GAG:ATHILA2;RT:ATHILA4c;RH:ATHILA4c	GAG->ATHILA2,ATHILA4c	GAG	ATHILA2,ATHILA4c	nt margin>=1.3	0
intra_athila	ragtagHom-0_ColChr1to5_Chr1to5::Atha_Chr3.19133772-19142173_D_Athila	ragtagHom-0_ColChr1to5_Chr1to5	Chr3	19133772	19142173	GAG:ATHILA2;RT:ATHILA4c;RH:ATHILA4c	GAG->ATHILA2,ATHILA4c	GAG	ATHILA2,ATHILA4c	nt margin>=1.3	0
intra_athila	ragtagCas-0_ColChr1to5_Chr1to5::Atha_Chr3.19208025-19216386_D_Athila	ragtagCas-0_ColChr1to5_Chr1to5	Chr3	19208025	19216386	GAG:ATHILA2;RT:ATHILA4c;RH:ATHILA4c	GAG->ATHILA2,ATHILA4c	GAG	ATHILA2,ATHILA4c	nt margin>=1.3	0
intra_athila	Tanz_merc.ragtag_Chr1to5::Atha_Chr3.19545659-19554060_D_Athila	Tanz_merc.ragtag_Chr1to5	Chr3	19545659	19554060	GAG:ATHILA2;RT:ATHILA4c;RH:ATHILA4c	GAG->ATHILA2,ATHILA4c	GAG	ATHILA2,ATHILA4c	nt margin>=1.3	0
intra_athila	Tanz_wlod.ragtag_Chr1to5::Atha_Chr3.19760968-19769369_D_Athila	Tanz_wlod.ragtag_Chr1to5	Chr3	19760968	19769369	GAG:ATHILA2;RT:ATHILA4c;RH:ATHILA4c	GAG->ATHILA2,ATHILA4c	GAG	ATHILA2,ATHILA4c	nt margin>=1.3	0
intra_athila	ragtagBELC-C-10_ColChr1to5_Chr1to5::Atha_Chr4.10008788-10016736_D_Athila	ragtagBELC-C-10_ColChr1to5_Chr1to5	Chr4	10008788	10016736	GAG:ATHILA2;INT:ATHILA6b	GAG->ATHILA2,ATHILA6b	GAG	ATHILA2,ATHILA6b	nt margin>=1.3	0
intra_athila	BELC-C-12.ragtag_Chr1to5::Atha_Chr4.10015446-10023394_D_Athila	BELC-C-12.ragtag_Chr1to5	Chr4	10015446	10023394	GAG:ATHILA2;INT:ATHILA6b	GAG->ATHILA2,ATHILA6b	GAG	ATHILA2,ATHILA6b	nt margin>=1.3	0
intra_athila	ragtagCvi-0_ColChr1to5_Chr1to5::Atha_Chr4.10121096-10129089_D_Athila	ragtagCvi-0_ColChr1to5_Chr1to5	Chr4	10121096	10129089	GAG:ATHILA2;INT:ATHILA6b	INT->ATHILA2,ATHILA6b	INT	ATHILA2,ATHILA6b	nt margin>=1.3	0
intra_athila	Sf-2.ragtag_Chr1to5::Atha_Chr4.10508670-10516618_D_Athila	Sf-2.ragtag_Chr1to5	Chr4	10508670	10516618	GAG:ATHILA2;INT:ATHILA6b	GAG->ATHILA2,ATHILA6b	GAG	ATHILA2,ATHILA6b	nt margin>=1.3	0
intra_athila	ragtagHum-2_ColChr1to5_Chr1to5::Atha_Chr4.10791131-10799047_D_Athila	ragtagHum-2_ColChr1to5_Chr1to5	Chr4	10791131	10799047	GAG:ATHILA2;INT:ATHILA6b	GAG->ATHILA2,ATHILA6b	GAG	ATHILA2,ATHILA6b	nt margin>=1.3	0
intra_athila	Kz-9.ragtag_Chr1to5::Atha_Chr4.6984970-6992962_D_Athila	Kz-9.ragtag_Chr1to5	Chr4	6984970	6992962	GAG:ATHILA2;INT:ATHILA6b	GAG->ATHILA2,ATHILA6b	GAG	ATHILA2,ATHILA6b	nt margin>=1.3	0
intra_athila	ragtagBARA-C-3_ColChr1to5_Chr1to5::Atha_Chr4.7148914-7156908_D_Athila	ragtagBARA-C-3_ColChr1to5_Chr1to5	Chr4	7148914	7156908	GAG:ATHILA2;INT:ATHILA6b	GAG->ATHILA2,ATHILA6b	GAG	ATHILA2,ATHILA6b	nt margin>=1.3	0
intra_athila	ragtagBROU-A-10_ColChr1to5_Chr1to5::Atha_Chr4.7208396-7216390_P_Athila	ragtagBROU-A-10_ColChr1to5_Chr1to5	Chr4	7208396	7216390	GAG:ATHILA2;INT:ATHILA6b	GAG->ATHILA2,ATHILA6b	GAG	ATHILA2,ATHILA6b	nt margin>=1.3	0
intra_athila	ragtagLACR-C-14_ColChr1to5_Chr1to5::Atha_Chr4.7307265-7315259_D_Athila	ragtagLACR-C-14_ColChr1to5_Chr1to5	Chr4	7307265	7315259	GAG:ATHILA2;INT:ATHILA6b	INT->ATHILA2,ATHILA6b	INT	ATHILA2,ATHILA6b	nt margin>=1.3	0
intra_athila	ragtagAUZE-A-5_ColChr1to5_Chr1to5::Atha_Chr4.7533131-7541124_D_Athila	ragtagAUZE-A-5_ColChr1to5_Chr1to5	Chr4	7533131	7541124	GAG:ATHILA2;INT:ATHILA6b	GAG->ATHILA2,ATHILA6b	GAG	ATHILA2,ATHILA6b	nt margin>=1.3	0
intra_athila	ragtagPREI-A-14_ColChr1to5_Chr1to5::Atha_Chr4.8136862-8144856_D_Athila	ragtagPREI-A-14_ColChr1to5_Chr1to5	Chr4	8136862	8144856	GAG:ATHILA2;INT:ATHILA6b	INT->ATHILA2,ATHILA6b	INT	ATHILA2,ATHILA6b	nt margin>=1.3	0
intra_athila	ragtagMr-0_ColChr1to5ragtag_Chr1to5::Atha_Chr4.8143267-8151297_D_Athila	ragtagMr-0_ColChr1to5ragtag_Chr1to5	Chr4	8143267	8151297	GAG:ATHILA2;INT:ATHILA6b	INT->ATHILA2,ATHILA6b	INT	ATHILA2,ATHILA6b	nt margin>=1.3	0
intra_athila	LL-0.ragtag_Chr1to5::Atha_Chr4.8173043-8181009_P_Athila	LL-0.ragtag_Chr1to5	Chr4	8173043	8181009	GAG:ATHILA2;INT:ATHILA6b	GAG->ATHILA2,ATHILA6b	GAG	ATHILA2,ATHILA6b	nt margin>=1.3	0
intra_athila	Mammo-1.ragtag_Chr1to5::Atha_Chr4.8197597-8205591_P_Athila	Mammo-1.ragtag_Chr1to5	Chr4	8197597	8205591	GAG:ATHILA2;INT:ATHILA6b	INT->ATHILA2,ATHILA6b	INT	ATHILA2,ATHILA6b	nt margin>=1.3	0
intra_athila	Kar-1.ragtag_Chr1to5::Atha_Chr4.8218560-8226552_D_Athila	Kar-1.ragtag_Chr1to5	Chr4	8218560	8226552	GAG:ATHILA2;INT:ATHILA6b	INT->ATHILA2,ATHILA6b	INT	ATHILA2,ATHILA6b	nt margin>=1.3	0
intra_athila	_No-0_ColChr1to5ragtag_Chr1to5::Atha_Chr4.8277871-8285862_D_Athila	_No-0_ColChr1to5ragtag_Chr1to5	Chr4	8277871	8285862	GAG:ATHILA2;INT:ATHILA6b	GAG->ATHILA2,ATHILA6b	GAG	ATHILA2,ATHILA6b	nt margin>=1.3	0
intra_athila	ragtagMr-0_ColChr1to5ragtag_Chr1to5::Atha_Chr4.8292674-8300704_D_Athila	ragtagMr-0_ColChr1to5ragtag_Chr1to5	Chr4	8292674	8300704	GAG:ATHILA2;INT:ATHILA6b	INT->ATHILA2,ATHILA6b	INT	ATHILA2,ATHILA6b	nt margin>=1.3	0
intra_athila	ragtagCas-0_ColChr1to5_Chr1to5::Atha_Chr4.8347855-8355849_P_Athila	ragtagCas-0_ColChr1to5_Chr1to5	Chr4	8347855	8355849	GAG:ATHILA2;INT:ATHILA6b	INT->ATHILA2,ATHILA6b	INT	ATHILA2,ATHILA6b	nt margin>=1.3	0
intra_athila	ragtagBANI-C-12_ColChr1to5_Chr1to5::Atha_Chr4.8509799-8517793_P_Athila	ragtagBANI-C-12_ColChr1to5_Chr1to5	Chr4	8509799	8517793	GAG:ATHILA2;INT:ATHILA6b	GAG->ATHILA2,ATHILA6b	GAG	ATHILA2,ATHILA6b	nt margin>=1.3	0
intra_athila	_Dog-4_ColChr1to5ragtag_Chr1to5::Atha_Chr4.8613500-8621434_D_Athila	_Dog-4_ColChr1to5ragtag_Chr1to5	Chr4	8613500	8621434	GAG:ATHILA2;INT:ATHILA6b	GAG->ATHILA2,ATHILA6b	GAG	ATHILA2,ATHILA6b	nt margin>=1.3	0
intra_athila	Got-22.ragtag_Chr1to5::Atha_Chr4.8736316-8744202_D_Athila	Got-22.ragtag_Chr1to5	Chr4	8736316	8744202	GAG:ATHILA2;INT:ATHILA6b	GAG->ATHILA2,ATHILA6b	GAG	ATHILA2,ATHILA6b	nt margin>=1.3	0
intra_athila	ragtagMed-0_ColChr1to5_Chr1to5::Atha_Chr4.8864452-8872371_D_Athila	ragtagMed-0_ColChr1to5_Chr1to5	Chr4	8864452	8872371	GAG:ATHILA2;INT:ATHILA6b	INT->ATHILA2,ATHILA6b	INT	ATHILA2,ATHILA6b	nt margin>=1.3	0
intra_athila	_6184_Chr1to5::Atha_Chr4.8940665-8948659_D_Athila	_6184_Chr1to5	Chr4	8940665	8948659	GAG:ATHILA2;INT:ATHILA6b	INT->ATHILA2,ATHILA6b	INT	ATHILA2,ATHILA6b	nt margin>=1.3	0
intra_athila	100623.Chr_scaffolds::Atha_Chr4.8951130-8959121_D_Athila	100623.Chr_scaffolds	Chr4	8951130	8959121	GAG:ATHILA2;INT:ATHILA6b	INT->ATHILA2,ATHILA6b	INT	ATHILA2,ATHILA6b	nt margin>=1.3	0
intra_athila	Meh-0.ragtag_Chr1to5::Atha_Chr4.9131654-9139648_P_Athila	Meh-0.ragtag_Chr1to5	Chr4	9131654	9139648	GAG:ATHILA2;INT:ATHILA6b	GAG->ATHILA2,ATHILA6b	GAG	ATHILA2,ATHILA6b	nt margin>=1.3	0
intra_athila	ragtagAlo-19_ColChr1to5_Chr1to5::Atha_Chr4.9157877-9165919_D_Athila	ragtagAlo-19_ColChr1to5_Chr1to5	Chr4	9157877	9165919	GAG:ATHILA2;INT:ATHILA6b	GAG->ATHILA2,ATHILA6b	GAG	ATHILA2,ATHILA6b	nt margin>=1.3	0
intra_athila	ragtagMdc-14_ColChr1to5_Chr1to5::Atha_Chr4.9212033-9220021_D_Athila	ragtagMdc-14_ColChr1to5_Chr1to5	Chr4	9212033	9220021	GAG:ATHILA2;INT:ATHILA6b	INT->ATHILA2,ATHILA6b	INT	ATHILA2,ATHILA6b	nt margin>=1.3	0
intra_athila	Pu2-23_ragtagChr1to5::Atha_Chr4.9247597-9255590_D_Athila	Pu2-23_ragtagChr1to5	Chr4	9247597	9255590	GAG:ATHILA2;INT:ATHILA6b	GAG->ATHILA2,ATHILA6b	GAG	ATHILA2,ATHILA6b	nt margin>=1.3	0
intra_athila	ragtagBARC-A-12_ColChr1to5_Chr1to5::Atha_Chr4.9347366-9355357_D_Athila	ragtagBARC-A-12_ColChr1to5_Chr1to5	Chr4	9347366	9355357	GAG:ATHILA2;INT:ATHILA6b	GAG->ATHILA2,ATHILA6b	GAG	ATHILA2,ATHILA6b	nt margin>=1.3	0
intra_athila	ragtagBARC-A-17_ColChr1to5_Chr1to5::Atha_Chr4.9380767-9388758_D_Athila	ragtagBARC-A-17_ColChr1to5_Chr1to5	Chr4	9380767	9388758	GAG:ATHILA2;INT:ATHILA6b	INT->ATHILA2,ATHILA6b	INT	ATHILA2,ATHILA6b	nt margin>=1.3	0
intra_athila	_6024_Chr1to5::Atha_Chr4.9583005-9590999_D_Athila	_6024_Chr1to5	Chr4	9583005	9590999	GAG:ATHILA2;INT:ATHILA6b	GAG->ATHILA2,ATHILA6b	GAG	ATHILA2,ATHILA6b	nt margin>=1.3	0
intra_athila	ragtagMos-9_ColChr1to5_Chr1to5::Atha_Chr4.9781497-9788714_D_Athila	ragtagMos-9_ColChr1to5_Chr1to5	Chr4	9781497	9788714	GAG:ATHILA2;INT:ATHILA6b	GAG->ATHILA2,ATHILA6b	GAG	ATHILA2,ATHILA6b	nt margin>=1.3	0
intra_athila	Got-22.ragtag_Chr1to5::Atha_Chr5.11832510-11842073_P_Athila	Got-22.ragtag_Chr1to5	Chr5	11832510	11842073	GAG:ATHILA1;INT:ATHILA6b	INT->ATHILA1,ATHILA6b	INT	ATHILA1,ATHILA6b	nt margin>=1.3	0
intra_athila	Sus-1.ragtag_Chr1to5::Atha_Chr5.12190663-12201025_P_Athila	Sus-1.ragtag_Chr1to5	Chr5	12190663	12201025	GAG:ATHILA1;INT:ATHILA6b	INT->ATHILA1,ATHILA6b	INT	ATHILA1,ATHILA6b	nt margin>=1.3	0
intra_athila	ragtagBANI-C-12_ColChr1to5_Chr1to5::Atha_Chr5.12231143-12241533_P_Athila	ragtagBANI-C-12_ColChr1to5_Chr1to5	Chr5	12231143	12241533	GAG:ATHILA1;INT:ATHILA6b	GAG->ATHILA1,ATHILA6b	GAG	ATHILA1,ATHILA6b	nt margin>=1.3	0
intra_athila	LI-OF-095.ragtag_Chr1to5::Atha_Chr5.12373227-12382790_P_Athila	LI-OF-095.ragtag_Chr1to5	Chr5	12373227	12382790	GAG:ATHILA1;INT:ATHILA6b	INT->ATHILA1,ATHILA6b	INT	ATHILA1,ATHILA6b	nt margin>=1.3	0
intra_athila	Hs-0.ragtag_Chr1to5::Atha_Chr5.12559129-12568692_P_Athila	Hs-0.ragtag_Chr1to5	Chr5	12559129	12568692	GAG:ATHILA1;INT:ATHILA6b	INT->ATHILA1,ATHILA6b	INT	ATHILA1,ATHILA6b	nt margin>=1.3	0
intra_athila	_Altai-5_ColChr1to5ragtag_Chr1to5::Atha_Chr5.12649958-12660335_P_Athila	_Altai-5_ColChr1to5ragtag_Chr1to5	Chr5	12649958	12660335	GAG:ATHILA1;INT:ATHILA6b	INT->ATHILA1,ATHILA6b	INT	ATHILA1,ATHILA6b	nt margin>=1.3	0
intra_athila	Meh-0.ragtag_Chr1to5::Atha_Chr5.12729901-12739046_P_Athila	Meh-0.ragtag_Chr1to5	Chr5	12729901	12739046	GAG:ATHILA1;INT:ATHILA6b	INT->ATHILA1,ATHILA6b	INT	ATHILA1,ATHILA6b	nt margin>=1.3	0
intra_athila	Taz-0.ragtag_Chr1to5::Atha_Chr5.12920487-12929317_P_Athila	Taz-0.ragtag_Chr1to5	Chr5	12920487	12929317	GAG:ATHILA1;INT:ATHILA6b	GAG->ATHILA1,ATHILA6b	GAG	ATHILA1,ATHILA6b	nt margin>=1.3	0
intra_athila	Sorbo.ragtag_Chr1to5::Atha_Chr5.12999141-13009518_P_Athila	Sorbo.ragtag_Chr1to5	Chr5	12999141	13009518	GAG:ATHILA1;INT:ATHILA6b	INT->ATHILA1,ATHILA6b	INT	ATHILA1,ATHILA6b	nt margin>=1.3	0
intra_athila	_6184_Chr1to5::Atha_Chr5.13133224-13142787_P_Athila	_6184_Chr1to5	Chr5	13133224	13142787	GAG:ATHILA1;INT:ATHILA6b	INT->ATHILA1,ATHILA6b	INT	ATHILA1,ATHILA6b	nt margin>=1.3	0
intra_athila	Kondara.ragtag_Chr1to5::Atha_Chr5.13427325-13437702_P_Athila	Kondara.ragtag_Chr1to5	Chr5	13427325	13437702	GAG:ATHILA1;INT:ATHILA6b	INT->ATHILA1,ATHILA6b	INT	ATHILA1,ATHILA6b	nt margin>=1.3	0
intra_athila	Kar-1.ragtag_Chr1to5::Atha_Chr5.13433921-13444298_P_Athila	Kar-1.ragtag_Chr1to5	Chr5	13433921	13444298	GAG:ATHILA1;INT:ATHILA6b	INT->ATHILA1,ATHILA6b	INT	ATHILA1,ATHILA6b	nt margin>=1.3	0
intra_athila	Kyr-1.ragtag_Chr1to5::Atha_Chr5.13711584-13721961_P_Athila	Kyr-1.ragtag_Chr1to5	Chr5	13711584	13721961	GAG:ATHILA1;INT:ATHILA6b	INT->ATHILA1,ATHILA6b	INT	ATHILA1,ATHILA6b	nt margin>=1.3	0
intra_athila	Toufl-1.ragtag_Chr1to5::Atha_Chr5.18239639-18251923_P_Athila	Toufl-1.ragtag_Chr1to5	Chr5	18239639	18251923	GAG:ATHILA7a;RT:ATHILA7;RH:ATHILA7;INT:ATHILA7	GAG->ATHILA7,ATHILA7a	GAG	ATHILA7,ATHILA7a	nt margin>=1.3	1
intra_athila	Elh-2.ragtag_Chr1to5::Atha_Chr5.21021400-21033685_P_Athila	Elh-2.ragtag_Chr1to5	Chr5	21021400	21033685	GAG:ATHILA7a;RT:ATHILA7;RH:ATHILA7;INT:ATHILA7	GAG->ATHILA7,ATHILA7a	GAG	ATHILA7,ATHILA7a	nt margin>=1.3	1
